{"resourceType":"ValueSet","id":"claim-service-codes","text":{"status":"generated","div":"<div xmlns=\"http://www.w3.org/1999/xhtml\"><p>This value set contains 41 concepts</p><p>All codes in this table are from the system <code>http://hcp.org/codes/service-codes</code></p><table class=\"codes\"><tr><td><b>Level</b></td><td style=\"white-space:nowrap\"><b>Code</b></td><td><b>Display</b></td></tr><tr><td><a name=\"http---hcp.org-codes-service-codes-500000\"> </a>1</td><td style=\"white-space:nowrap\">  500000</td><td>Professional fees charges</td></tr><tr><td><a name=\"http---hcp.org-codes-service-codes-500000\"> </a>1</td><td style=\"white-space:nowrap\">  500000</td><td>Professional fees charges</td></tr><tr><td><a name=\"http---hcp.org-codes-service-codes-501000\"> </a>2</td><td style=\"white-space:nowrap\">    501000</td><td>Visit charges</td></tr><tr><td><a name=\"http---hcp.org-codes-service-codes-500000\"> </a>1</td><td style=\"white-space:nowrap\">  500000</td><td>Professional fees charges</td></tr><tr><td><a name=\"http---hcp.org-codes-service-codes-501000\"> </a>2</td><td style=\"white-space:nowrap\">    501000</td><td>Visit charges</td></tr><tr><td><a name=\"http---hcp.org-codes-service-codes-501001\"> </a>3</td><td style=\"white-space:nowrap\">      501001</td><td>Consultation charges</td></tr><tr><td><a name=\"http---hcp.org-codes-service-codes-500000\"> </a>1</td><td style=\"white-space:nowrap\">  500000</td><td>Professional fees charges</td></tr><tr><td><a name=\"http---hcp.org-codes-service-codes-501000\"> </a>2</td><td style=\"white-space:nowrap\">    501000</td><td>Visit charges</td></tr><tr><td><a name=\"http---hcp.org-codes-service-codes-501002\"> </a>3</td><td style=\"white-space:nowrap\">      501002</td><td>Medical Supervision Charges</td></tr><tr><td><a name=\"http---hcp.org-codes-service-codes-500000\"> </a>1</td><td style=\"white-space:nowrap\">  500000</td><td>Professional fees charges</td></tr><tr><td><a name=\"http---hcp.org-codes-service-codes-501000\"> </a>2</td><td style=\"white-space:nowrap\">    501000</td><td>Visit charges</td></tr><tr><td><a name=\"http---hcp.org-codes-service-codes-501003\"> </a>3</td><td style=\"white-space:nowrap\">      501003</td><td>Professional fees</td></tr><tr><td><a name=\"http---hcp.org-codes-service-codes-500000\"> </a>1</td><td style=\"white-space:nowrap\">  500000</td><td>Professional fees charges</td></tr><tr><td><a name=\"http---hcp.org-codes-service-codes-502000\"> </a>2</td><td style=\"white-space:nowrap\">    502000</td><td>Surgery charges</td></tr><tr><td><a name=\"http---hcp.org-codes-service-codes-500000\"> </a>1</td><td style=\"white-space:nowrap\">  500000</td><td>Professional fees charges</td></tr><tr><td><a name=\"http---hcp.org-codes-service-codes-502000\"> </a>2</td><td style=\"white-space:nowrap\">    502000</td><td>Surgery charges</td></tr><tr><td><a name=\"http---hcp.org-codes-service-codes-502001\"> </a>3</td><td style=\"white-space:nowrap\">      502001</td><td>Surgeons Charges</td></tr><tr><td><a name=\"http---hcp.org-codes-service-codes-500000\"> </a>1</td><td style=\"white-space:nowrap\">  500000</td><td>Professional fees charges</td></tr><tr><td><a name=\"http---hcp.org-codes-service-codes-502000\"> </a>2</td><td style=\"white-space:nowrap\">    502000</td><td>Surgery charges</td></tr><tr><td><a name=\"http---hcp.org-codes-service-codes-502002\"> </a>3</td><td style=\"white-space:nowrap\">      502002</td><td>Assistant Surgeons Fee</td></tr><tr><td><a name=\"http---hcp.org-codes-service-codes-500000\"> </a>1</td><td style=\"white-space:nowrap\">  500000</td><td>Professional fees charges</td></tr><tr><td><a name=\"http---hcp.org-codes-service-codes-503000\"> </a>2</td><td style=\"white-space:nowrap\">    503000</td><td>Anaesthetists Fee</td></tr><tr><td><a name=\"http---hcp.org-codes-service-codes-500000\"> </a>1</td><td style=\"white-space:nowrap\">  500000</td><td>Professional fees charges</td></tr><tr><td><a name=\"http---hcp.org-codes-service-codes-503000\"> </a>2</td><td style=\"white-space:nowrap\">    503000</td><td>Anaesthetists Fee</td></tr><tr><td><a name=\"http---hcp.org-codes-service-codes-503001\"> </a>3</td><td style=\"white-space:nowrap\">      503001</td><td>Anaesthetists fee</td></tr><tr><td><a name=\"http---hcp.org-codes-service-codes-500000\"> </a>1</td><td style=\"white-space:nowrap\">  500000</td><td>Professional fees charges</td></tr><tr><td><a name=\"http---hcp.org-codes-service-codes-503000\"> </a>2</td><td style=\"white-space:nowrap\">    503000</td><td>Anaesthetists Fee</td></tr><tr><td><a name=\"http---hcp.org-codes-service-codes-503002\"> </a>3</td><td style=\"white-space:nowrap\">      503002</td><td>OT standby charges</td></tr><tr><td><a name=\"http---hcp.org-codes-service-codes-500000\"> </a>1</td><td style=\"white-space:nowrap\">  500000</td><td>Professional fees charges</td></tr><tr><td><a name=\"http---hcp.org-codes-service-codes-504000\"> </a>2</td><td style=\"white-space:nowrap\">    504000</td><td>Intensivist charges</td></tr><tr><td><a name=\"http---hcp.org-codes-service-codes-500000\"> </a>1</td><td style=\"white-space:nowrap\">  500000</td><td>Professional fees charges</td></tr><tr><td><a name=\"http---hcp.org-codes-service-codes-504000\"> </a>2</td><td style=\"white-space:nowrap\">    504000</td><td>Procedure charges</td></tr><tr><td><a name=\"http---hcp.org-codes-service-codes-504001\"> </a>3</td><td style=\"white-space:nowrap\">      504001</td><td>Beside procedures</td></tr><tr><td><a name=\"http---hcp.org-codes-service-codes-500000\"> </a>1</td><td style=\"white-space:nowrap\">  500000</td><td>Professional fees charges</td></tr><tr><td><a name=\"http---hcp.org-codes-service-codes-504000\"> </a>2</td><td style=\"white-space:nowrap\">    504000</td><td>Procedure charges</td></tr><tr><td><a name=\"http---hcp.org-codes-service-codes-504002\"> </a>3</td><td style=\"white-space:nowrap\">      504002</td><td>Suture charges</td></tr><tr><td><a name=\"http---hcp.org-codes-service-codes-500000\"> </a>1</td><td style=\"white-space:nowrap\">  500000</td><td>Professional fees charges</td></tr><tr><td><a name=\"http---hcp.org-codes-service-codes-505000\"> </a>2</td><td style=\"white-space:nowrap\">    505000</td><td>Physiotherapy</td></tr><tr><td><a name=\"http---hcp.org-codes-service-codes-500000\"> </a>1</td><td style=\"white-space:nowrap\">  500000</td><td>Professional fees charges</td></tr><tr><td><a name=\"http---hcp.org-codes-service-codes-505000\"> </a>2</td><td style=\"white-space:nowrap\">    505000</td><td>Technician charges</td></tr><tr><td><a name=\"http---hcp.org-codes-service-codes-505000\"> </a>3</td><td style=\"white-space:nowrap\">      505000</td><td>OT/Cath Lab Technician</td></tr></table></div>"},"url":"https://swasth-digital-health-foundation.github.io/standards/v0.7/ValueSet-claim-service-codes.html","version":"0.7.0","name":"ClaimServiceCodes","status":"active","date":"2021-08-15","publisher":"HCX Open Community","contact":[{"name":"HCX Open Community","telecom":[{"system":"url","value":"http://hcxprotocol.io/"}]}],"description":"This is the value set that includes the codes to identify the general type of benefits under which products and services are provided","expansion":{"timestamp":"2021-08-15T08:15:30+05:30","contains":[{"system":"http://hcp.org/codes/service-codes","code":"500000","display":"Professional fees charges"},{"system":"http://hcp.org/codes/service-codes","code":"500000","display":"Professional fees charges","contains":[{"system":"http://hcp.org/codes/service-codes","code":"501000","display":"Visit charges"}]},{"system":"http://hcp.org/codes/service-codes","code":"500000","display":"Professional fees charges","contains":[{"system":"http://hcp.org/codes/service-codes","code":"501000","display":"Visit charges","contains":[{"system":"http://hcp.org/codes/service-codes","code":"501001","display":"Consultation charges"}]}]},{"system":"http://hcp.org/codes/service-codes","code":"500000","display":"Professional fees charges","contains":[{"system":"http://hcp.org/codes/service-codes","code":"501000","display":"Visit charges","contains":[{"system":"http://hcp.org/codes/service-codes","code":"501002","display":"Medical Supervision Charges"}]}]},{"system":"http://hcp.org/codes/service-codes","code":"500000","display":"Professional fees charges","contains":[{"system":"http://hcp.org/codes/service-codes","code":"501000","display":"Visit charges","contains":[{"system":"http://hcp.org/codes/service-codes","code":"501003","display":"Professional fees"}]}]},{"system":"http://hcp.org/codes/service-codes","code":"500000","display":"Professional fees charges","contains":[{"system":"http://hcp.org/codes/service-codes","code":"502000","display":"Surgery charges"}]},{"system":"http://hcp.org/codes/service-codes","code":"500000","display":"Professional fees charges","contains":[{"system":"http://hcp.org/codes/service-codes","code":"502000","display":"Surgery charges","contains":[{"system":"http://hcp.org/codes/service-codes","code":"502001","display":"Surgeons Charges"}]}]},{"system":"http://hcp.org/codes/service-codes","code":"500000","display":"Professional fees charges","contains":[{"system":"http://hcp.org/codes/service-codes","code":"502000","display":"Surgery charges","contains":[{"system":"http://hcp.org/codes/service-codes","code":"502002","display":"Assistant Surgeons Fee"}]}]},{"system":"http://hcp.org/codes/service-codes","code":"500000","display":"Professional fees charges","contains":[{"system":"http://hcp.org/codes/service-codes","code":"503000","display":"Anaesthetists Fee"}]},{"system":"http://hcp.org/codes/service-codes","code":"500000","display":"Professional fees charges","contains":[{"system":"http://hcp.org/codes/service-codes","code":"503000","display":"Anaesthetists Fee","contains":[{"system":"http://hcp.org/codes/service-codes","code":"503001","display":"Anaesthetists fee"}]}]},{"system":"http://hcp.org/codes/service-codes","code":"500000","display":"Professional fees charges","contains":[{"system":"http://hcp.org/codes/service-codes","code":"503000","display":"Anaesthetists Fee","contains":[{"system":"http://hcp.org/codes/service-codes","code":"503002","display":"OT standby charges"}]}]},{"system":"http://hcp.org/codes/service-codes","code":"500000","display":"Professional fees charges","contains":[{"system":"http://hcp.org/codes/service-codes","code":"504000","display":"Intensivist charges"}]},{"system":"http://hcp.org/codes/service-codes","code":"500000","display":"Professional fees charges","contains":[{"system":"http://hcp.org/codes/service-codes","code":"504000","display":"Procedure charges","contains":[{"system":"http://hcp.org/codes/service-codes","code":"504001","display":"Beside procedures"}]}]},{"system":"http://hcp.org/codes/service-codes","code":"500000","display":"Professional fees charges","contains":[{"system":"http://hcp.org/codes/service-codes","code":"504000","display":"Procedure charges","contains":[{"system":"http://hcp.org/codes/service-codes","code":"504002","display":"Suture charges"}]}]},{"system":"http://hcp.org/codes/service-codes","code":"500000","display":"Professional fees charges","contains":[{"system":"http://hcp.org/codes/service-codes","code":"505000","display":"Physiotherapy"}]},{"system":"http://hcp.org/codes/service-codes","code":"500000","display":"Professional fees charges","contains":[{"system":"http://hcp.org/codes/service-codes","code":"505000","display":"Technician charges","contains":[{"system":"http://hcp.org/codes/service-codes","code":"505000","display":"OT/Cath Lab Technician"}]}]}]}}