[
  {
    "id": "HCXInsurancePlan",
    "type": "StructureDefinition",
    "url": "http://hcx-base-url/StructureDefinition/InsurancePlan",
    "version": "0.0.1",
    "name": "HCXInsurancePlan"
  },
  {
    "id": "ClaimRequestDocument",
    "type": "StructureDefinition",
    "url": "http://hl7.org/fhir/StructureDefinition/HCXClaimRequestDocument",
    "version": "0.0.1",
    "name": "ClaimRequestDocument"
  },
  {
    "id": "ClaimResponse",
    "type": "StructureDefinition",
    "url": "http://hl7.org/fhir/StructureDefinition/HCXClaimResponse",
    "version": "0.0.1",
    "name": "ClaimResponse"
  },
  {
    "id": "ClaimResponseDocument",
    "type": "StructureDefinition",
    "url": "http://hl7.org/fhir/StructureDefinition/HCXClaimResponseDocument",
    "version": "0.0.1",
    "name": "ClaimResponseDocument"
  },
  {
    "id": "Communication",
    "type": "StructureDefinition",
    "url": "http://hl7.org/fhir/StructureDefinition/HCXCommunication",
    "version": "0.0.1",
    "name": "Communication"
  },
  {
    "id": "CommunicationRequest",
    "type": "StructureDefinition",
    "url": "http://hl7.org/fhir/StructureDefinition/HCXCommunicationRequest",
    "version": "0.0.1",
    "name": "CommunicationRequest"
  },
  {
    "id": "Condition",
    "type": "StructureDefinition",
    "url": "http://hl7.org/fhir/StructureDefinition/HCXCondition",
    "version": "0.0.1",
    "name": "Condition"
  },
  {
    "id": "Coverage",
    "type": "StructureDefinition",
    "url": "http://hl7.org/fhir/StructureDefinition/HCXCoverage",
    "version": "0.0.1",
    "name": "Coverage"
  },
  {
    "id": "CoverageEligibilityRequest",
    "type": "StructureDefinition",
    "url": "http://hl7.org/fhir/StructureDefinition/HCXCoverageEligibilityRequest",
    "version": "0.0.1",
    "name": "CoverageEligibilityRequest"
  },
  {
    "id": "CoverageEligibilityResponse",
    "type": "StructureDefinition",
    "url": "http://hl7.org/fhir/StructureDefinition/HCXCoverageEligibilityResponse",
    "version": "0.0.1",
    "name": "CoverageEligibilityResponse"
  },
  {
    "id": "CoverageEligibilityRequestDocument",
    "type": "StructureDefinition",
    "url": "http://hl7.org/fhir/StructureDefinition/HCXCovereageEligibilityRequestDocument",
    "version": "0.0.1",
    "name": "CovereageEligibilityRequestDocument"
  },
  {
    "id": "CoverageEligibilityResponseDocument",
    "type": "StructureDefinition",
    "url": "http://hl7.org/fhir/StructureDefinition/HCXCovereageEligibilityResponseDocument",
    "version": "0.0.1",
    "name": "CovereageEligibilityResponseDocument"
  },
  {
    "id": "Encounter",
    "type": "StructureDefinition",
    "url": "http://hl7.org/fhir/StructureDefinition/HCXEncounter",
    "version": "0.0.1",
    "name": "Encounter"
  },
  {
    "id": "Organization",
    "type": "StructureDefinition",
    "url": "http://hl7.org/fhir/StructureDefinition/HCXOrganization",
    "version": "0.0.1",
    "name": "Organization"
  },
  {
    "id": "organization-extension",
    "type": "StructureDefinition",
    "url": "http://hl7.org/fhir/StructureDefinition/HCXOrganization-extension",
    "version": "0.0.1",
    "name": "HCX Organization Extension"
  },
  {
    "id": "Patient",
    "type": "StructureDefinition",
    "url": "http://hl7.org/fhir/StructureDefinition/HCXPatient",
    "version": "0.0.1",
    "name": "Patient"
  },
  {
    "id": "PaymentNotice",
    "type": "StructureDefinition",
    "url": "http://hl7.org/fhir/StructureDefinition/HCXPaymentNotice",
    "version": "0.0.1",
    "name": "PaymentNotice"
  },
  {
    "id": "PaymentReconciliation",
    "type": "StructureDefinition",
    "url": "http://hl7.org/fhir/StructureDefinition/HCXPaymentReconciliation",
    "version": "0.0.1",
    "name": "PaymentReconciliation"
  },
  {
    "id": "Practitioner",
    "type": "StructureDefinition",
    "url": "http://hl7.org/fhir/StructureDefinition/HCXPractitioner",
    "version": "0.0.1",
    "name": "Practitioner"
  },
  {
    "id": "PractitionerRole",
    "type": "StructureDefinition",
    "url": "http://hl7.org/fhir/StructureDefinition/HCXPractitionerRole",
    "version": "0.0.1",
    "name": "PractitionerRole"
  },
  {
    "id": "PreAuthorizationRequest",
    "type": "StructureDefinition",
    "url": "http://hl7.org/fhir/StructureDefinition/HCXPreAuthorizationRequest",
    "version": "0.0.1",
    "name": "PreAuthorizationRequest"
  },
  {
    "id": "PreAuthorizationResponse",
    "type": "StructureDefinition",
    "url": "http://hl7.org/fhir/StructureDefinition/HCXPreAuthorizationResponse",
    "version": "0.0.1",
    "name": "PreAuthorizationResponse"
  },
  {
    "id": "Task",
    "type": "StructureDefinition",
    "url": "http://hl7.org/fhir/StructureDefinition/HCXTask",
    "version": "0.0.1",
    "name": "Task"
  },
  {
    "id": "hcp-signature",
    "type": "StructureDefinition",
    "url": "http://hl7.org/fhir/StructureDefinition/questionnaireresponse-signature",
    "version": "0.0.1",
    "name": "HcpSignature"
  },
  {
    "id": "hl7.fhir.in.core",
    "type": "ImplementationGuide",
    "url": "https://fhir-ig-demo/ImplementationGuide/ig",
    "version": "0.0.1",
    "name": "HCX Core"
  },
  {
    "id": "claim-denial-codes",
    "type": "ValueSet",
    "url": "https://fhir-ig-demo/ValueSet/claim-denial-codes",
    "version": "0.0.1",
    "name": "Claim Denial Codes"
  },
  {
    "id": "claim-service-categories",
    "type": "ValueSet",
    "url": "https://fhir-ig-demo/ValueSet/claim-service-categories",
    "version": "0.0.1",
    "name": "Claim Service Categories"
  },
  {
    "id": "claim-service-codes",
    "type": "ValueSet",
    "url": "https://fhir-ig-demo/ValueSet/claim-service-codes",
    "version": "0.0.1",
    "name": "Claim Service Codes"
  },
  {
    "id": "health-service-provider-role",
    "type": "ValueSet",
    "url": "https://fhir-ig-demo/ValueSet/health-service-provider-role",
    "version": "0.0.1",
    "name": "Health Service Provider Role"
  },
  {
    "id": "insurance-company-owners",
    "type": "ValueSet",
    "url": "https://fhir-ig-demo/ValueSet/insurance-company-owners",
    "version": "0.0.1",
    "name": "Insurance Company Owners"
  },
  {
    "id": "medical-speciality-type-provider",
    "type": "ValueSet",
    "url": "https://fhir-ig-demo/ValueSet/medical-speciality-type-provider",
    "version": "0.0.1",
    "name": "Medical Speciality Type Provider"
  },
  {
    "id": "procedure-type-description",
    "type": "ValueSet",
    "url": "https://fhir-ig-demo/ValueSet/procedure-type-description",
    "version": "0.0.1",
    "name": "Procedure Type Description"
  },
  {
    "id": "HCXDiagnosticDocumentsExtension",
    "type": "StructureDefinition",
    "url": "https://hcx-base-url/StructureDefinition/HCXDiagnosticDocumentsExtension",
    "version": "0.0.1",
    "name": "HCXDiagnosticDocumentsExtension"
  },
  {
    "id": "HCXInformationalMessagesExtension",
    "type": "StructureDefinition",
    "url": "https://hcx-base-url/StructureDefinition/HCXInformationalMessagesExtension",
    "version": "0.0.1",
    "name": "HCXInformationalMessagesExtension"
  },
  {
    "id": "HCXProofOfIdentificationExtension",
    "type": "StructureDefinition",
    "url": "https://hcx-base-url/StructureDefinition/HCXProofOfIdentificationExtension",
    "version": "0.0.1",
    "name": "HCXProofOfIdentificationExtension"
  },
  {
    "id": "HCXProofOfPresenceExtension",
    "type": "StructureDefinition",
    "url": "https://hcx-base-url/StructureDefinition/HCXProofOfPresenceExtension",
    "version": "0.0.1",
    "name": "HCXProofOfPresenceExtension"
  },
  {
    "id": "HCXQuestionnairesExtension",
    "type": "StructureDefinition",
    "url": "https://hcx-base-url/StructureDefinition/HCXQuestionnairesExtension",
    "version": "0.0.1",
    "name": "HCXQuestionnairesExtension"
  }
]