{
  "resourceType": "ValueSet",
  "id": "procedure-type-description",
  "text": {
    "status": "generated",
    "div": "<div xmlns=\"http://www.w3.org/1999/xhtml\"><p>This value set contains 32 concepts</p><p>All codes in this table are from the system <code>http://hcp.org/codes/procedure-type-description</code></p><table class=\"codes\"><tr><td style=\"white-space:nowrap\"><b>Code</b></td><td><b>Display</b></td></tr><tr><td style=\"white-space:nowrap\"><a name=\"http---hcp.org-codes-procedure-type-description-1\"> </a>  1</td><td>Administrative procedure (procedure)</td></tr><tr><td style=\"white-space:nowrap\"><a name=\"http---hcp.org-codes-procedure-type-description-2\"> </a>  2</td><td>Blood bank procedure (procedure)</td></tr><tr><td style=\"white-space:nowrap\"><a name=\"http---hcp.org-codes-procedure-type-description-3\"> </a>  3</td><td>Community health procedure (procedure)</td></tr><tr><td style=\"white-space:nowrap\"><a name=\"http---hcp.org-codes-procedure-type-description-4\"> </a>  4</td><td>Determination of information related to transfusion (procedure)</td></tr><tr><td style=\"white-space:nowrap\"><a name=\"http---hcp.org-codes-procedure-type-description-5\"> </a>  5</td><td>Environmental care procedure (procedure)</td></tr><tr><td style=\"white-space:nowrap\"><a name=\"http---hcp.org-codes-procedure-type-description-6\"> </a>  6</td><td>General treatment (procedure)</td></tr><tr><td style=\"white-space:nowrap\"><a name=\"http---hcp.org-codes-procedure-type-description-7\"> </a>  7</td><td>Laboratory procedure (procedure)</td></tr><tr><td style=\"white-space:nowrap\"><a name=\"http---hcp.org-codes-procedure-type-description-8\"> </a>  8</td><td>Nuclear medicine procedure (procedure)</td></tr><tr><td style=\"white-space:nowrap\"><a name=\"http---hcp.org-codes-procedure-type-description-9\"> </a>  9</td><td>Obstetric procedure (procedure)</td></tr><tr><td style=\"white-space:nowrap\"><a name=\"http---hcp.org-codes-procedure-type-description-10\"> </a>  10</td><td>Outpatient procedure (procedure)</td></tr><tr><td style=\"white-space:nowrap\"><a name=\"http---hcp.org-codes-procedure-type-description-11\"> </a>  11</td><td>Patient encounter procedure (procedure)</td></tr><tr><td style=\"white-space:nowrap\"><a name=\"http---hcp.org-codes-procedure-type-description-12\"> </a>  12</td><td>Postoperative procedure (procedure)</td></tr><tr><td style=\"white-space:nowrap\"><a name=\"http---hcp.org-codes-procedure-type-description-13\"> </a>  13</td><td>Preoperative procedure (procedure)</td></tr><tr><td style=\"white-space:nowrap\"><a name=\"http---hcp.org-codes-procedure-type-description-14\"> </a>  14</td><td>Procedure by intent (procedure)</td></tr><tr><td style=\"white-space:nowrap\"><a name=\"http---hcp.org-codes-procedure-type-description-15\"> </a>  15</td><td>Procedure by method (procedure)</td></tr><tr><td style=\"white-space:nowrap\"><a name=\"http---hcp.org-codes-procedure-type-description-16\"> </a>  16</td><td>Procedure by priority (procedure)</td></tr><tr><td style=\"white-space:nowrap\"><a name=\"http---hcp.org-codes-procedure-type-description-17\"> </a>  17</td><td>Procedure by site (procedure)</td></tr><tr><td style=\"white-space:nowrap\"><a name=\"http---hcp.org-codes-procedure-type-description-18\"> </a>  18</td><td>Procedure categorized by device involved (procedure)</td></tr><tr><td style=\"white-space:nowrap\"><a name=\"http---hcp.org-codes-procedure-type-description-19\"> </a>  19</td><td>Procedure in coronary care unit (procedure)</td></tr><tr><td style=\"white-space:nowrap\"><a name=\"http---hcp.org-codes-procedure-type-description-20\"> </a>  20</td><td>Procedure on ganglion cyst (procedure)</td></tr><tr><td style=\"white-space:nowrap\"><a name=\"http---hcp.org-codes-procedure-type-description-21\"> </a>  21</td><td>Procedure on wound (procedure)</td></tr><tr><td style=\"white-space:nowrap\"><a name=\"http---hcp.org-codes-procedure-type-description-22\"> </a>  22</td><td>Procedure related to anesthesia and sedation (procedure)</td></tr><tr><td style=\"white-space:nowrap\"><a name=\"http---hcp.org-codes-procedure-type-description-23\"> </a>  23</td><td>Procedure related to breastfeeding (procedure)</td></tr><tr><td style=\"white-space:nowrap\"><a name=\"http---hcp.org-codes-procedure-type-description-24\"> </a>  24</td><td>Procedure with a clinical finding focus (procedure)</td></tr><tr><td style=\"white-space:nowrap\"><a name=\"http---hcp.org-codes-procedure-type-description-25\"> </a>  25</td><td>Procedure with a procedure focus (procedure)</td></tr><tr><td style=\"white-space:nowrap\"><a name=\"http---hcp.org-codes-procedure-type-description-26\"> </a>  26</td><td>Procedures relating to eating and drinking (procedure)</td></tr><tr><td style=\"white-space:nowrap\"><a name=\"http---hcp.org-codes-procedure-type-description-27\"> </a>  27</td><td>Procedures relating to mobility (procedure)</td></tr><tr><td style=\"white-space:nowrap\"><a name=\"http---hcp.org-codes-procedure-type-description-28\"> </a>  28</td><td>Promotion (procedure)</td></tr><tr><td style=\"white-space:nowrap\"><a name=\"http---hcp.org-codes-procedure-type-description-29\"> </a>  29</td><td>Provider-specific procedure (procedure)</td></tr><tr><td style=\"white-space:nowrap\"><a name=\"http---hcp.org-codes-procedure-type-description-30\"> </a>  30</td><td>Regimes and therapies (regime/therapy)</td></tr><tr><td style=\"white-space:nowrap\"><a name=\"http---hcp.org-codes-procedure-type-description-31\"> </a>  31</td><td>Social service procedure (procedure)</td></tr><tr><td style=\"white-space:nowrap\"><a name=\"http---hcp.org-codes-procedure-type-description-32\"> </a>  32</td><td>Staff related procedure (procedure)</td></tr></table></div>"
  },
  "url": "https://fhir-ig-demo/ValueSet/procedure-type-description",
  "version": "0.0.1",
  "name": "Procedure Type Description",
  "status": "active",
  "date": "2021-09-07",
  "publisher": "HL7 International - HCX",
  "contact": [
    {
      "name": "HL7 International - HCX",
      "telecom": [
        {
          "system": "url",
          "value": "https://www.swasth.app/"
        }
      ]
    }
  ],
  "description": "This is the value set that includes the codes to identify the procedure type description and services are provided",
  "expansion": {
    "timestamp": "2021-09-07T08:15:30+05:30",
    "contains": [
      {
        "system": "http://hcp.org/codes/procedure-type-description",
        "code": "1",
        "display": "Administrative procedure (procedure)"
      },
      {
        "system": "http://hcp.org/codes/procedure-type-description",
        "code": "2",
        "display": "Blood bank procedure (procedure)"
      },
      {
        "system": "http://hcp.org/codes/procedure-type-description",
        "code": "3",
        "display": "Community health procedure (procedure)"
      },
      {
        "system": "http://hcp.org/codes/procedure-type-description",
        "code": "4",
        "display": "Determination of information related to transfusion (procedure)"
      },
      {
        "system": "http://hcp.org/codes/procedure-type-description",
        "code": "5",
        "display": "Environmental care procedure (procedure)"
      },
      {
        "system": "http://hcp.org/codes/procedure-type-description",
        "code": "6",
        "display": "General treatment (procedure)"
      },
      {
        "system": "http://hcp.org/codes/procedure-type-description",
        "code": "7",
        "display": "Laboratory procedure (procedure)"
      },
      {
        "system": "http://hcp.org/codes/procedure-type-description",
        "code": "8",
        "display": "Nuclear medicine procedure (procedure)"
      },
      {
        "system": "http://hcp.org/codes/procedure-type-description",
        "code": "9",
        "display": "Obstetric procedure (procedure)"
      },
      {
        "system": "http://hcp.org/codes/procedure-type-description",
        "code": "10",
        "display": "Outpatient procedure (procedure)"
      },
      {
        "system": "http://hcp.org/codes/procedure-type-description",
        "code": "11",
        "display": "Patient encounter procedure (procedure)"
      },
      {
        "system": "http://hcp.org/codes/procedure-type-description",
        "code": "12",
        "display": "Postoperative procedure (procedure)"
      },
      {
        "system": "http://hcp.org/codes/procedure-type-description",
        "code": "13",
        "display": "Preoperative procedure (procedure)"
      },
      {
        "system": "http://hcp.org/codes/procedure-type-description",
        "code": "14",
        "display": "Procedure by intent (procedure)"
      },
      {
        "system": "http://hcp.org/codes/procedure-type-description",
        "code": "15",
        "display": "Procedure by method (procedure)"
      },
      {
        "system": "http://hcp.org/codes/procedure-type-description",
        "code": "16",
        "display": "Procedure by priority (procedure)"
      },
      {
        "system": "http://hcp.org/codes/procedure-type-description",
        "code": "17",
        "display": "Procedure by site (procedure)"
      },
      {
        "system": "http://hcp.org/codes/procedure-type-description",
        "code": "18",
        "display": "Procedure categorized by device involved (procedure)"
      },
      {
        "system": "http://hcp.org/codes/procedure-type-description",
        "code": "19",
        "display": "Procedure in coronary care unit (procedure)"
      },
      {
        "system": "http://hcp.org/codes/procedure-type-description",
        "code": "20",
        "display": "Procedure on ganglion cyst (procedure)"
      },
      {
        "system": "http://hcp.org/codes/procedure-type-description",
        "code": "21",
        "display": "Procedure on wound (procedure)"
      },
      {
        "system": "http://hcp.org/codes/procedure-type-description",
        "code": "22",
        "display": "Procedure related to anesthesia and sedation (procedure)"
      },
      {
        "system": "http://hcp.org/codes/procedure-type-description",
        "code": "23",
        "display": "Procedure related to breastfeeding (procedure)"
      },
      {
        "system": "http://hcp.org/codes/procedure-type-description",
        "code": "24",
        "display": "Procedure with a clinical finding focus (procedure)"
      },
      {
        "system": "http://hcp.org/codes/procedure-type-description",
        "code": "25",
        "display": "Procedure with a procedure focus (procedure)"
      },
      {
        "system": "http://hcp.org/codes/procedure-type-description",
        "code": "26",
        "display": "Procedures relating to eating and drinking (procedure)"
      },
      {
        "system": "http://hcp.org/codes/procedure-type-description",
        "code": "27",
        "display": "Procedures relating to mobility (procedure)"
      },
      {
        "system": "http://hcp.org/codes/procedure-type-description",
        "code": "28",
        "display": "Promotion (procedure)"
      },
      {
        "system": "http://hcp.org/codes/procedure-type-description",
        "code": "29",
        "display": "Provider-specific procedure (procedure)"
      },
      {
        "system": "http://hcp.org/codes/procedure-type-description",
        "code": "30",
        "display": "Regimes and therapies (regime/therapy)"
      },
      {
        "system": "http://hcp.org/codes/procedure-type-description",
        "code": "31",
        "display": "Social service procedure (procedure)"
      },
      {
        "system": "http://hcp.org/codes/procedure-type-description",
        "code": "32",
        "display": "Staff related procedure (procedure)"
      }
    ]
  }
}