<?xml version="1.0" encoding="UTF-8"?><ValueSet xmlns="http://hl7.org/fhir"><id value="procedure-type-description"/><text><status value="generated"/><div xmlns="http://www.w3.org/1999/xhtml"><p>This value set contains 32 concepts</p><p>All codes from system <code>http://hcp.org/codes/procedure-type-description</code></p><table class="codes"><tr><td style="white-space:nowrap"><b>Code</b></td><td><b>Display</b></td></tr><tr><td style="white-space:nowrap"><a name="http---hcp.org-codes-procedure-type-description-1"> </a>1</td><td>Administrative procedure (procedure)</td></tr><tr><td style="white-space:nowrap"><a name="http---hcp.org-codes-procedure-type-description-2"> </a>2</td><td>Blood bank procedure (procedure)</td></tr><tr><td style="white-space:nowrap"><a name="http---hcp.org-codes-procedure-type-description-3"> </a>3</td><td>Community health procedure (procedure)</td></tr><tr><td style="white-space:nowrap"><a name="http---hcp.org-codes-procedure-type-description-4"> </a>4</td><td>Determination of information related to transfusion (procedure)</td></tr><tr><td style="white-space:nowrap"><a name="http---hcp.org-codes-procedure-type-description-5"> </a>5</td><td>Environmental care procedure (procedure)</td></tr><tr><td style="white-space:nowrap"><a name="http---hcp.org-codes-procedure-type-description-6"> </a>6</td><td>General treatment (procedure)</td></tr><tr><td style="white-space:nowrap"><a name="http---hcp.org-codes-procedure-type-description-7"> </a>7</td><td>Laboratory procedure (procedure)</td></tr><tr><td style="white-space:nowrap"><a name="http---hcp.org-codes-procedure-type-description-8"> </a>8</td><td>Nuclear medicine procedure (procedure)</td></tr><tr><td style="white-space:nowrap"><a name="http---hcp.org-codes-procedure-type-description-9"> </a>9</td><td>Obstetric procedure (procedure)</td></tr><tr><td style="white-space:nowrap"><a name="http---hcp.org-codes-procedure-type-description-10"> </a>10</td><td>Outpatient procedure (procedure)</td></tr><tr><td style="white-space:nowrap"><a name="http---hcp.org-codes-procedure-type-description-11"> </a>11</td><td>Patient encounter procedure (procedure)</td></tr><tr><td style="white-space:nowrap"><a name="http---hcp.org-codes-procedure-type-description-12"> </a>12</td><td>Postoperative procedure (procedure)</td></tr><tr><td style="white-space:nowrap"><a name="http---hcp.org-codes-procedure-type-description-13"> </a>13</td><td>Preoperative procedure (procedure)</td></tr><tr><td style="white-space:nowrap"><a name="http---hcp.org-codes-procedure-type-description-14"> </a>14</td><td>Procedure by intent (procedure)</td></tr><tr><td style="white-space:nowrap"><a name="http---hcp.org-codes-procedure-type-description-15"> </a>15</td><td>Procedure by method (procedure)</td></tr><tr><td style="white-space:nowrap"><a name="http---hcp.org-codes-procedure-type-description-16"> </a>16</td><td>Procedure by priority (procedure)</td></tr><tr><td style="white-space:nowrap"><a name="http---hcp.org-codes-procedure-type-description-17"> </a>17</td><td>Procedure by site (procedure)</td></tr><tr><td style="white-space:nowrap"><a name="http---hcp.org-codes-procedure-type-description-18"> </a>18</td><td>Procedure categorized by device involved (procedure)</td></tr><tr><td style="white-space:nowrap"><a name="http---hcp.org-codes-procedure-type-description-19"> </a>19</td><td>Procedure in coronary care unit (procedure)</td></tr><tr><td style="white-space:nowrap"><a name="http---hcp.org-codes-procedure-type-description-20"> </a>20</td><td>Procedure on ganglion cyst (procedure)</td></tr><tr><td style="white-space:nowrap"><a name="http---hcp.org-codes-procedure-type-description-21"> </a>21</td><td>Procedure on wound (procedure)</td></tr><tr><td style="white-space:nowrap"><a name="http---hcp.org-codes-procedure-type-description-22"> </a>22</td><td>Procedure related to anesthesia and sedation (procedure)</td></tr><tr><td style="white-space:nowrap"><a name="http---hcp.org-codes-procedure-type-description-23"> </a>23</td><td>Procedure related to breastfeeding (procedure)</td></tr><tr><td style="white-space:nowrap"><a name="http---hcp.org-codes-procedure-type-description-24"> </a>24</td><td>Procedure with a clinical finding focus (procedure)</td></tr><tr><td style="white-space:nowrap"><a name="http---hcp.org-codes-procedure-type-description-25"> </a>25</td><td>Procedure with a procedure focus (procedure)</td></tr><tr><td style="white-space:nowrap"><a name="http---hcp.org-codes-procedure-type-description-26"> </a>26</td><td>Procedures relating to eating and drinking (procedure)</td></tr><tr><td style="white-space:nowrap"><a name="http---hcp.org-codes-procedure-type-description-27"> </a>27</td><td>Procedures relating to mobility (procedure)</td></tr><tr><td style="white-space:nowrap"><a name="http---hcp.org-codes-procedure-type-description-28"> </a>28</td><td>Promotion (procedure)</td></tr><tr><td style="white-space:nowrap"><a name="http---hcp.org-codes-procedure-type-description-29"> </a>29</td><td>Provider-specific procedure (procedure)</td></tr><tr><td style="white-space:nowrap"><a name="http---hcp.org-codes-procedure-type-description-30"> </a>30</td><td>Regimes and therapies (regime/therapy)</td></tr><tr><td style="white-space:nowrap"><a name="http---hcp.org-codes-procedure-type-description-31"> </a>31</td><td>Social service procedure (procedure)</td></tr><tr><td style="white-space:nowrap"><a name="http---hcp.org-codes-procedure-type-description-32"> </a>32</td><td>Staff related procedure (procedure)</td></tr></table></div></text><url value="https://fhir-ig-demo/ValueSet/procedure-type-description"/><version value="0.0.1"/><name value="Procedure Type Description"/><status value="active"/><date value="2021-09-07"/><publisher value="HL7 International - HCX"/><contact><name value="HL7 International - HCX"/><telecom><system value="url"/><value value="https://www.swasth.app/"/></telecom></contact><description value="This is the value set that includes the codes to identify the procedure type description and services are provided"/><expansion><timestamp value="2021-09-07T08:15:30+05:30"/><contains><system value="http://hcp.org/codes/procedure-type-description"/><code value="1"/><display value="Administrative procedure (procedure)"/></contains><contains><system value="http://hcp.org/codes/procedure-type-description"/><code value="2"/><display value="Blood bank procedure (procedure)"/></contains><contains><system value="http://hcp.org/codes/procedure-type-description"/><code value="3"/><display value="Community health procedure (procedure)"/></contains><contains><system value="http://hcp.org/codes/procedure-type-description"/><code value="4"/><display value="Determination of information related to transfusion (procedure)"/></contains><contains><system value="http://hcp.org/codes/procedure-type-description"/><code value="5"/><display value="Environmental care procedure (procedure)"/></contains><contains><system value="http://hcp.org/codes/procedure-type-description"/><code value="6"/><display value="General treatment (procedure)"/></contains><contains><system value="http://hcp.org/codes/procedure-type-description"/><code value="7"/><display value="Laboratory procedure (procedure)"/></contains><contains><system value="http://hcp.org/codes/procedure-type-description"/><code value="8"/><display value="Nuclear medicine procedure (procedure)"/></contains><contains><system value="http://hcp.org/codes/procedure-type-description"/><code value="9"/><display value="Obstetric procedure (procedure)"/></contains><contains><system value="http://hcp.org/codes/procedure-type-description"/><code value="10"/><display value="Outpatient procedure (procedure)"/></contains><contains><system value="http://hcp.org/codes/procedure-type-description"/><code value="11"/><display value="Patient encounter procedure (procedure)"/></contains><contains><system value="http://hcp.org/codes/procedure-type-description"/><code value="12"/><display value="Postoperative procedure (procedure)"/></contains><contains><system value="http://hcp.org/codes/procedure-type-description"/><code value="13"/><display value="Preoperative procedure (procedure)"/></contains><contains><system value="http://hcp.org/codes/procedure-type-description"/><code value="14"/><display value="Procedure by intent (procedure)"/></contains><contains><system value="http://hcp.org/codes/procedure-type-description"/><code value="15"/><display value="Procedure by method (procedure)"/></contains><contains><system value="http://hcp.org/codes/procedure-type-description"/><code value="16"/><display value="Procedure by priority (procedure)"/></contains><contains><system value="http://hcp.org/codes/procedure-type-description"/><code value="17"/><display value="Procedure by site (procedure)"/></contains><contains><system value="http://hcp.org/codes/procedure-type-description"/><code value="18"/><display value="Procedure categorized by device involved (procedure)"/></contains><contains><system value="http://hcp.org/codes/procedure-type-description"/><code value="19"/><display value="Procedure in coronary care unit (procedure)"/></contains><contains><system value="http://hcp.org/codes/procedure-type-description"/><code value="20"/><display value="Procedure on ganglion cyst (procedure)"/></contains><contains><system value="http://hcp.org/codes/procedure-type-description"/><code value="21"/><display value="Procedure on wound (procedure)"/></contains><contains><system value="http://hcp.org/codes/procedure-type-description"/><code value="22"/><display value="Procedure related to anesthesia and sedation (procedure)"/></contains><contains><system value="http://hcp.org/codes/procedure-type-description"/><code value="23"/><display value="Procedure related to breastfeeding (procedure)"/></contains><contains><system value="http://hcp.org/codes/procedure-type-description"/><code value="24"/><display value="Procedure with a clinical finding focus (procedure)"/></contains><contains><system value="http://hcp.org/codes/procedure-type-description"/><code value="25"/><display value="Procedure with a procedure focus (procedure)"/></contains><contains><system value="http://hcp.org/codes/procedure-type-description"/><code value="26"/><display value="Procedures relating to eating and drinking (procedure)"/></contains><contains><system value="http://hcp.org/codes/procedure-type-description"/><code value="27"/><display value="Procedures relating to mobility (procedure)"/></contains><contains><system value="http://hcp.org/codes/procedure-type-description"/><code value="28"/><display value="Promotion (procedure)"/></contains><contains><system value="http://hcp.org/codes/procedure-type-description"/><code value="29"/><display value="Provider-specific procedure (procedure)"/></contains><contains><system value="http://hcp.org/codes/procedure-type-description"/><code value="30"/><display value="Regimes and therapies (regime/therapy)"/></contains><contains><system value="http://hcp.org/codes/procedure-type-description"/><code value="31"/><display value="Social service procedure (procedure)"/></contains><contains><system value="http://hcp.org/codes/procedure-type-description"/><code value="32"/><display value="Staff related procedure (procedure)"/></contains></expansion></ValueSet>