<?xml version="1.0" encoding="UTF-8"?><ValueSet xmlns="http://hl7.org/fhir"><id value="medical-specialty-provider"/><text><status value="generated"/><div xmlns="http://www.w3.org/1999/xhtml"><p>This value set contains 89 concepts</p><p>All codes from system <code>http://hcp.org/codes/medical-specility-type-provider</code></p><table class="codes"><tr><td style="white-space:nowrap"><b>Code</b></td><td><b>Display</b></td></tr><tr><td style="white-space:nowrap"><a name="http---hcp.org-codes-medical-specility-type-provider-1"> </a>1</td><td>General Medicine</td></tr><tr><td style="white-space:nowrap"><a name="http---hcp.org-codes-medical-specility-type-provider-2"> </a>2</td><td>Dental surgery</td></tr><tr><td style="white-space:nowrap"><a name="http---hcp.org-codes-medical-specility-type-provider-3"> </a>3</td><td>Nursing</td></tr><tr><td style="white-space:nowrap"><a name="http---hcp.org-codes-medical-specility-type-provider-4"> </a>4</td><td>Pharmacy</td></tr><tr><td style="white-space:nowrap"><a name="http---hcp.org-codes-medical-specility-type-provider-5"> </a>5</td><td>Nursing Midwifery</td></tr><tr><td style="white-space:nowrap"><a name="http---hcp.org-codes-medical-specility-type-provider-6"> </a>6</td><td>Military surgeons</td></tr><tr><td style="white-space:nowrap"><a name="http---hcp.org-codes-medical-specility-type-provider-7"> </a>7</td><td>Cardio Thoracic and Vascular Surgery</td></tr><tr><td style="white-space:nowrap"><a name="http---hcp.org-codes-medical-specility-type-provider-8"> </a>8</td><td>Cardiology</td></tr><tr><td style="white-space:nowrap"><a name="http---hcp.org-codes-medical-specility-type-provider-9"> </a>9</td><td>Allergy</td></tr><tr><td style="white-space:nowrap"><a name="http---hcp.org-codes-medical-specility-type-provider-10"> </a>10</td><td>Chest Medicine</td></tr><tr><td style="white-space:nowrap"><a name="http---hcp.org-codes-medical-specility-type-provider-11"> </a>11</td><td>Clinical Psychology</td></tr><tr><td style="white-space:nowrap"><a name="http---hcp.org-codes-medical-specility-type-provider-12"> </a>12</td><td>Cosmetic Dentistry</td></tr><tr><td style="white-space:nowrap"><a name="http---hcp.org-codes-medical-specility-type-provider-13"> </a>13</td><td>Cosmetic Surgery</td></tr><tr><td style="white-space:nowrap"><a name="http---hcp.org-codes-medical-specility-type-provider-14"> </a>14</td><td>Endodontics</td></tr><tr><td style="white-space:nowrap"><a name="http---hcp.org-codes-medical-specility-type-provider-15"> </a>15</td><td>ENT</td></tr><tr><td style="white-space:nowrap"><a name="http---hcp.org-codes-medical-specility-type-provider-16"> </a>16</td><td>Critical Care</td></tr><tr><td style="white-space:nowrap"><a name="http---hcp.org-codes-medical-specility-type-provider-17"> </a>17</td><td>Dental Implants &amp; Cosmetic Dentistry</td></tr><tr><td style="white-space:nowrap"><a name="http---hcp.org-codes-medical-specility-type-provider-18"> </a>18</td><td>Dermatology Venereology and Leprology</td></tr><tr><td style="white-space:nowrap"><a name="http---hcp.org-codes-medical-specility-type-provider-19"> </a>19</td><td>Dermatology</td></tr><tr><td style="white-space:nowrap"><a name="http---hcp.org-codes-medical-specility-type-provider-20"> </a>20</td><td>Facial Plastic Surgery</td></tr><tr><td style="white-space:nowrap"><a name="http---hcp.org-codes-medical-specility-type-provider-21"> </a>21</td><td>Diabetology</td></tr><tr><td style="white-space:nowrap"><a name="http---hcp.org-codes-medical-specility-type-provider-22"> </a>22</td><td>Endocrinology</td></tr><tr><td style="white-space:nowrap"><a name="http---hcp.org-codes-medical-specility-type-provider-23"> </a>23</td><td>Diet and Nutrition</td></tr><tr><td style="white-space:nowrap"><a name="http---hcp.org-codes-medical-specility-type-provider-24"> </a>24</td><td>Diabetology &amp; Internal Medicine</td></tr><tr><td style="white-space:nowrap"><a name="http---hcp.org-codes-medical-specility-type-provider-25"> </a>25</td><td>Gastrosurgery</td></tr><tr><td style="white-space:nowrap"><a name="http---hcp.org-codes-medical-specility-type-provider-26"> </a>26</td><td>Gastroenterology</td></tr><tr><td style="white-space:nowrap"><a name="http---hcp.org-codes-medical-specility-type-provider-27"> </a>27</td><td>General Medicine</td></tr><tr><td style="white-space:nowrap"><a name="http---hcp.org-codes-medical-specility-type-provider-28"> </a>28</td><td>General Surgery</td></tr><tr><td style="white-space:nowrap"><a name="http---hcp.org-codes-medical-specility-type-provider-29"> </a>29</td><td>General Surgery &amp; Laparoscopic Surgery</td></tr><tr><td style="white-space:nowrap"><a name="http---hcp.org-codes-medical-specility-type-provider-30"> </a>30</td><td>Gynecology &amp; Ultrasonology</td></tr><tr><td style="white-space:nowrap"><a name="http---hcp.org-codes-medical-specility-type-provider-31"> </a>31</td><td>Head &amp; Neck Surgery</td></tr><tr><td style="white-space:nowrap"><a name="http---hcp.org-codes-medical-specility-type-provider-32"> </a>32</td><td>Head &amp; Neck Surgical Oncology</td></tr><tr><td style="white-space:nowrap"><a name="http---hcp.org-codes-medical-specility-type-provider-33"> </a>33</td><td>Hepato Pancreato Biliary Surgery</td></tr><tr><td style="white-space:nowrap"><a name="http---hcp.org-codes-medical-specility-type-provider-34"> </a>34</td><td>Infectious Disease medicine</td></tr><tr><td style="white-space:nowrap"><a name="http---hcp.org-codes-medical-specility-type-provider-35"> </a>35</td><td>Internal Medicine</td></tr><tr><td style="white-space:nowrap"><a name="http---hcp.org-codes-medical-specility-type-provider-36"> </a>36</td><td>Internal Medicine &amp; Diabetics</td></tr><tr><td style="white-space:nowrap"><a name="http---hcp.org-codes-medical-specility-type-provider-37"> </a>37</td><td>Neuro Surgery</td></tr><tr><td style="white-space:nowrap"><a name="http---hcp.org-codes-medical-specility-type-provider-38"> </a>38</td><td>Resident Physicians</td></tr><tr><td style="white-space:nowrap"><a name="http---hcp.org-codes-medical-specility-type-provider-39"> </a>39</td><td>Respiratory Allergy And Sleep Medicine</td></tr><tr><td style="white-space:nowrap"><a name="http---hcp.org-codes-medical-specility-type-provider-40"> </a>40</td><td>Rheumatology</td></tr><tr><td style="white-space:nowrap"><a name="http---hcp.org-codes-medical-specility-type-provider-41"> </a>41</td><td>Sexual Medicine</td></tr><tr><td style="white-space:nowrap"><a name="http---hcp.org-codes-medical-specility-type-provider-42"> </a>42</td><td>Spine Surgery</td></tr><tr><td style="white-space:nowrap"><a name="http---hcp.org-codes-medical-specility-type-provider-43"> </a>43</td><td>Sports Medicine</td></tr><tr><td style="white-space:nowrap"><a name="http---hcp.org-codes-medical-specility-type-provider-44"> </a>44</td><td>Surgical Gastroenterology</td></tr><tr><td style="white-space:nowrap"><a name="http---hcp.org-codes-medical-specility-type-provider-45"> </a>45</td><td>Surgical Oncology</td></tr><tr><td style="white-space:nowrap"><a name="http---hcp.org-codes-medical-specility-type-provider-46"> </a>46</td><td>Urology</td></tr><tr><td style="white-space:nowrap"><a name="http---hcp.org-codes-medical-specility-type-provider-47"> </a>47</td><td>Physiotherapy</td></tr><tr><td style="white-space:nowrap"><a name="http---hcp.org-codes-medical-specility-type-provider-48"> </a>48</td><td>Physiotherapy &amp; Rehabilitation</td></tr><tr><td style="white-space:nowrap"><a name="http---hcp.org-codes-medical-specility-type-provider-49"> </a>49</td><td>Plastic and Cosmetic Surgery</td></tr><tr><td style="white-space:nowrap"><a name="http---hcp.org-codes-medical-specility-type-provider-50"> </a>50</td><td>Plastic Surgery</td></tr><tr><td style="white-space:nowrap"><a name="http---hcp.org-codes-medical-specility-type-provider-51"> </a>51</td><td>Podiatry</td></tr><tr><td style="white-space:nowrap"><a name="http---hcp.org-codes-medical-specility-type-provider-52"> </a>52</td><td>Prosthodontics &amp; Implants</td></tr><tr><td style="white-space:nowrap"><a name="http---hcp.org-codes-medical-specility-type-provider-53"> </a>53</td><td>Psychiatry</td></tr><tr><td style="white-space:nowrap"><a name="http---hcp.org-codes-medical-specility-type-provider-54"> </a>54</td><td>Pulmonology</td></tr><tr><td style="white-space:nowrap"><a name="http---hcp.org-codes-medical-specility-type-provider-55"> </a>55</td><td>Radiation Oncology</td></tr><tr><td style="white-space:nowrap"><a name="http---hcp.org-codes-medical-specility-type-provider-56"> </a>56</td><td>Radiology</td></tr><tr><td style="white-space:nowrap"><a name="http---hcp.org-codes-medical-specility-type-provider-57"> </a>57</td><td>Laparoscopic and Robotic Surgery</td></tr><tr><td style="white-space:nowrap"><a name="http---hcp.org-codes-medical-specility-type-provider-58"> </a>58</td><td>Medical Gastroenterology</td></tr><tr><td style="white-space:nowrap"><a name="http---hcp.org-codes-medical-specility-type-provider-59"> </a>59</td><td>Medical Oncology</td></tr><tr><td style="white-space:nowrap"><a name="http---hcp.org-codes-medical-specility-type-provider-60"> </a>60</td><td>Nephrology</td></tr><tr><td style="white-space:nowrap"><a name="http---hcp.org-codes-medical-specility-type-provider-61"> </a>61</td><td>Neurology</td></tr><tr><td style="white-space:nowrap"><a name="http---hcp.org-codes-medical-specility-type-provider-62"> </a>62</td><td>Neurology &amp; Neuro Surgery</td></tr><tr><td style="white-space:nowrap"><a name="http---hcp.org-codes-medical-specility-type-provider-63"> </a>63</td><td>Neuropsychiatry</td></tr><tr><td style="white-space:nowrap"><a name="http---hcp.org-codes-medical-specility-type-provider-64"> </a>64</td><td>Neurosurgery</td></tr><tr><td style="white-space:nowrap"><a name="http---hcp.org-codes-medical-specility-type-provider-65"> </a>65</td><td>Obstetrics &amp; Gynecology</td></tr><tr><td style="white-space:nowrap"><a name="http---hcp.org-codes-medical-specility-type-provider-66"> </a>66</td><td>Oncology</td></tr><tr><td style="white-space:nowrap"><a name="http---hcp.org-codes-medical-specility-type-provider-67"> </a>67</td><td>Ophthalmology</td></tr><tr><td style="white-space:nowrap"><a name="http---hcp.org-codes-medical-specility-type-provider-68"> </a>68</td><td>Oral &amp; Maxillofacial Surgery</td></tr><tr><td style="white-space:nowrap"><a name="http---hcp.org-codes-medical-specility-type-provider-69"> </a>69</td><td>Ortho Dontia</td></tr><tr><td style="white-space:nowrap"><a name="http---hcp.org-codes-medical-specility-type-provider-70"> </a>70</td><td>Orthopedic Surgeon</td></tr><tr><td style="white-space:nowrap"><a name="http---hcp.org-codes-medical-specility-type-provider-71"> </a>71</td><td>Orthopedics</td></tr><tr><td style="white-space:nowrap"><a name="http---hcp.org-codes-medical-specility-type-provider-72"> </a>72</td><td>Orthopedics &amp; Sports Medicine</td></tr><tr><td style="white-space:nowrap"><a name="http---hcp.org-codes-medical-specility-type-provider-73"> </a>73</td><td>Orthopedics And Spine Surgery</td></tr><tr><td style="white-space:nowrap"><a name="http---hcp.org-codes-medical-specility-type-provider-74"> </a>74</td><td>Orthopedics And Upper Limb Surgery</td></tr><tr><td style="white-space:nowrap"><a name="http---hcp.org-codes-medical-specility-type-provider-75"> </a>75</td><td>Pediatric Endocrinology</td></tr><tr><td style="white-space:nowrap"><a name="http---hcp.org-codes-medical-specility-type-provider-76"> </a>76</td><td>Pediatric Ophthalmology And Squint</td></tr><tr><td style="white-space:nowrap"><a name="http---hcp.org-codes-medical-specility-type-provider-77"> </a>77</td><td>Paediatrics</td></tr><tr><td style="white-space:nowrap"><a name="http---hcp.org-codes-medical-specility-type-provider-78"> </a>78</td><td>Paediatrics &amp; Neonatology</td></tr><tr><td style="white-space:nowrap"><a name="http---hcp.org-codes-medical-specility-type-provider-79"> </a>79</td><td>Paediatrics - Nephrology</td></tr><tr><td style="white-space:nowrap"><a name="http---hcp.org-codes-medical-specility-type-provider-80"> </a>80</td><td>Paediatrics - Neurology</td></tr><tr><td style="white-space:nowrap"><a name="http---hcp.org-codes-medical-specility-type-provider-81"> </a>81</td><td>Paediatrics - Surgery</td></tr><tr><td style="white-space:nowrap"><a name="http---hcp.org-codes-medical-specility-type-provider-82"> </a>82</td><td>Pathology</td></tr><tr><td style="white-space:nowrap"><a name="http---hcp.org-codes-medical-specility-type-provider-83"> </a>83</td><td>Peadodontology (Child Dentistry)</td></tr><tr><td style="white-space:nowrap"><a name="http---hcp.org-codes-medical-specility-type-provider-84"> </a>84</td><td>Pediatric Pulmonology</td></tr><tr><td style="white-space:nowrap"><a name="http---hcp.org-codes-medical-specility-type-provider-85"> </a>85</td><td>Periodontia</td></tr><tr><td style="white-space:nowrap"><a name="http---hcp.org-codes-medical-specility-type-provider-86"> </a>86</td><td>Periodontology and Implantology</td></tr><tr><td style="white-space:nowrap"><a name="http---hcp.org-codes-medical-specility-type-provider-87"> </a>87</td><td>Peripheral Vascular Surgery</td></tr><tr><td style="white-space:nowrap"><a name="http---hcp.org-codes-medical-specility-type-provider-88"> </a>88</td><td>Physical Medicine &amp; Rehabilitation</td></tr><tr><td style="white-space:nowrap"><a name="http---hcp.org-codes-medical-specility-type-provider-89"> </a>89</td><td>Physician &amp; Diabetology</td></tr></table></div></text><url value="https://fhir-ig-demo/ValueSet/medical-specialty-provider"/><version value="0.0.1"/><name value="Medical Speciality Type Provider"/><status value="active"/><date value="2021-09-07"/><publisher value="HL7 International - HCX"/><contact><name value="HL7 International - HCX"/><telecom><system value="url"/><value value="https://www.swasth.app/"/></telecom></contact><description value="This is the value set that includes the codes to identify the medical specialty provider"/><expansion><timestamp value="2021-09-07T08:15:30+05:30"/><contains><system value="http://hcp.org/codes/medical-specility-type-provider"/><code value="1"/><display value="General Medicine"/></contains><contains><system value="http://hcp.org/codes/medical-specility-type-provider"/><code value="2"/><display value="Dental surgery"/></contains><contains><system value="http://hcp.org/codes/medical-specility-type-provider"/><code value="3"/><display value="Nursing"/></contains><contains><system value="http://hcp.org/codes/medical-specility-type-provider"/><code value="4"/><display value="Pharmacy"/></contains><contains><system value="http://hcp.org/codes/medical-specility-type-provider"/><code value="5"/><display value="Nursing Midwifery"/></contains><contains><system value="http://hcp.org/codes/medical-specility-type-provider"/><code value="6"/><display value="Military surgeons"/></contains><contains><system value="http://hcp.org/codes/medical-specility-type-provider"/><code value="7"/><display value="Cardio Thoracic and Vascular Surgery"/></contains><contains><system value="http://hcp.org/codes/medical-specility-type-provider"/><code value="8"/><display value="Cardiology"/></contains><contains><system value="http://hcp.org/codes/medical-specility-type-provider"/><code value="9"/><display value="Allergy"/></contains><contains><system value="http://hcp.org/codes/medical-specility-type-provider"/><code value="10"/><display value="Chest Medicine"/></contains><contains><system value="http://hcp.org/codes/medical-specility-type-provider"/><code value="11"/><display value="Clinical Psychology"/></contains><contains><system value="http://hcp.org/codes/medical-specility-type-provider"/><code value="12"/><display value="Cosmetic Dentistry"/></contains><contains><system value="http://hcp.org/codes/medical-specility-type-provider"/><code value="13"/><display value="Cosmetic Surgery"/></contains><contains><system value="http://hcp.org/codes/medical-specility-type-provider"/><code value="14"/><display value="Endodontics"/></contains><contains><system value="http://hcp.org/codes/medical-specility-type-provider"/><code value="15"/><display value="ENT"/></contains><contains><system value="http://hcp.org/codes/medical-specility-type-provider"/><code value="16"/><display value="Critical Care"/></contains><contains><system value="http://hcp.org/codes/medical-specility-type-provider"/><code value="17"/><display value="Dental Implants &amp; Cosmetic Dentistry"/></contains><contains><system value="http://hcp.org/codes/medical-specility-type-provider"/><code value="18"/><display value="Dermatology Venereology and Leprology"/></contains><contains><system value="http://hcp.org/codes/medical-specility-type-provider"/><code value="19"/><display value="Dermatology"/></contains><contains><system value="http://hcp.org/codes/medical-specility-type-provider"/><code value="20"/><display value="Facial Plastic Surgery"/></contains><contains><system value="http://hcp.org/codes/medical-specility-type-provider"/><code value="21"/><display value="Diabetology"/></contains><contains><system value="http://hcp.org/codes/medical-specility-type-provider"/><code value="22"/><display value="Endocrinology"/></contains><contains><system value="http://hcp.org/codes/medical-specility-type-provider"/><code value="23"/><display value="Diet and Nutrition"/></contains><contains><system value="http://hcp.org/codes/medical-specility-type-provider"/><code value="24"/><display value="Diabetology &amp; Internal Medicine"/></contains><contains><system value="http://hcp.org/codes/medical-specility-type-provider"/><code value="25"/><display value="Gastrosurgery"/></contains><contains><system value="http://hcp.org/codes/medical-specility-type-provider"/><code value="26"/><display value="Gastroenterology"/></contains><contains><system value="http://hcp.org/codes/medical-specility-type-provider"/><code value="27"/><display value="General Medicine"/></contains><contains><system value="http://hcp.org/codes/medical-specility-type-provider"/><code value="28"/><display value="General Surgery"/></contains><contains><system value="http://hcp.org/codes/medical-specility-type-provider"/><code value="29"/><display value="General Surgery &amp; Laparoscopic Surgery"/></contains><contains><system value="http://hcp.org/codes/medical-specility-type-provider"/><code value="30"/><display value="Gynecology &amp; Ultrasonology"/></contains><contains><system value="http://hcp.org/codes/medical-specility-type-provider"/><code value="31"/><display value="Head &amp; Neck Surgery"/></contains><contains><system value="http://hcp.org/codes/medical-specility-type-provider"/><code value="32"/><display value="Head &amp; Neck Surgical Oncology"/></contains><contains><system value="http://hcp.org/codes/medical-specility-type-provider"/><code value="33"/><display value="Hepato Pancreato Biliary Surgery"/></contains><contains><system value="http://hcp.org/codes/medical-specility-type-provider"/><code value="34"/><display value="Infectious Disease medicine"/></contains><contains><system value="http://hcp.org/codes/medical-specility-type-provider"/><code value="35"/><display value="Internal Medicine"/></contains><contains><system value="http://hcp.org/codes/medical-specility-type-provider"/><code value="36"/><display value="Internal Medicine &amp; Diabetics"/></contains><contains><system value="http://hcp.org/codes/medical-specility-type-provider"/><code value="37"/><display value="Neuro Surgery"/></contains><contains><system value="http://hcp.org/codes/medical-specility-type-provider"/><code value="38"/><display value="Resident Physicians"/></contains><contains><system value="http://hcp.org/codes/medical-specility-type-provider"/><code value="39"/><display value="Respiratory Allergy And Sleep Medicine"/></contains><contains><system value="http://hcp.org/codes/medical-specility-type-provider"/><code value="40"/><display value="Rheumatology"/></contains><contains><system value="http://hcp.org/codes/medical-specility-type-provider"/><code value="41"/><display value="Sexual Medicine"/></contains><contains><system value="http://hcp.org/codes/medical-specility-type-provider"/><code value="42"/><display value="Spine Surgery"/></contains><contains><system value="http://hcp.org/codes/medical-specility-type-provider"/><code value="43"/><display value="Sports Medicine"/></contains><contains><system value="http://hcp.org/codes/medical-specility-type-provider"/><code value="44"/><display value="Surgical Gastroenterology"/></contains><contains><system value="http://hcp.org/codes/medical-specility-type-provider"/><code value="45"/><display value="Surgical Oncology"/></contains><contains><system value="http://hcp.org/codes/medical-specility-type-provider"/><code value="46"/><display value="Urology"/></contains><contains><system value="http://hcp.org/codes/medical-specility-type-provider"/><code value="47"/><display value="Physiotherapy"/></contains><contains><system value="http://hcp.org/codes/medical-specility-type-provider"/><code value="48"/><display value="Physiotherapy &amp; Rehabilitation"/></contains><contains><system value="http://hcp.org/codes/medical-specility-type-provider"/><code value="49"/><display value="Plastic and Cosmetic Surgery"/></contains><contains><system value="http://hcp.org/codes/medical-specility-type-provider"/><code value="50"/><display value="Plastic Surgery"/></contains><contains><system value="http://hcp.org/codes/medical-specility-type-provider"/><code value="51"/><display value="Podiatry"/></contains><contains><system value="http://hcp.org/codes/medical-specility-type-provider"/><code value="52"/><display value="Prosthodontics &amp; Implants"/></contains><contains><system value="http://hcp.org/codes/medical-specility-type-provider"/><code value="53"/><display value="Psychiatry"/></contains><contains><system value="http://hcp.org/codes/medical-specility-type-provider"/><code value="54"/><display value="Pulmonology"/></contains><contains><system value="http://hcp.org/codes/medical-specility-type-provider"/><code value="55"/><display value="Radiation Oncology"/></contains><contains><system value="http://hcp.org/codes/medical-specility-type-provider"/><code value="56"/><display value="Radiology"/></contains><contains><system value="http://hcp.org/codes/medical-specility-type-provider"/><code value="57"/><display value="Laparoscopic and Robotic Surgery"/></contains><contains><system value="http://hcp.org/codes/medical-specility-type-provider"/><code value="58"/><display value="Medical Gastroenterology"/></contains><contains><system value="http://hcp.org/codes/medical-specility-type-provider"/><code value="59"/><display value="Medical Oncology"/></contains><contains><system value="http://hcp.org/codes/medical-specility-type-provider"/><code value="60"/><display value="Nephrology"/></contains><contains><system value="http://hcp.org/codes/medical-specility-type-provider"/><code value="61"/><display value="Neurology"/></contains><contains><system value="http://hcp.org/codes/medical-specility-type-provider"/><code value="62"/><display value="Neurology &amp; Neuro Surgery"/></contains><contains><system value="http://hcp.org/codes/medical-specility-type-provider"/><code value="63"/><display value="Neuropsychiatry"/></contains><contains><system value="http://hcp.org/codes/medical-specility-type-provider"/><code value="64"/><display value="Neurosurgery"/></contains><contains><system value="http://hcp.org/codes/medical-specility-type-provider"/><code value="65"/><display value="Obstetrics &amp; Gynecology"/></contains><contains><system value="http://hcp.org/codes/medical-specility-type-provider"/><code value="66"/><display value="Oncology"/></contains><contains><system value="http://hcp.org/codes/medical-specility-type-provider"/><code value="67"/><display value="Ophthalmology"/></contains><contains><system value="http://hcp.org/codes/medical-specility-type-provider"/><code value="68"/><display value="Oral &amp; Maxillofacial Surgery"/></contains><contains><system value="http://hcp.org/codes/medical-specility-type-provider"/><code value="69"/><display value="Ortho Dontia"/></contains><contains><system value="http://hcp.org/codes/medical-specility-type-provider"/><code value="70"/><display value="Orthopedic Surgeon"/></contains><contains><system value="http://hcp.org/codes/medical-specility-type-provider"/><code value="71"/><display value="Orthopedics"/></contains><contains><system value="http://hcp.org/codes/medical-specility-type-provider"/><code value="72"/><display value="Orthopedics &amp; Sports Medicine"/></contains><contains><system value="http://hcp.org/codes/medical-specility-type-provider"/><code value="73"/><display value="Orthopedics And Spine Surgery"/></contains><contains><system value="http://hcp.org/codes/medical-specility-type-provider"/><code value="74"/><display value="Orthopedics And Upper Limb Surgery"/></contains><contains><system value="http://hcp.org/codes/medical-specility-type-provider"/><code value="75"/><display value="Pediatric Endocrinology"/></contains><contains><system value="http://hcp.org/codes/medical-specility-type-provider"/><code value="76"/><display value="Pediatric Ophthalmology And Squint"/></contains><contains><system value="http://hcp.org/codes/medical-specility-type-provider"/><code value="77"/><display value="Paediatrics"/></contains><contains><system value="http://hcp.org/codes/medical-specility-type-provider"/><code value="78"/><display value="Paediatrics &amp; Neonatology"/></contains><contains><system value="http://hcp.org/codes/medical-specility-type-provider"/><code value="79"/><display value="Paediatrics - Nephrology"/></contains><contains><system value="http://hcp.org/codes/medical-specility-type-provider"/><code value="80"/><display value="Paediatrics - Neurology"/></contains><contains><system value="http://hcp.org/codes/medical-specility-type-provider"/><code value="81"/><display value="Paediatrics - Surgery"/></contains><contains><system value="http://hcp.org/codes/medical-specility-type-provider"/><code value="82"/><display value="Pathology"/></contains><contains><system value="http://hcp.org/codes/medical-specility-type-provider"/><code value="83"/><display value="Peadodontology (Child Dentistry)"/></contains><contains><system value="http://hcp.org/codes/medical-specility-type-provider"/><code value="84"/><display value="Pediatric Pulmonology"/></contains><contains><system value="http://hcp.org/codes/medical-specility-type-provider"/><code value="85"/><display value="Periodontia"/></contains><contains><system value="http://hcp.org/codes/medical-specility-type-provider"/><code value="86"/><display value="Periodontology and Implantology"/></contains><contains><system value="http://hcp.org/codes/medical-specility-type-provider"/><code value="87"/><display value="Peripheral Vascular Surgery"/></contains><contains><system value="http://hcp.org/codes/medical-specility-type-provider"/><code value="88"/><display value="Physical Medicine &amp; Rehabilitation"/></contains><contains><system value="http://hcp.org/codes/medical-specility-type-provider"/><code value="89"/><display value="Physician &amp; Diabetology"/></contains></expansion></ValueSet>