[
  {
    "id": "Claim",
    "type": "StructureDefinition",
    "url": "http://hl7.org/fhir/StructureDefinition/HCXClaim",
    "version": "0.0.1",
    "name": "Claim"
  },
  {
    "id": "ClaimRequestDocument",
    "type": "StructureDefinition",
    "url": "http://hl7.org/fhir/StructureDefinition/HCXClaimRequestDocument",
    "version": "0.0.1",
    "name": "ClaimRequestDocument"
  },
  {
    "id": "ClaimResponse",
    "type": "StructureDefinition",
    "url": "http://hl7.org/fhir/StructureDefinition/HCXClaimResponse",
    "version": "0.0.1",
    "name": "ClaimResponse"
  },
  {
    "id": "ClaimResponseDocument",
    "type": "StructureDefinition",
    "url": "http://hl7.org/fhir/StructureDefinition/HCXClaimResponseDocument",
    "version": "0.0.1",
    "name": "ClaimResponseDocument"
  },
  {
    "id": "Condition",
    "type": "StructureDefinition",
    "url": "http://hl7.org/fhir/StructureDefinition/HCXCondition",
    "version": "0.0.1",
    "name": "Condition"
  },
  {
    "id": "Coverage",
    "type": "StructureDefinition",
    "url": "http://hl7.org/fhir/StructureDefinition/HCXCoverage",
    "version": "0.0.1",
    "name": "Coverage"
  },
  {
    "id": "CoverageEligibilityRequest",
    "type": "StructureDefinition",
    "url": "http://hl7.org/fhir/StructureDefinition/HCXCoverageEligibilityRequest",
    "version": "0.0.1",
    "name": "CoverageEligibilityRequest"
  },
  {
    "id": "CoverageEligibilityRequestDocument",
    "type": "StructureDefinition",
    "url": "http://hl7.org/fhir/StructureDefinition/HCXCoverageEligibilityRequestDocument",
    "version": "0.0.1",
    "name": "CoverageEligibilityRequestDocument"
  },
  {
    "id": "CoverageEligibilityResponse",
    "type": "StructureDefinition",
    "url": "http://hl7.org/fhir/StructureDefinition/HCXCoverageEligibilityResponse",
    "version": "0.0.1",
    "name": "CoverageEligibilityResponse"
  },
  {
    "id": "CoverageEligibilityResponseDocument",
    "type": "StructureDefinition",
    "url": "http://hl7.org/fhir/StructureDefinition/HCXCoverageEligibilityResponseDocument",
    "version": "0.0.1",
    "name": "CoverageEligibilityResponseDocument"
  },
  {
    "id": "Encounter",
    "type": "StructureDefinition",
    "url": "http://hl7.org/fhir/StructureDefinition/HCXEncounter",
    "version": "0.0.1",
    "name": "Encounter"
  },
  {
    "id": "Organization",
    "type": "StructureDefinition",
    "url": "http://hl7.org/fhir/StructureDefinition/HCXOrganization",
    "version": "0.0.1",
    "name": "Organization"
  },
  {
    "id": "Patient",
    "type": "StructureDefinition",
    "url": "http://hl7.org/fhir/StructureDefinition/HCXPatient",
    "version": "0.0.1",
    "name": "Patient"
  },
  {
    "id": "PaymentNotice",
    "type": "StructureDefinition",
    "url": "http://hl7.org/fhir/StructureDefinition/HCXPaymentNotice",
    "version": "0.0.1",
    "name": "PaymentNotice"
  },
  {
    "id": "PaymentNoticeDocument",
    "type": "StructureDefinition",
    "url": "http://hl7.org/fhir/StructureDefinition/HCXPaymentNoticeDocument",
    "version": "0.0.1",
    "name": "PaymentNoticeDocument"
  },
  {
    "id": "PaymentReconciliation",
    "type": "StructureDefinition",
    "url": "http://hl7.org/fhir/StructureDefinition/HCXPaymentReconciliation",
    "version": "0.0.1",
    "name": "PaymentReconciliation"
  },
  {
    "id": "Practitioner",
    "type": "StructureDefinition",
    "url": "http://hl7.org/fhir/StructureDefinition/HCXPractitioner",
    "version": "0.0.1",
    "name": "Practitioner"
  },
  {
    "id": "PractitionerRole",
    "type": "StructureDefinition",
    "url": "http://hl7.org/fhir/StructureDefinition/HCXPractitionerRole",
    "version": "0.0.1",
    "name": "PractitionerRole"
  },
  {
    "id": "HCXSignature",
    "type": "StructureDefinition",
    "url": "http://hl7.org/fhir/StructureDefinition/HCXSignature",
    "version": "0.0.1",
    "name": "HCX Signature"
  },
  {
    "id": "hl7.fhir.in.core",
    "type": "ImplementationGuide",
    "url": "https://fhir-ig-demo/ImplementationGuide/ig",
    "version": "0.0.1",
    "name": "HCX Core"
  },
  {
    "id": "claim-denial-codes",
    "type": "ValueSet",
    "url": "https://fhir-ig-demo/ValueSet/claim-denial-codes",
    "version": "0.0.1",
    "name": "Claim Denial Codes"
  },
  {
    "id": "claim-service-categories",
    "type": "ValueSet",
    "url": "https://fhir-ig-demo/ValueSet/claim-service-categories",
    "version": "0.0.1",
    "name": "Claim Service Categories"
  },
  {
    "id": "health-service-provider-role",
    "type": "ValueSet",
    "url": "https://fhir-ig-demo/ValueSet/health-service-provider-role",
    "version": "0.0.1",
    "name": "Health Service Provider Role"
  },
  {
    "id": "insurance-company-owners",
    "type": "ValueSet",
    "url": "https://fhir-ig-demo/ValueSet/insurance-company-owners",
    "version": "0.0.1",
    "name": "Insurance Company Owners"
  },
  {
    "id": "medical-specialty-provider",
    "type": "ValueSet",
    "url": "https://fhir-ig-demo/ValueSet/medical-specialty-provider",
    "version": "0.0.1",
    "name": "Medical Speciality Type Provider"
  },
  {
    "id": "procedure-type-description",
    "type": "ValueSet",
    "url": "https://fhir-ig-demo/ValueSet/procedure-type-description",
    "version": "0.0.1",
    "name": "Procedure Type Description"
  }
]