{
  "resourceType" : "Bundle",
  "id" : "6bf5ba8a-764a-4377-aa74-1428abd5b8ee",
  "meta" : {
    "lastUpdated" : "2021-09-08T07:11:57.195+05:30"
  },
  "type" : "collection",
  "entry" : [{
    "fullUrl" : "https://fhir-ig-demo/ValueSet/health-service-provider-role",
    "resource" : {
      "resourceType" : "ValueSet",
      "id" : "health-service-provider-role",
      "text" : {
        "status" : "generated",
        "div" : "<div xmlns=\"http://www.w3.org/1999/xhtml\"><p>This value set contains 13 concepts</p><p>All codes from system <code>http://hcp.org/codes/health-service-provider</code></p><table class=\"codes\"><tr><td style=\"white-space:nowrap\"><b>Code</b></td><td><b>Display</b></td></tr><tr><td style=\"white-space:nowrap\"><a name=\"http---hcp.org-codes-health-service-provider-1\"> </a>1</td><td>Primary Care Provider Referring Provider.</td></tr><tr><td style=\"white-space:nowrap\"><a name=\"http---hcp.org-codes-health-service-provider-2\"> </a>2</td><td>Referring Provider.</td></tr><tr><td style=\"white-space:nowrap\"><a name=\"http---hcp.org-codes-health-service-provider-3\"> </a>3</td><td>Treating Provider.</td></tr><tr><td style=\"white-space:nowrap\"><a name=\"http---hcp.org-codes-health-service-provider-4\"> </a>4</td><td>Attending Provider.</td></tr><tr><td style=\"white-space:nowrap\"><a name=\"http---hcp.org-codes-health-service-provider-5\"> </a>5</td><td>Admitting Provider.</td></tr><tr><td style=\"white-space:nowrap\"><a name=\"http---hcp.org-codes-health-service-provider-6\"> </a>6</td><td>Consulting Provider.</td></tr><tr><td style=\"white-space:nowrap\"><a name=\"http---hcp.org-codes-health-service-provider-7\"> </a>7</td><td>Ordering Provider.</td></tr><tr><td style=\"white-space:nowrap\"><a name=\"http---hcp.org-codes-health-service-provider-8\"> </a>8</td><td>Dispensing Provider.</td></tr><tr><td style=\"white-space:nowrap\"><a name=\"http---hcp.org-codes-health-service-provider-9\"> </a>9</td><td>Discharge Provider.</td></tr><tr><td style=\"white-space:nowrap\"><a name=\"http---hcp.org-codes-health-service-provider-10\"> </a>10</td><td>Secondary Care Provider.</td></tr><tr><td style=\"white-space:nowrap\"><a name=\"http---hcp.org-codes-health-service-provider-11\"> </a>11</td><td>Tertiary Care Provider.</td></tr><tr><td style=\"white-space:nowrap\"><a name=\"http---hcp.org-codes-health-service-provider-12\"> </a>12</td><td>Transfusion Provider.</td></tr><tr><td style=\"white-space:nowrap\"><a name=\"http---hcp.org-codes-health-service-provider-13\"> </a>13</td><td>Others.</td></tr></table></div>"
      },
      "url" : "https://fhir-ig-demo/ValueSet/health-service-provider-role",
      "version" : "0.0.1",
      "name" : "Health Service Provider Role",
      "status" : "active",
      "date" : "2021-09-07",
      "publisher" : "HL7 International - HCX",
      "contact" : [{
        "name" : "HL7 International - HCX",
        "telecom" : [{
          "system" : "url",
          "value" : "https://www.swasth.app/"
        }]
      }],
      "description" : "This is the value set that includes the codes to identify health service provider",
      "expansion" : {
        "timestamp" : "2021-09-07T08:15:30+05:30",
        "contains" : [{
          "system" : "http://hcp.org/codes/health-service-provider",
          "code" : "1",
          "display" : "Primary Care Provider Referring Provider."
        },
        {
          "system" : "http://hcp.org/codes/health-service-provider",
          "code" : "2",
          "display" : "Referring Provider."
        },
        {
          "system" : "http://hcp.org/codes/health-service-provider",
          "code" : "3",
          "display" : "Treating Provider."
        },
        {
          "system" : "http://hcp.org/codes/health-service-provider",
          "code" : "4",
          "display" : "Attending Provider."
        },
        {
          "system" : "http://hcp.org/codes/health-service-provider",
          "code" : "5",
          "display" : "Admitting Provider."
        },
        {
          "system" : "http://hcp.org/codes/health-service-provider",
          "code" : "6",
          "display" : "Consulting Provider."
        },
        {
          "system" : "http://hcp.org/codes/health-service-provider",
          "code" : "7",
          "display" : "Ordering Provider."
        },
        {
          "system" : "http://hcp.org/codes/health-service-provider",
          "code" : "8",
          "display" : "Dispensing Provider."
        },
        {
          "system" : "http://hcp.org/codes/health-service-provider",
          "code" : "9",
          "display" : "Discharge Provider."
        },
        {
          "system" : "http://hcp.org/codes/health-service-provider",
          "code" : "10",
          "display" : "Secondary Care Provider."
        },
        {
          "system" : "http://hcp.org/codes/health-service-provider",
          "code" : "11",
          "display" : "Tertiary Care Provider."
        },
        {
          "system" : "http://hcp.org/codes/health-service-provider",
          "code" : "12",
          "display" : "Transfusion Provider."
        },
        {
          "system" : "http://hcp.org/codes/health-service-provider",
          "code" : "13",
          "display" : "Others."
        }]
      }
    }
  },
  {
    "fullUrl" : "https://fhir-ig-demo/ValueSet/insurance-company-owners",
    "resource" : {
      "resourceType" : "ValueSet",
      "id" : "insurance-company-owners",
      "text" : {
        "status" : "generated",
        "div" : "<div xmlns=\"http://www.w3.org/1999/xhtml\"><p>This value set contains 51 concepts</p><p>All codes from system <code>http://hcp.org/codes/insurance-company-owners</code></p><table class=\"codes\"><tr><td style=\"white-space:nowrap\"><b>Code</b></td><td><b>Display</b></td></tr><tr><td style=\"white-space:nowrap\"><a name=\"http---hcp.org-codes-insurance-company-owners-1\"> </a>1</td><td>Bajaj Allianz General Insurance Co. Ltd.</td></tr><tr><td style=\"white-space:nowrap\"><a name=\"http---hcp.org-codes-insurance-company-owners-2\"> </a>2</td><td>ICICI Lombard General Insurance Co. Ltd.</td></tr><tr><td style=\"white-space:nowrap\"><a name=\"http---hcp.org-codes-insurance-company-owners-3\"> </a>3</td><td>IFFCO Tokio General Insurance Co. Ltd.</td></tr><tr><td style=\"white-space:nowrap\"><a name=\"http---hcp.org-codes-insurance-company-owners-4\"> </a>4</td><td>National Insurance Co. Ltd.</td></tr><tr><td style=\"white-space:nowrap\"><a name=\"http---hcp.org-codes-insurance-company-owners-5\"> </a>5</td><td>The New India Assurance Co. Ltd.</td></tr><tr><td style=\"white-space:nowrap\"><a name=\"http---hcp.org-codes-insurance-company-owners-6\"> </a>6</td><td>The Oriental Insurance Co. Ltd.</td></tr><tr><td style=\"white-space:nowrap\"><a name=\"http---hcp.org-codes-insurance-company-owners-7\"> </a>7</td><td>United India Insurance Co. Ltd.</td></tr><tr><td style=\"white-space:nowrap\"><a name=\"http---hcp.org-codes-insurance-company-owners-8\"> </a>8</td><td>Reliance General Insurance Co. Ltd.</td></tr><tr><td style=\"white-space:nowrap\"><a name=\"http---hcp.org-codes-insurance-company-owners-9\"> </a>9</td><td>Royal Sundaram Alliance Insurance Co. Ltd</td></tr><tr><td style=\"white-space:nowrap\"><a name=\"http---hcp.org-codes-insurance-company-owners-10\"> </a>10</td><td>Tata AIG General Insurance Co. Ltd.</td></tr><tr><td style=\"white-space:nowrap\"><a name=\"http---hcp.org-codes-insurance-company-owners-11\"> </a>11</td><td>Cholamandalam MS General Insurance Co. Ltd.</td></tr><tr><td style=\"white-space:nowrap\"><a name=\"http---hcp.org-codes-insurance-company-owners-12\"> </a>12</td><td>HDFC ERGO General Insurance Co. Ltd.</td></tr><tr><td style=\"white-space:nowrap\"><a name=\"http---hcp.org-codes-insurance-company-owners-13\"> </a>13</td><td>Export Credit Guarantee Corporation of India Ltd.</td></tr><tr><td style=\"white-space:nowrap\"><a name=\"http---hcp.org-codes-insurance-company-owners-14\"> </a>14</td><td>Agriculture Insurance Co. of India Ltd.</td></tr><tr><td style=\"white-space:nowrap\"><a name=\"http---hcp.org-codes-insurance-company-owners-15\"> </a>15</td><td>Star Health and Allied Insurance Company Limited</td></tr><tr><td style=\"white-space:nowrap\"><a name=\"http---hcp.org-codes-insurance-company-owners-16\"> </a>16</td><td>Apollo Munich Health Insurance Company Limited</td></tr><tr><td style=\"white-space:nowrap\"><a name=\"http---hcp.org-codes-insurance-company-owners-17\"> </a>17</td><td>Universal Sompo General Insurance Co. Ltd.</td></tr><tr><td style=\"white-space:nowrap\"><a name=\"http---hcp.org-codes-insurance-company-owners-18\"> </a>18</td><td>Future Generali India Insurance Company Limited</td></tr><tr><td style=\"white-space:nowrap\"><a name=\"http---hcp.org-codes-insurance-company-owners-19\"> </a>19</td><td>Shriram General Insurance Company Limited</td></tr><tr><td style=\"white-space:nowrap\"><a name=\"http---hcp.org-codes-insurance-company-owners-20\"> </a>20</td><td>Bharti AXA General Insurance Company Limited</td></tr><tr><td style=\"white-space:nowrap\"><a name=\"http---hcp.org-codes-insurance-company-owners-21\"> </a>21</td><td>Raheja QBE General Insurance Company Limited</td></tr><tr><td style=\"white-space:nowrap\"><a name=\"http---hcp.org-codes-insurance-company-owners-22\"> </a>22</td><td>SBI General Insurance Company Limited</td></tr><tr><td style=\"white-space:nowrap\"><a name=\"http---hcp.org-codes-insurance-company-owners-23\"> </a>23</td><td>Max Bupa Health Insurance Company Ltd.2nd Floor, Salcon Rasvilas,</td></tr><tr><td style=\"white-space:nowrap\"><a name=\"http---hcp.org-codes-insurance-company-owners-24\"> </a>24</td><td>L&amp;T General Insurance Company Limited</td></tr><tr><td style=\"white-space:nowrap\"><a name=\"http---hcp.org-codes-insurance-company-owners-25\"> </a>25</td><td>Religare Health Insurance Company Limited</td></tr><tr><td style=\"white-space:nowrap\"><a name=\"http---hcp.org-codes-insurance-company-owners-26\"> </a>26</td><td>Magma HDI General Insurance Company Limited</td></tr><tr><td style=\"white-space:nowrap\"><a name=\"http---hcp.org-codes-insurance-company-owners-27\"> </a>27</td><td>Liberty Videocon General Insurance Company Limited,</td></tr><tr><td style=\"white-space:nowrap\"><a name=\"http---hcp.org-codes-insurance-company-owners-28\"> </a>28</td><td>Bajaj Allianz Life Insurance Company Limited</td></tr><tr><td style=\"white-space:nowrap\"><a name=\"http---hcp.org-codes-insurance-company-owners-29\"> </a>29</td><td>Birla Sun Life Insurance Co. Ltd</td></tr><tr><td style=\"white-space:nowrap\"><a name=\"http---hcp.org-codes-insurance-company-owners-30\"> </a>30</td><td>HDFC Standard Life Insurance Co. Ltd</td></tr><tr><td style=\"white-space:nowrap\"><a name=\"http---hcp.org-codes-insurance-company-owners-31\"> </a>31</td><td>ICICI Prudential Life Insurance Co. Ltd</td></tr><tr><td style=\"white-space:nowrap\"><a name=\"http---hcp.org-codes-insurance-company-owners-32\"> </a>32</td><td>ING Vysya Life Insurance Company Ltd.</td></tr><tr><td style=\"white-space:nowrap\"><a name=\"http---hcp.org-codes-insurance-company-owners-33\"> </a>33</td><td>Life Insurance Corporation of India</td></tr><tr><td style=\"white-space:nowrap\"><a name=\"http---hcp.org-codes-insurance-company-owners-34\"> </a>34</td><td>Max Life Insurance Co. Ltd</td></tr><tr><td style=\"white-space:nowrap\"><a name=\"http---hcp.org-codes-insurance-company-owners-35\"> </a>35</td><td>PNB Metlife India Insurance Co. Ltd.</td></tr><tr><td style=\"white-space:nowrap\"><a name=\"http---hcp.org-codes-insurance-company-owners-36\"> </a>36</td><td>Kotak Mahindra Old Mutual Life Insurance Limited</td></tr><tr><td style=\"white-space:nowrap\"><a name=\"http---hcp.org-codes-insurance-company-owners-37\"> </a>37</td><td>SBI Life Insurance Co. Ltd</td></tr><tr><td style=\"white-space:nowrap\"><a name=\"http---hcp.org-codes-insurance-company-owners-38\"> </a>38</td><td>Tata AIA Life Insurance Company Limited</td></tr><tr><td style=\"white-space:nowrap\"><a name=\"http---hcp.org-codes-insurance-company-owners-39\"> </a>39</td><td>Reliance Life Insurance Company Limited.</td></tr><tr><td style=\"white-space:nowrap\"><a name=\"http---hcp.org-codes-insurance-company-owners-40\"> </a>40</td><td>Aviva Life Insurance Company India Limited</td></tr><tr><td style=\"white-space:nowrap\"><a name=\"http---hcp.org-codes-insurance-company-owners-41\"> </a>41</td><td>Sahara India Life Insurance Co, Ltd.</td></tr><tr><td style=\"white-space:nowrap\"><a name=\"http---hcp.org-codes-insurance-company-owners-42\"> </a>42</td><td>Shriram Life Insurance Co, Ltd.</td></tr><tr><td style=\"white-space:nowrap\"><a name=\"http---hcp.org-codes-insurance-company-owners-43\"> </a>43</td><td>Bharti AXA Life Insurance Company Ltd.</td></tr><tr><td style=\"white-space:nowrap\"><a name=\"http---hcp.org-codes-insurance-company-owners-44\"> </a>44</td><td>Future Generali India Life Insurance Company Limited</td></tr><tr><td style=\"white-space:nowrap\"><a name=\"http---hcp.org-codes-insurance-company-owners-45\"> </a>45</td><td>IDBI Federal Life Insurance Company Ltd</td></tr><tr><td style=\"white-space:nowrap\"><a name=\"http---hcp.org-codes-insurance-company-owners-46\"> </a>46</td><td>Canara HSBC Oriental Bank of Commerce Life Insurance Company Ltd.</td></tr><tr><td style=\"white-space:nowrap\"><a name=\"http---hcp.org-codes-insurance-company-owners-47\"> </a>47</td><td>AEGON Religare Life Insurance Company Limited.</td></tr><tr><td style=\"white-space:nowrap\"><a name=\"http---hcp.org-codes-insurance-company-owners-48\"> </a>48</td><td>DLF Pramerica Life Insurance Co. Ltd.</td></tr><tr><td style=\"white-space:nowrap\"><a name=\"http---hcp.org-codes-insurance-company-owners-49\"> </a>49</td><td>Star Union Dai-ichi Life Insurance Co.</td></tr><tr><td style=\"white-space:nowrap\"><a name=\"http---hcp.org-codes-insurance-company-owners-50\"> </a>50</td><td>IndiaFirst Life Insurance Company Limited</td></tr><tr><td style=\"white-space:nowrap\"><a name=\"http---hcp.org-codes-insurance-company-owners-51\"> </a>51</td><td>Edelweiss Tokio Life Insurance Co. Ltd.</td></tr></table></div>"
      },
      "url" : "https://fhir-ig-demo/ValueSet/insurance-company-owners",
      "version" : "0.0.1",
      "name" : "Insurance Company Owners",
      "status" : "active",
      "date" : "2021-09-07",
      "publisher" : "HL7 International - HCX",
      "contact" : [{
        "name" : "HL7 International - HCX",
        "telecom" : [{
          "system" : "url",
          "value" : "https://www.swasth.app/"
        }]
      }],
      "description" : "This is the value set that includes the codes to identify the insurance company owners",
      "expansion" : {
        "timestamp" : "2021-09-07T08:15:30+05:30",
        "contains" : [{
          "system" : "http://hcp.org/codes/insurance-company-owners",
          "code" : "1",
          "display" : "Bajaj Allianz General Insurance Co. Ltd."
        },
        {
          "system" : "http://hcp.org/codes/insurance-company-owners",
          "code" : "2",
          "display" : "ICICI Lombard General Insurance Co. Ltd."
        },
        {
          "system" : "http://hcp.org/codes/insurance-company-owners",
          "code" : "3",
          "display" : "IFFCO Tokio General Insurance Co. Ltd."
        },
        {
          "system" : "http://hcp.org/codes/insurance-company-owners",
          "code" : "4",
          "display" : "National Insurance Co. Ltd."
        },
        {
          "system" : "http://hcp.org/codes/insurance-company-owners",
          "code" : "5",
          "display" : "The New India Assurance Co. Ltd."
        },
        {
          "system" : "http://hcp.org/codes/insurance-company-owners",
          "code" : "6",
          "display" : "The Oriental Insurance Co. Ltd."
        },
        {
          "system" : "http://hcp.org/codes/insurance-company-owners",
          "code" : "7",
          "display" : "United India Insurance Co. Ltd."
        },
        {
          "system" : "http://hcp.org/codes/insurance-company-owners",
          "code" : "8",
          "display" : "Reliance General Insurance Co. Ltd."
        },
        {
          "system" : "http://hcp.org/codes/insurance-company-owners",
          "code" : "9",
          "display" : "Royal Sundaram Alliance Insurance Co. Ltd"
        },
        {
          "system" : "http://hcp.org/codes/insurance-company-owners",
          "code" : "10",
          "display" : "Tata AIG General Insurance Co. Ltd."
        },
        {
          "system" : "http://hcp.org/codes/insurance-company-owners",
          "code" : "11",
          "display" : "Cholamandalam MS General Insurance Co. Ltd."
        },
        {
          "system" : "http://hcp.org/codes/insurance-company-owners",
          "code" : "12",
          "display" : "HDFC ERGO General Insurance Co. Ltd."
        },
        {
          "system" : "http://hcp.org/codes/insurance-company-owners",
          "code" : "13",
          "display" : "Export Credit Guarantee Corporation of India Ltd."
        },
        {
          "system" : "http://hcp.org/codes/insurance-company-owners",
          "code" : "14",
          "display" : "Agriculture Insurance Co. of India Ltd."
        },
        {
          "system" : "http://hcp.org/codes/insurance-company-owners",
          "code" : "15",
          "display" : "Star Health and Allied Insurance Company Limited"
        },
        {
          "system" : "http://hcp.org/codes/insurance-company-owners",
          "code" : "16",
          "display" : "Apollo Munich Health Insurance Company Limited"
        },
        {
          "system" : "http://hcp.org/codes/insurance-company-owners",
          "code" : "17",
          "display" : "Universal Sompo General Insurance Co. Ltd."
        },
        {
          "system" : "http://hcp.org/codes/insurance-company-owners",
          "code" : "18",
          "display" : "Future Generali India Insurance Company Limited"
        },
        {
          "system" : "http://hcp.org/codes/insurance-company-owners",
          "code" : "19",
          "display" : "Shriram General Insurance Company Limited"
        },
        {
          "system" : "http://hcp.org/codes/insurance-company-owners",
          "code" : "20",
          "display" : "Bharti AXA General Insurance Company Limited"
        },
        {
          "system" : "http://hcp.org/codes/insurance-company-owners",
          "code" : "21",
          "display" : "Raheja QBE General Insurance Company Limited"
        },
        {
          "system" : "http://hcp.org/codes/insurance-company-owners",
          "code" : "22",
          "display" : "SBI General Insurance Company Limited"
        },
        {
          "system" : "http://hcp.org/codes/insurance-company-owners",
          "code" : "23",
          "display" : "Max Bupa Health Insurance Company Ltd.2nd Floor, Salcon Rasvilas,"
        },
        {
          "system" : "http://hcp.org/codes/insurance-company-owners",
          "code" : "24",
          "display" : "L&T General Insurance Company Limited"
        },
        {
          "system" : "http://hcp.org/codes/insurance-company-owners",
          "code" : "25",
          "display" : "Religare Health Insurance Company Limited"
        },
        {
          "system" : "http://hcp.org/codes/insurance-company-owners",
          "code" : "26",
          "display" : "Magma HDI General Insurance Company Limited"
        },
        {
          "system" : "http://hcp.org/codes/insurance-company-owners",
          "code" : "27",
          "display" : "Liberty Videocon General Insurance Company Limited,"
        },
        {
          "system" : "http://hcp.org/codes/insurance-company-owners",
          "code" : "28",
          "display" : "Bajaj Allianz Life Insurance Company Limited"
        },
        {
          "system" : "http://hcp.org/codes/insurance-company-owners",
          "code" : "29",
          "display" : "Birla Sun Life Insurance Co. Ltd"
        },
        {
          "system" : "http://hcp.org/codes/insurance-company-owners",
          "code" : "30",
          "display" : "HDFC Standard Life Insurance Co. Ltd"
        },
        {
          "system" : "http://hcp.org/codes/insurance-company-owners",
          "code" : "31",
          "display" : "ICICI Prudential Life Insurance Co. Ltd"
        },
        {
          "system" : "http://hcp.org/codes/insurance-company-owners",
          "code" : "32",
          "display" : "ING Vysya Life Insurance Company Ltd."
        },
        {
          "system" : "http://hcp.org/codes/insurance-company-owners",
          "code" : "33",
          "display" : "Life Insurance Corporation of India"
        },
        {
          "system" : "http://hcp.org/codes/insurance-company-owners",
          "code" : "34",
          "display" : "Max Life Insurance Co. Ltd"
        },
        {
          "system" : "http://hcp.org/codes/insurance-company-owners",
          "code" : "35",
          "display" : "PNB Metlife India Insurance Co. Ltd."
        },
        {
          "system" : "http://hcp.org/codes/insurance-company-owners",
          "code" : "36",
          "display" : "Kotak Mahindra Old Mutual Life Insurance Limited"
        },
        {
          "system" : "http://hcp.org/codes/insurance-company-owners",
          "code" : "37",
          "display" : "SBI Life Insurance Co. Ltd"
        },
        {
          "system" : "http://hcp.org/codes/insurance-company-owners",
          "code" : "38",
          "display" : "Tata AIA Life Insurance Company Limited"
        },
        {
          "system" : "http://hcp.org/codes/insurance-company-owners",
          "code" : "39",
          "display" : "Reliance Life Insurance Company Limited."
        },
        {
          "system" : "http://hcp.org/codes/insurance-company-owners",
          "code" : "40",
          "display" : "Aviva Life Insurance Company India Limited"
        },
        {
          "system" : "http://hcp.org/codes/insurance-company-owners",
          "code" : "41",
          "display" : "Sahara India Life Insurance Co, Ltd."
        },
        {
          "system" : "http://hcp.org/codes/insurance-company-owners",
          "code" : "42",
          "display" : "Shriram Life Insurance Co, Ltd."
        },
        {
          "system" : "http://hcp.org/codes/insurance-company-owners",
          "code" : "43",
          "display" : "Bharti AXA Life Insurance Company Ltd."
        },
        {
          "system" : "http://hcp.org/codes/insurance-company-owners",
          "code" : "44",
          "display" : "Future Generali India Life Insurance Company Limited"
        },
        {
          "system" : "http://hcp.org/codes/insurance-company-owners",
          "code" : "45",
          "display" : "IDBI Federal Life Insurance Company Ltd"
        },
        {
          "system" : "http://hcp.org/codes/insurance-company-owners",
          "code" : "46",
          "display" : "Canara HSBC Oriental Bank of Commerce Life Insurance Company Ltd."
        },
        {
          "system" : "http://hcp.org/codes/insurance-company-owners",
          "code" : "47",
          "display" : "AEGON Religare Life Insurance Company Limited."
        },
        {
          "system" : "http://hcp.org/codes/insurance-company-owners",
          "code" : "48",
          "display" : "DLF Pramerica Life Insurance Co. Ltd."
        },
        {
          "system" : "http://hcp.org/codes/insurance-company-owners",
          "code" : "49",
          "display" : "Star Union Dai-ichi Life Insurance Co."
        },
        {
          "system" : "http://hcp.org/codes/insurance-company-owners",
          "code" : "50",
          "display" : "IndiaFirst Life Insurance Company Limited"
        },
        {
          "system" : "http://hcp.org/codes/insurance-company-owners",
          "code" : "51",
          "display" : "Edelweiss Tokio Life Insurance Co. Ltd."
        }]
      }
    }
  },
  {
    "fullUrl" : "https://fhir-ig-demo/ValueSet/medical-specialty-provider",
    "resource" : {
      "resourceType" : "ValueSet",
      "id" : "medical-specialty-provider",
      "text" : {
        "status" : "generated",
        "div" : "<div xmlns=\"http://www.w3.org/1999/xhtml\"><p>This value set contains 89 concepts</p><p>All codes from system <code>http://hcp.org/codes/medical-specility-type-provider</code></p><table class=\"codes\"><tr><td style=\"white-space:nowrap\"><b>Code</b></td><td><b>Display</b></td></tr><tr><td style=\"white-space:nowrap\"><a name=\"http---hcp.org-codes-medical-specility-type-provider-1\"> </a>1</td><td>General Medicine</td></tr><tr><td style=\"white-space:nowrap\"><a name=\"http---hcp.org-codes-medical-specility-type-provider-2\"> </a>2</td><td>Dental surgery</td></tr><tr><td style=\"white-space:nowrap\"><a name=\"http---hcp.org-codes-medical-specility-type-provider-3\"> </a>3</td><td>Nursing</td></tr><tr><td style=\"white-space:nowrap\"><a name=\"http---hcp.org-codes-medical-specility-type-provider-4\"> </a>4</td><td>Pharmacy</td></tr><tr><td style=\"white-space:nowrap\"><a name=\"http---hcp.org-codes-medical-specility-type-provider-5\"> </a>5</td><td>Nursing Midwifery</td></tr><tr><td style=\"white-space:nowrap\"><a name=\"http---hcp.org-codes-medical-specility-type-provider-6\"> </a>6</td><td>Military surgeons</td></tr><tr><td style=\"white-space:nowrap\"><a name=\"http---hcp.org-codes-medical-specility-type-provider-7\"> </a>7</td><td>Cardio Thoracic and Vascular Surgery</td></tr><tr><td style=\"white-space:nowrap\"><a name=\"http---hcp.org-codes-medical-specility-type-provider-8\"> </a>8</td><td>Cardiology</td></tr><tr><td style=\"white-space:nowrap\"><a name=\"http---hcp.org-codes-medical-specility-type-provider-9\"> </a>9</td><td>Allergy</td></tr><tr><td style=\"white-space:nowrap\"><a name=\"http---hcp.org-codes-medical-specility-type-provider-10\"> </a>10</td><td>Chest Medicine</td></tr><tr><td style=\"white-space:nowrap\"><a name=\"http---hcp.org-codes-medical-specility-type-provider-11\"> </a>11</td><td>Clinical Psychology</td></tr><tr><td style=\"white-space:nowrap\"><a name=\"http---hcp.org-codes-medical-specility-type-provider-12\"> </a>12</td><td>Cosmetic Dentistry</td></tr><tr><td style=\"white-space:nowrap\"><a name=\"http---hcp.org-codes-medical-specility-type-provider-13\"> </a>13</td><td>Cosmetic Surgery</td></tr><tr><td style=\"white-space:nowrap\"><a name=\"http---hcp.org-codes-medical-specility-type-provider-14\"> </a>14</td><td>Endodontics</td></tr><tr><td style=\"white-space:nowrap\"><a name=\"http---hcp.org-codes-medical-specility-type-provider-15\"> </a>15</td><td>ENT</td></tr><tr><td style=\"white-space:nowrap\"><a name=\"http---hcp.org-codes-medical-specility-type-provider-16\"> </a>16</td><td>Critical Care</td></tr><tr><td style=\"white-space:nowrap\"><a name=\"http---hcp.org-codes-medical-specility-type-provider-17\"> </a>17</td><td>Dental Implants &amp; Cosmetic Dentistry</td></tr><tr><td style=\"white-space:nowrap\"><a name=\"http---hcp.org-codes-medical-specility-type-provider-18\"> </a>18</td><td>Dermatology Venereology and Leprology</td></tr><tr><td style=\"white-space:nowrap\"><a name=\"http---hcp.org-codes-medical-specility-type-provider-19\"> </a>19</td><td>Dermatology</td></tr><tr><td style=\"white-space:nowrap\"><a name=\"http---hcp.org-codes-medical-specility-type-provider-20\"> </a>20</td><td>Facial Plastic Surgery</td></tr><tr><td style=\"white-space:nowrap\"><a name=\"http---hcp.org-codes-medical-specility-type-provider-21\"> </a>21</td><td>Diabetology</td></tr><tr><td style=\"white-space:nowrap\"><a name=\"http---hcp.org-codes-medical-specility-type-provider-22\"> </a>22</td><td>Endocrinology</td></tr><tr><td style=\"white-space:nowrap\"><a name=\"http---hcp.org-codes-medical-specility-type-provider-23\"> </a>23</td><td>Diet and Nutrition</td></tr><tr><td style=\"white-space:nowrap\"><a name=\"http---hcp.org-codes-medical-specility-type-provider-24\"> </a>24</td><td>Diabetology &amp; Internal Medicine</td></tr><tr><td style=\"white-space:nowrap\"><a name=\"http---hcp.org-codes-medical-specility-type-provider-25\"> </a>25</td><td>Gastrosurgery</td></tr><tr><td style=\"white-space:nowrap\"><a name=\"http---hcp.org-codes-medical-specility-type-provider-26\"> </a>26</td><td>Gastroenterology</td></tr><tr><td style=\"white-space:nowrap\"><a name=\"http---hcp.org-codes-medical-specility-type-provider-27\"> </a>27</td><td>General Medicine</td></tr><tr><td style=\"white-space:nowrap\"><a name=\"http---hcp.org-codes-medical-specility-type-provider-28\"> </a>28</td><td>General Surgery</td></tr><tr><td style=\"white-space:nowrap\"><a name=\"http---hcp.org-codes-medical-specility-type-provider-29\"> </a>29</td><td>General Surgery &amp; Laparoscopic Surgery</td></tr><tr><td style=\"white-space:nowrap\"><a name=\"http---hcp.org-codes-medical-specility-type-provider-30\"> </a>30</td><td>Gynecology &amp; Ultrasonology</td></tr><tr><td style=\"white-space:nowrap\"><a name=\"http---hcp.org-codes-medical-specility-type-provider-31\"> </a>31</td><td>Head &amp; Neck Surgery</td></tr><tr><td style=\"white-space:nowrap\"><a name=\"http---hcp.org-codes-medical-specility-type-provider-32\"> </a>32</td><td>Head &amp; Neck Surgical Oncology</td></tr><tr><td style=\"white-space:nowrap\"><a name=\"http---hcp.org-codes-medical-specility-type-provider-33\"> </a>33</td><td>Hepato Pancreato Biliary Surgery</td></tr><tr><td style=\"white-space:nowrap\"><a name=\"http---hcp.org-codes-medical-specility-type-provider-34\"> </a>34</td><td>Infectious Disease medicine</td></tr><tr><td style=\"white-space:nowrap\"><a name=\"http---hcp.org-codes-medical-specility-type-provider-35\"> </a>35</td><td>Internal Medicine</td></tr><tr><td style=\"white-space:nowrap\"><a name=\"http---hcp.org-codes-medical-specility-type-provider-36\"> </a>36</td><td>Internal Medicine &amp; Diabetics</td></tr><tr><td style=\"white-space:nowrap\"><a name=\"http---hcp.org-codes-medical-specility-type-provider-37\"> </a>37</td><td>Neuro Surgery</td></tr><tr><td style=\"white-space:nowrap\"><a name=\"http---hcp.org-codes-medical-specility-type-provider-38\"> </a>38</td><td>Resident Physicians</td></tr><tr><td style=\"white-space:nowrap\"><a name=\"http---hcp.org-codes-medical-specility-type-provider-39\"> </a>39</td><td>Respiratory Allergy And Sleep Medicine</td></tr><tr><td style=\"white-space:nowrap\"><a name=\"http---hcp.org-codes-medical-specility-type-provider-40\"> </a>40</td><td>Rheumatology</td></tr><tr><td style=\"white-space:nowrap\"><a name=\"http---hcp.org-codes-medical-specility-type-provider-41\"> </a>41</td><td>Sexual Medicine</td></tr><tr><td style=\"white-space:nowrap\"><a name=\"http---hcp.org-codes-medical-specility-type-provider-42\"> </a>42</td><td>Spine Surgery</td></tr><tr><td style=\"white-space:nowrap\"><a name=\"http---hcp.org-codes-medical-specility-type-provider-43\"> </a>43</td><td>Sports Medicine</td></tr><tr><td style=\"white-space:nowrap\"><a name=\"http---hcp.org-codes-medical-specility-type-provider-44\"> </a>44</td><td>Surgical Gastroenterology</td></tr><tr><td style=\"white-space:nowrap\"><a name=\"http---hcp.org-codes-medical-specility-type-provider-45\"> </a>45</td><td>Surgical Oncology</td></tr><tr><td style=\"white-space:nowrap\"><a name=\"http---hcp.org-codes-medical-specility-type-provider-46\"> </a>46</td><td>Urology</td></tr><tr><td style=\"white-space:nowrap\"><a name=\"http---hcp.org-codes-medical-specility-type-provider-47\"> </a>47</td><td>Physiotherapy</td></tr><tr><td style=\"white-space:nowrap\"><a name=\"http---hcp.org-codes-medical-specility-type-provider-48\"> </a>48</td><td>Physiotherapy &amp; Rehabilitation</td></tr><tr><td style=\"white-space:nowrap\"><a name=\"http---hcp.org-codes-medical-specility-type-provider-49\"> </a>49</td><td>Plastic and Cosmetic Surgery</td></tr><tr><td style=\"white-space:nowrap\"><a name=\"http---hcp.org-codes-medical-specility-type-provider-50\"> </a>50</td><td>Plastic Surgery</td></tr><tr><td style=\"white-space:nowrap\"><a name=\"http---hcp.org-codes-medical-specility-type-provider-51\"> </a>51</td><td>Podiatry</td></tr><tr><td style=\"white-space:nowrap\"><a name=\"http---hcp.org-codes-medical-specility-type-provider-52\"> </a>52</td><td>Prosthodontics &amp; Implants</td></tr><tr><td style=\"white-space:nowrap\"><a name=\"http---hcp.org-codes-medical-specility-type-provider-53\"> </a>53</td><td>Psychiatry</td></tr><tr><td style=\"white-space:nowrap\"><a name=\"http---hcp.org-codes-medical-specility-type-provider-54\"> </a>54</td><td>Pulmonology</td></tr><tr><td style=\"white-space:nowrap\"><a name=\"http---hcp.org-codes-medical-specility-type-provider-55\"> </a>55</td><td>Radiation Oncology</td></tr><tr><td style=\"white-space:nowrap\"><a name=\"http---hcp.org-codes-medical-specility-type-provider-56\"> </a>56</td><td>Radiology</td></tr><tr><td style=\"white-space:nowrap\"><a name=\"http---hcp.org-codes-medical-specility-type-provider-57\"> </a>57</td><td>Laparoscopic and Robotic Surgery</td></tr><tr><td style=\"white-space:nowrap\"><a name=\"http---hcp.org-codes-medical-specility-type-provider-58\"> </a>58</td><td>Medical Gastroenterology</td></tr><tr><td style=\"white-space:nowrap\"><a name=\"http---hcp.org-codes-medical-specility-type-provider-59\"> </a>59</td><td>Medical Oncology</td></tr><tr><td style=\"white-space:nowrap\"><a name=\"http---hcp.org-codes-medical-specility-type-provider-60\"> </a>60</td><td>Nephrology</td></tr><tr><td style=\"white-space:nowrap\"><a name=\"http---hcp.org-codes-medical-specility-type-provider-61\"> </a>61</td><td>Neurology</td></tr><tr><td style=\"white-space:nowrap\"><a name=\"http---hcp.org-codes-medical-specility-type-provider-62\"> </a>62</td><td>Neurology &amp; Neuro Surgery</td></tr><tr><td style=\"white-space:nowrap\"><a name=\"http---hcp.org-codes-medical-specility-type-provider-63\"> </a>63</td><td>Neuropsychiatry</td></tr><tr><td style=\"white-space:nowrap\"><a name=\"http---hcp.org-codes-medical-specility-type-provider-64\"> </a>64</td><td>Neurosurgery</td></tr><tr><td style=\"white-space:nowrap\"><a name=\"http---hcp.org-codes-medical-specility-type-provider-65\"> </a>65</td><td>Obstetrics &amp; Gynecology</td></tr><tr><td style=\"white-space:nowrap\"><a name=\"http---hcp.org-codes-medical-specility-type-provider-66\"> </a>66</td><td>Oncology</td></tr><tr><td style=\"white-space:nowrap\"><a name=\"http---hcp.org-codes-medical-specility-type-provider-67\"> </a>67</td><td>Ophthalmology</td></tr><tr><td style=\"white-space:nowrap\"><a name=\"http---hcp.org-codes-medical-specility-type-provider-68\"> </a>68</td><td>Oral &amp; Maxillofacial Surgery</td></tr><tr><td style=\"white-space:nowrap\"><a name=\"http---hcp.org-codes-medical-specility-type-provider-69\"> </a>69</td><td>Ortho Dontia</td></tr><tr><td style=\"white-space:nowrap\"><a name=\"http---hcp.org-codes-medical-specility-type-provider-70\"> </a>70</td><td>Orthopedic Surgeon</td></tr><tr><td style=\"white-space:nowrap\"><a name=\"http---hcp.org-codes-medical-specility-type-provider-71\"> </a>71</td><td>Orthopedics</td></tr><tr><td style=\"white-space:nowrap\"><a name=\"http---hcp.org-codes-medical-specility-type-provider-72\"> </a>72</td><td>Orthopedics &amp; Sports Medicine</td></tr><tr><td style=\"white-space:nowrap\"><a name=\"http---hcp.org-codes-medical-specility-type-provider-73\"> </a>73</td><td>Orthopedics And Spine Surgery</td></tr><tr><td style=\"white-space:nowrap\"><a name=\"http---hcp.org-codes-medical-specility-type-provider-74\"> </a>74</td><td>Orthopedics And Upper Limb Surgery</td></tr><tr><td style=\"white-space:nowrap\"><a name=\"http---hcp.org-codes-medical-specility-type-provider-75\"> </a>75</td><td>Pediatric Endocrinology</td></tr><tr><td style=\"white-space:nowrap\"><a name=\"http---hcp.org-codes-medical-specility-type-provider-76\"> </a>76</td><td>Pediatric Ophthalmology And Squint</td></tr><tr><td style=\"white-space:nowrap\"><a name=\"http---hcp.org-codes-medical-specility-type-provider-77\"> </a>77</td><td>Paediatrics</td></tr><tr><td style=\"white-space:nowrap\"><a name=\"http---hcp.org-codes-medical-specility-type-provider-78\"> </a>78</td><td>Paediatrics &amp; Neonatology</td></tr><tr><td style=\"white-space:nowrap\"><a name=\"http---hcp.org-codes-medical-specility-type-provider-79\"> </a>79</td><td>Paediatrics - Nephrology</td></tr><tr><td style=\"white-space:nowrap\"><a name=\"http---hcp.org-codes-medical-specility-type-provider-80\"> </a>80</td><td>Paediatrics - Neurology</td></tr><tr><td style=\"white-space:nowrap\"><a name=\"http---hcp.org-codes-medical-specility-type-provider-81\"> </a>81</td><td>Paediatrics - Surgery</td></tr><tr><td style=\"white-space:nowrap\"><a name=\"http---hcp.org-codes-medical-specility-type-provider-82\"> </a>82</td><td>Pathology</td></tr><tr><td style=\"white-space:nowrap\"><a name=\"http---hcp.org-codes-medical-specility-type-provider-83\"> </a>83</td><td>Peadodontology (Child Dentistry)</td></tr><tr><td style=\"white-space:nowrap\"><a name=\"http---hcp.org-codes-medical-specility-type-provider-84\"> </a>84</td><td>Pediatric Pulmonology</td></tr><tr><td style=\"white-space:nowrap\"><a name=\"http---hcp.org-codes-medical-specility-type-provider-85\"> </a>85</td><td>Periodontia</td></tr><tr><td style=\"white-space:nowrap\"><a name=\"http---hcp.org-codes-medical-specility-type-provider-86\"> </a>86</td><td>Periodontology and Implantology</td></tr><tr><td style=\"white-space:nowrap\"><a name=\"http---hcp.org-codes-medical-specility-type-provider-87\"> </a>87</td><td>Peripheral Vascular Surgery</td></tr><tr><td style=\"white-space:nowrap\"><a name=\"http---hcp.org-codes-medical-specility-type-provider-88\"> </a>88</td><td>Physical Medicine &amp; Rehabilitation</td></tr><tr><td style=\"white-space:nowrap\"><a name=\"http---hcp.org-codes-medical-specility-type-provider-89\"> </a>89</td><td>Physician &amp; Diabetology</td></tr></table></div>"
      },
      "url" : "https://fhir-ig-demo/ValueSet/medical-specialty-provider",
      "version" : "0.0.1",
      "name" : "Medical Speciality Type Provider",
      "status" : "active",
      "date" : "2021-09-07",
      "publisher" : "HL7 International - HCX",
      "contact" : [{
        "name" : "HL7 International - HCX",
        "telecom" : [{
          "system" : "url",
          "value" : "https://www.swasth.app/"
        }]
      }],
      "description" : "This is the value set that includes the codes to identify the medical specialty provider",
      "expansion" : {
        "timestamp" : "2021-09-07T08:15:30+05:30",
        "contains" : [{
          "system" : "http://hcp.org/codes/medical-specility-type-provider",
          "code" : "1",
          "display" : "General Medicine"
        },
        {
          "system" : "http://hcp.org/codes/medical-specility-type-provider",
          "code" : "2",
          "display" : "Dental surgery"
        },
        {
          "system" : "http://hcp.org/codes/medical-specility-type-provider",
          "code" : "3",
          "display" : "Nursing"
        },
        {
          "system" : "http://hcp.org/codes/medical-specility-type-provider",
          "code" : "4",
          "display" : "Pharmacy"
        },
        {
          "system" : "http://hcp.org/codes/medical-specility-type-provider",
          "code" : "5",
          "display" : "Nursing Midwifery"
        },
        {
          "system" : "http://hcp.org/codes/medical-specility-type-provider",
          "code" : "6",
          "display" : "Military surgeons"
        },
        {
          "system" : "http://hcp.org/codes/medical-specility-type-provider",
          "code" : "7",
          "display" : "Cardio Thoracic and Vascular Surgery"
        },
        {
          "system" : "http://hcp.org/codes/medical-specility-type-provider",
          "code" : "8",
          "display" : "Cardiology"
        },
        {
          "system" : "http://hcp.org/codes/medical-specility-type-provider",
          "code" : "9",
          "display" : "Allergy"
        },
        {
          "system" : "http://hcp.org/codes/medical-specility-type-provider",
          "code" : "10",
          "display" : "Chest Medicine"
        },
        {
          "system" : "http://hcp.org/codes/medical-specility-type-provider",
          "code" : "11",
          "display" : "Clinical Psychology"
        },
        {
          "system" : "http://hcp.org/codes/medical-specility-type-provider",
          "code" : "12",
          "display" : "Cosmetic Dentistry"
        },
        {
          "system" : "http://hcp.org/codes/medical-specility-type-provider",
          "code" : "13",
          "display" : "Cosmetic Surgery"
        },
        {
          "system" : "http://hcp.org/codes/medical-specility-type-provider",
          "code" : "14",
          "display" : "Endodontics"
        },
        {
          "system" : "http://hcp.org/codes/medical-specility-type-provider",
          "code" : "15",
          "display" : "ENT"
        },
        {
          "system" : "http://hcp.org/codes/medical-specility-type-provider",
          "code" : "16",
          "display" : "Critical Care"
        },
        {
          "system" : "http://hcp.org/codes/medical-specility-type-provider",
          "code" : "17",
          "display" : "Dental Implants & Cosmetic Dentistry"
        },
        {
          "system" : "http://hcp.org/codes/medical-specility-type-provider",
          "code" : "18",
          "display" : "Dermatology Venereology and Leprology"
        },
        {
          "system" : "http://hcp.org/codes/medical-specility-type-provider",
          "code" : "19",
          "display" : "Dermatology"
        },
        {
          "system" : "http://hcp.org/codes/medical-specility-type-provider",
          "code" : "20",
          "display" : "Facial Plastic Surgery"
        },
        {
          "system" : "http://hcp.org/codes/medical-specility-type-provider",
          "code" : "21",
          "display" : "Diabetology"
        },
        {
          "system" : "http://hcp.org/codes/medical-specility-type-provider",
          "code" : "22",
          "display" : "Endocrinology"
        },
        {
          "system" : "http://hcp.org/codes/medical-specility-type-provider",
          "code" : "23",
          "display" : "Diet and Nutrition"
        },
        {
          "system" : "http://hcp.org/codes/medical-specility-type-provider",
          "code" : "24",
          "display" : "Diabetology & Internal Medicine"
        },
        {
          "system" : "http://hcp.org/codes/medical-specility-type-provider",
          "code" : "25",
          "display" : "Gastrosurgery"
        },
        {
          "system" : "http://hcp.org/codes/medical-specility-type-provider",
          "code" : "26",
          "display" : "Gastroenterology"
        },
        {
          "system" : "http://hcp.org/codes/medical-specility-type-provider",
          "code" : "27",
          "display" : "General Medicine"
        },
        {
          "system" : "http://hcp.org/codes/medical-specility-type-provider",
          "code" : "28",
          "display" : "General Surgery"
        },
        {
          "system" : "http://hcp.org/codes/medical-specility-type-provider",
          "code" : "29",
          "display" : "General Surgery & Laparoscopic Surgery"
        },
        {
          "system" : "http://hcp.org/codes/medical-specility-type-provider",
          "code" : "30",
          "display" : "Gynecology & Ultrasonology"
        },
        {
          "system" : "http://hcp.org/codes/medical-specility-type-provider",
          "code" : "31",
          "display" : "Head & Neck Surgery"
        },
        {
          "system" : "http://hcp.org/codes/medical-specility-type-provider",
          "code" : "32",
          "display" : "Head & Neck Surgical Oncology"
        },
        {
          "system" : "http://hcp.org/codes/medical-specility-type-provider",
          "code" : "33",
          "display" : "Hepato Pancreato Biliary Surgery"
        },
        {
          "system" : "http://hcp.org/codes/medical-specility-type-provider",
          "code" : "34",
          "display" : "Infectious Disease medicine"
        },
        {
          "system" : "http://hcp.org/codes/medical-specility-type-provider",
          "code" : "35",
          "display" : "Internal Medicine"
        },
        {
          "system" : "http://hcp.org/codes/medical-specility-type-provider",
          "code" : "36",
          "display" : "Internal Medicine & Diabetics"
        },
        {
          "system" : "http://hcp.org/codes/medical-specility-type-provider",
          "code" : "37",
          "display" : "Neuro Surgery"
        },
        {
          "system" : "http://hcp.org/codes/medical-specility-type-provider",
          "code" : "38",
          "display" : "Resident Physicians"
        },
        {
          "system" : "http://hcp.org/codes/medical-specility-type-provider",
          "code" : "39",
          "display" : "Respiratory Allergy And Sleep Medicine"
        },
        {
          "system" : "http://hcp.org/codes/medical-specility-type-provider",
          "code" : "40",
          "display" : "Rheumatology"
        },
        {
          "system" : "http://hcp.org/codes/medical-specility-type-provider",
          "code" : "41",
          "display" : "Sexual Medicine"
        },
        {
          "system" : "http://hcp.org/codes/medical-specility-type-provider",
          "code" : "42",
          "display" : "Spine Surgery"
        },
        {
          "system" : "http://hcp.org/codes/medical-specility-type-provider",
          "code" : "43",
          "display" : "Sports Medicine"
        },
        {
          "system" : "http://hcp.org/codes/medical-specility-type-provider",
          "code" : "44",
          "display" : "Surgical Gastroenterology"
        },
        {
          "system" : "http://hcp.org/codes/medical-specility-type-provider",
          "code" : "45",
          "display" : "Surgical Oncology"
        },
        {
          "system" : "http://hcp.org/codes/medical-specility-type-provider",
          "code" : "46",
          "display" : "Urology"
        },
        {
          "system" : "http://hcp.org/codes/medical-specility-type-provider",
          "code" : "47",
          "display" : "Physiotherapy"
        },
        {
          "system" : "http://hcp.org/codes/medical-specility-type-provider",
          "code" : "48",
          "display" : "Physiotherapy & Rehabilitation"
        },
        {
          "system" : "http://hcp.org/codes/medical-specility-type-provider",
          "code" : "49",
          "display" : "Plastic and Cosmetic Surgery"
        },
        {
          "system" : "http://hcp.org/codes/medical-specility-type-provider",
          "code" : "50",
          "display" : "Plastic Surgery"
        },
        {
          "system" : "http://hcp.org/codes/medical-specility-type-provider",
          "code" : "51",
          "display" : "Podiatry"
        },
        {
          "system" : "http://hcp.org/codes/medical-specility-type-provider",
          "code" : "52",
          "display" : "Prosthodontics & Implants"
        },
        {
          "system" : "http://hcp.org/codes/medical-specility-type-provider",
          "code" : "53",
          "display" : "Psychiatry"
        },
        {
          "system" : "http://hcp.org/codes/medical-specility-type-provider",
          "code" : "54",
          "display" : "Pulmonology"
        },
        {
          "system" : "http://hcp.org/codes/medical-specility-type-provider",
          "code" : "55",
          "display" : "Radiation Oncology"
        },
        {
          "system" : "http://hcp.org/codes/medical-specility-type-provider",
          "code" : "56",
          "display" : "Radiology"
        },
        {
          "system" : "http://hcp.org/codes/medical-specility-type-provider",
          "code" : "57",
          "display" : "Laparoscopic and Robotic Surgery"
        },
        {
          "system" : "http://hcp.org/codes/medical-specility-type-provider",
          "code" : "58",
          "display" : "Medical Gastroenterology"
        },
        {
          "system" : "http://hcp.org/codes/medical-specility-type-provider",
          "code" : "59",
          "display" : "Medical Oncology"
        },
        {
          "system" : "http://hcp.org/codes/medical-specility-type-provider",
          "code" : "60",
          "display" : "Nephrology"
        },
        {
          "system" : "http://hcp.org/codes/medical-specility-type-provider",
          "code" : "61",
          "display" : "Neurology"
        },
        {
          "system" : "http://hcp.org/codes/medical-specility-type-provider",
          "code" : "62",
          "display" : "Neurology & Neuro Surgery"
        },
        {
          "system" : "http://hcp.org/codes/medical-specility-type-provider",
          "code" : "63",
          "display" : "Neuropsychiatry"
        },
        {
          "system" : "http://hcp.org/codes/medical-specility-type-provider",
          "code" : "64",
          "display" : "Neurosurgery"
        },
        {
          "system" : "http://hcp.org/codes/medical-specility-type-provider",
          "code" : "65",
          "display" : "Obstetrics & Gynecology"
        },
        {
          "system" : "http://hcp.org/codes/medical-specility-type-provider",
          "code" : "66",
          "display" : "Oncology"
        },
        {
          "system" : "http://hcp.org/codes/medical-specility-type-provider",
          "code" : "67",
          "display" : "Ophthalmology"
        },
        {
          "system" : "http://hcp.org/codes/medical-specility-type-provider",
          "code" : "68",
          "display" : "Oral & Maxillofacial Surgery"
        },
        {
          "system" : "http://hcp.org/codes/medical-specility-type-provider",
          "code" : "69",
          "display" : "Ortho Dontia"
        },
        {
          "system" : "http://hcp.org/codes/medical-specility-type-provider",
          "code" : "70",
          "display" : "Orthopedic Surgeon"
        },
        {
          "system" : "http://hcp.org/codes/medical-specility-type-provider",
          "code" : "71",
          "display" : "Orthopedics"
        },
        {
          "system" : "http://hcp.org/codes/medical-specility-type-provider",
          "code" : "72",
          "display" : "Orthopedics & Sports Medicine"
        },
        {
          "system" : "http://hcp.org/codes/medical-specility-type-provider",
          "code" : "73",
          "display" : "Orthopedics And Spine Surgery"
        },
        {
          "system" : "http://hcp.org/codes/medical-specility-type-provider",
          "code" : "74",
          "display" : "Orthopedics And Upper Limb Surgery"
        },
        {
          "system" : "http://hcp.org/codes/medical-specility-type-provider",
          "code" : "75",
          "display" : "Pediatric Endocrinology"
        },
        {
          "system" : "http://hcp.org/codes/medical-specility-type-provider",
          "code" : "76",
          "display" : "Pediatric Ophthalmology And Squint"
        },
        {
          "system" : "http://hcp.org/codes/medical-specility-type-provider",
          "code" : "77",
          "display" : "Paediatrics"
        },
        {
          "system" : "http://hcp.org/codes/medical-specility-type-provider",
          "code" : "78",
          "display" : "Paediatrics & Neonatology"
        },
        {
          "system" : "http://hcp.org/codes/medical-specility-type-provider",
          "code" : "79",
          "display" : "Paediatrics - Nephrology"
        },
        {
          "system" : "http://hcp.org/codes/medical-specility-type-provider",
          "code" : "80",
          "display" : "Paediatrics - Neurology"
        },
        {
          "system" : "http://hcp.org/codes/medical-specility-type-provider",
          "code" : "81",
          "display" : "Paediatrics - Surgery"
        },
        {
          "system" : "http://hcp.org/codes/medical-specility-type-provider",
          "code" : "82",
          "display" : "Pathology"
        },
        {
          "system" : "http://hcp.org/codes/medical-specility-type-provider",
          "code" : "83",
          "display" : "Peadodontology (Child Dentistry)"
        },
        {
          "system" : "http://hcp.org/codes/medical-specility-type-provider",
          "code" : "84",
          "display" : "Pediatric Pulmonology"
        },
        {
          "system" : "http://hcp.org/codes/medical-specility-type-provider",
          "code" : "85",
          "display" : "Periodontia"
        },
        {
          "system" : "http://hcp.org/codes/medical-specility-type-provider",
          "code" : "86",
          "display" : "Periodontology and Implantology"
        },
        {
          "system" : "http://hcp.org/codes/medical-specility-type-provider",
          "code" : "87",
          "display" : "Peripheral Vascular Surgery"
        },
        {
          "system" : "http://hcp.org/codes/medical-specility-type-provider",
          "code" : "88",
          "display" : "Physical Medicine & Rehabilitation"
        },
        {
          "system" : "http://hcp.org/codes/medical-specility-type-provider",
          "code" : "89",
          "display" : "Physician & Diabetology"
        }]
      }
    }
  },
  {
    "fullUrl" : "https://fhir-ig-demo/ValueSet/procedure-type-description",
    "resource" : {
      "resourceType" : "ValueSet",
      "id" : "procedure-type-description",
      "text" : {
        "status" : "generated",
        "div" : "<div xmlns=\"http://www.w3.org/1999/xhtml\"><p>This value set contains 32 concepts</p><p>All codes from system <code>http://hcp.org/codes/procedure-type-description</code></p><table class=\"codes\"><tr><td style=\"white-space:nowrap\"><b>Code</b></td><td><b>Display</b></td></tr><tr><td style=\"white-space:nowrap\"><a name=\"http---hcp.org-codes-procedure-type-description-1\"> </a>1</td><td>Administrative procedure (procedure)</td></tr><tr><td style=\"white-space:nowrap\"><a name=\"http---hcp.org-codes-procedure-type-description-2\"> </a>2</td><td>Blood bank procedure (procedure)</td></tr><tr><td style=\"white-space:nowrap\"><a name=\"http---hcp.org-codes-procedure-type-description-3\"> </a>3</td><td>Community health procedure (procedure)</td></tr><tr><td style=\"white-space:nowrap\"><a name=\"http---hcp.org-codes-procedure-type-description-4\"> </a>4</td><td>Determination of information related to transfusion (procedure)</td></tr><tr><td style=\"white-space:nowrap\"><a name=\"http---hcp.org-codes-procedure-type-description-5\"> </a>5</td><td>Environmental care procedure (procedure)</td></tr><tr><td style=\"white-space:nowrap\"><a name=\"http---hcp.org-codes-procedure-type-description-6\"> </a>6</td><td>General treatment (procedure)</td></tr><tr><td style=\"white-space:nowrap\"><a name=\"http---hcp.org-codes-procedure-type-description-7\"> </a>7</td><td>Laboratory procedure (procedure)</td></tr><tr><td style=\"white-space:nowrap\"><a name=\"http---hcp.org-codes-procedure-type-description-8\"> </a>8</td><td>Nuclear medicine procedure (procedure)</td></tr><tr><td style=\"white-space:nowrap\"><a name=\"http---hcp.org-codes-procedure-type-description-9\"> </a>9</td><td>Obstetric procedure (procedure)</td></tr><tr><td style=\"white-space:nowrap\"><a name=\"http---hcp.org-codes-procedure-type-description-10\"> </a>10</td><td>Outpatient procedure (procedure)</td></tr><tr><td style=\"white-space:nowrap\"><a name=\"http---hcp.org-codes-procedure-type-description-11\"> </a>11</td><td>Patient encounter procedure (procedure)</td></tr><tr><td style=\"white-space:nowrap\"><a name=\"http---hcp.org-codes-procedure-type-description-12\"> </a>12</td><td>Postoperative procedure (procedure)</td></tr><tr><td style=\"white-space:nowrap\"><a name=\"http---hcp.org-codes-procedure-type-description-13\"> </a>13</td><td>Preoperative procedure (procedure)</td></tr><tr><td style=\"white-space:nowrap\"><a name=\"http---hcp.org-codes-procedure-type-description-14\"> </a>14</td><td>Procedure by intent (procedure)</td></tr><tr><td style=\"white-space:nowrap\"><a name=\"http---hcp.org-codes-procedure-type-description-15\"> </a>15</td><td>Procedure by method (procedure)</td></tr><tr><td style=\"white-space:nowrap\"><a name=\"http---hcp.org-codes-procedure-type-description-16\"> </a>16</td><td>Procedure by priority (procedure)</td></tr><tr><td style=\"white-space:nowrap\"><a name=\"http---hcp.org-codes-procedure-type-description-17\"> </a>17</td><td>Procedure by site (procedure)</td></tr><tr><td style=\"white-space:nowrap\"><a name=\"http---hcp.org-codes-procedure-type-description-18\"> </a>18</td><td>Procedure categorized by device involved (procedure)</td></tr><tr><td style=\"white-space:nowrap\"><a name=\"http---hcp.org-codes-procedure-type-description-19\"> </a>19</td><td>Procedure in coronary care unit (procedure)</td></tr><tr><td style=\"white-space:nowrap\"><a name=\"http---hcp.org-codes-procedure-type-description-20\"> </a>20</td><td>Procedure on ganglion cyst (procedure)</td></tr><tr><td style=\"white-space:nowrap\"><a name=\"http---hcp.org-codes-procedure-type-description-21\"> </a>21</td><td>Procedure on wound (procedure)</td></tr><tr><td style=\"white-space:nowrap\"><a name=\"http---hcp.org-codes-procedure-type-description-22\"> </a>22</td><td>Procedure related to anesthesia and sedation (procedure)</td></tr><tr><td style=\"white-space:nowrap\"><a name=\"http---hcp.org-codes-procedure-type-description-23\"> </a>23</td><td>Procedure related to breastfeeding (procedure)</td></tr><tr><td style=\"white-space:nowrap\"><a name=\"http---hcp.org-codes-procedure-type-description-24\"> </a>24</td><td>Procedure with a clinical finding focus (procedure)</td></tr><tr><td style=\"white-space:nowrap\"><a name=\"http---hcp.org-codes-procedure-type-description-25\"> </a>25</td><td>Procedure with a procedure focus (procedure)</td></tr><tr><td style=\"white-space:nowrap\"><a name=\"http---hcp.org-codes-procedure-type-description-26\"> </a>26</td><td>Procedures relating to eating and drinking (procedure)</td></tr><tr><td style=\"white-space:nowrap\"><a name=\"http---hcp.org-codes-procedure-type-description-27\"> </a>27</td><td>Procedures relating to mobility (procedure)</td></tr><tr><td style=\"white-space:nowrap\"><a name=\"http---hcp.org-codes-procedure-type-description-28\"> </a>28</td><td>Promotion (procedure)</td></tr><tr><td style=\"white-space:nowrap\"><a name=\"http---hcp.org-codes-procedure-type-description-29\"> </a>29</td><td>Provider-specific procedure (procedure)</td></tr><tr><td style=\"white-space:nowrap\"><a name=\"http---hcp.org-codes-procedure-type-description-30\"> </a>30</td><td>Regimes and therapies (regime/therapy)</td></tr><tr><td style=\"white-space:nowrap\"><a name=\"http---hcp.org-codes-procedure-type-description-31\"> </a>31</td><td>Social service procedure (procedure)</td></tr><tr><td style=\"white-space:nowrap\"><a name=\"http---hcp.org-codes-procedure-type-description-32\"> </a>32</td><td>Staff related procedure (procedure)</td></tr></table></div>"
      },
      "url" : "https://fhir-ig-demo/ValueSet/procedure-type-description",
      "version" : "0.0.1",
      "name" : "Procedure Type Description",
      "status" : "active",
      "date" : "2021-09-07",
      "publisher" : "HL7 International - HCX",
      "contact" : [{
        "name" : "HL7 International - HCX",
        "telecom" : [{
          "system" : "url",
          "value" : "https://www.swasth.app/"
        }]
      }],
      "description" : "This is the value set that includes the codes to identify the procedure type description and services are provided",
      "expansion" : {
        "timestamp" : "2021-09-07T08:15:30+05:30",
        "contains" : [{
          "system" : "http://hcp.org/codes/procedure-type-description",
          "code" : "1",
          "display" : "Administrative procedure (procedure)"
        },
        {
          "system" : "http://hcp.org/codes/procedure-type-description",
          "code" : "2",
          "display" : "Blood bank procedure (procedure)"
        },
        {
          "system" : "http://hcp.org/codes/procedure-type-description",
          "code" : "3",
          "display" : "Community health procedure (procedure)"
        },
        {
          "system" : "http://hcp.org/codes/procedure-type-description",
          "code" : "4",
          "display" : "Determination of information related to transfusion (procedure)"
        },
        {
          "system" : "http://hcp.org/codes/procedure-type-description",
          "code" : "5",
          "display" : "Environmental care procedure (procedure)"
        },
        {
          "system" : "http://hcp.org/codes/procedure-type-description",
          "code" : "6",
          "display" : "General treatment (procedure)"
        },
        {
          "system" : "http://hcp.org/codes/procedure-type-description",
          "code" : "7",
          "display" : "Laboratory procedure (procedure)"
        },
        {
          "system" : "http://hcp.org/codes/procedure-type-description",
          "code" : "8",
          "display" : "Nuclear medicine procedure (procedure)"
        },
        {
          "system" : "http://hcp.org/codes/procedure-type-description",
          "code" : "9",
          "display" : "Obstetric procedure (procedure)"
        },
        {
          "system" : "http://hcp.org/codes/procedure-type-description",
          "code" : "10",
          "display" : "Outpatient procedure (procedure)"
        },
        {
          "system" : "http://hcp.org/codes/procedure-type-description",
          "code" : "11",
          "display" : "Patient encounter procedure (procedure)"
        },
        {
          "system" : "http://hcp.org/codes/procedure-type-description",
          "code" : "12",
          "display" : "Postoperative procedure (procedure)"
        },
        {
          "system" : "http://hcp.org/codes/procedure-type-description",
          "code" : "13",
          "display" : "Preoperative procedure (procedure)"
        },
        {
          "system" : "http://hcp.org/codes/procedure-type-description",
          "code" : "14",
          "display" : "Procedure by intent (procedure)"
        },
        {
          "system" : "http://hcp.org/codes/procedure-type-description",
          "code" : "15",
          "display" : "Procedure by method (procedure)"
        },
        {
          "system" : "http://hcp.org/codes/procedure-type-description",
          "code" : "16",
          "display" : "Procedure by priority (procedure)"
        },
        {
          "system" : "http://hcp.org/codes/procedure-type-description",
          "code" : "17",
          "display" : "Procedure by site (procedure)"
        },
        {
          "system" : "http://hcp.org/codes/procedure-type-description",
          "code" : "18",
          "display" : "Procedure categorized by device involved (procedure)"
        },
        {
          "system" : "http://hcp.org/codes/procedure-type-description",
          "code" : "19",
          "display" : "Procedure in coronary care unit (procedure)"
        },
        {
          "system" : "http://hcp.org/codes/procedure-type-description",
          "code" : "20",
          "display" : "Procedure on ganglion cyst (procedure)"
        },
        {
          "system" : "http://hcp.org/codes/procedure-type-description",
          "code" : "21",
          "display" : "Procedure on wound (procedure)"
        },
        {
          "system" : "http://hcp.org/codes/procedure-type-description",
          "code" : "22",
          "display" : "Procedure related to anesthesia and sedation (procedure)"
        },
        {
          "system" : "http://hcp.org/codes/procedure-type-description",
          "code" : "23",
          "display" : "Procedure related to breastfeeding (procedure)"
        },
        {
          "system" : "http://hcp.org/codes/procedure-type-description",
          "code" : "24",
          "display" : "Procedure with a clinical finding focus (procedure)"
        },
        {
          "system" : "http://hcp.org/codes/procedure-type-description",
          "code" : "25",
          "display" : "Procedure with a procedure focus (procedure)"
        },
        {
          "system" : "http://hcp.org/codes/procedure-type-description",
          "code" : "26",
          "display" : "Procedures relating to eating and drinking (procedure)"
        },
        {
          "system" : "http://hcp.org/codes/procedure-type-description",
          "code" : "27",
          "display" : "Procedures relating to mobility (procedure)"
        },
        {
          "system" : "http://hcp.org/codes/procedure-type-description",
          "code" : "28",
          "display" : "Promotion (procedure)"
        },
        {
          "system" : "http://hcp.org/codes/procedure-type-description",
          "code" : "29",
          "display" : "Provider-specific procedure (procedure)"
        },
        {
          "system" : "http://hcp.org/codes/procedure-type-description",
          "code" : "30",
          "display" : "Regimes and therapies (regime/therapy)"
        },
        {
          "system" : "http://hcp.org/codes/procedure-type-description",
          "code" : "31",
          "display" : "Social service procedure (procedure)"
        },
        {
          "system" : "http://hcp.org/codes/procedure-type-description",
          "code" : "32",
          "display" : "Staff related procedure (procedure)"
        }]
      }
    }
  },
  {
    "fullUrl" : "https://fhir-ig-demo/ValueSet/claim-denial-codes",
    "resource" : {
      "resourceType" : "ValueSet",
      "id" : "claim-denial-codes",
      "text" : {
        "status" : "generated",
        "div" : "<div xmlns=\"http://www.w3.org/1999/xhtml\"><p>This value set contains 65 concepts</p><p>All codes from system <code>http://hcp.org/codes/denial-code</code></p><table class=\"codes\"><tr><td style=\"white-space:nowrap\"><b>Code</b></td><td><b>Display</b></td></tr><tr><td style=\"white-space:nowrap\"><a name=\"http---hcp.org-codes-denial-code-ELIG-001\"> </a>ELIG-001</td><td>Patient is not a covered member</td></tr><tr><td style=\"white-space:nowrap\"><a name=\"http---hcp.org-codes-denial-code-ELIG-005\"> </a>ELIG-005</td><td>Services performed after the last date of coverage</td></tr><tr><td style=\"white-space:nowrap\"><a name=\"http---hcp.org-codes-denial-code-ELIG-006\"> </a>ELIG-006</td><td>Services performed prior to the effective date of coverage</td></tr><tr><td style=\"white-space:nowrap\"><a name=\"http---hcp.org-codes-denial-code-ELIG-007\"> </a>ELIG-007</td><td>Services performed by a non-network provider</td></tr><tr><td style=\"white-space:nowrap\"><a name=\"http---hcp.org-codes-denial-code-AUTH-001\"> </a>AUTH-001</td><td>Prior approval is required and was not obtained</td></tr><tr><td style=\"white-space:nowrap\"><a name=\"http---hcp.org-codes-denial-code-AUTH-003\"> </a>AUTH-003</td><td>PriorAuthorizationNumber is invalid</td></tr><tr><td style=\"white-space:nowrap\"><a name=\"http---hcp.org-codes-denial-code-AUTH-004\"> </a>AUTH-004</td><td>Service(s) is (are) performed outside authorization validity date</td></tr><tr><td style=\"white-space:nowrap\"><a name=\"http---hcp.org-codes-denial-code-AUTH-005\"> </a>AUTH-005</td><td>Claim information is inconsistent with pre-certified/authorized services</td></tr><tr><td style=\"white-space:nowrap\"><a name=\"http---hcp.org-codes-denial-code-AUTH-006\"> </a>AUTH-006</td><td>Alert drug - drug interaction or drug is contra-indicated</td></tr><tr><td style=\"white-space:nowrap\"><a name=\"http---hcp.org-codes-denial-code-AUTH-007\"> </a>AUTH-007</td><td>Drug duplicate therapy</td></tr><tr><td style=\"white-space:nowrap\"><a name=\"http---hcp.org-codes-denial-code-AUTH-008\"> </a>AUTH-008</td><td>Inappropriate drug dose</td></tr><tr><td style=\"white-space:nowrap\"><a name=\"http---hcp.org-codes-denial-code-AUTH-009\"> </a>AUTH-009</td><td>Prescription out of date</td></tr><tr><td style=\"white-space:nowrap\"><a name=\"http---hcp.org-codes-denial-code-AUTH-010\"> </a>AUTH-010</td><td>Authorization request overlaps or is within the period of another paid claim or approved authorization</td></tr><tr><td style=\"white-space:nowrap\"><a name=\"http---hcp.org-codes-denial-code-AUTH-011\"> </a>AUTH-011</td><td>Waiting period on pre-existing / specific conditions</td></tr><tr><td style=\"white-space:nowrap\"><a name=\"http---hcp.org-codes-denial-code-AUTH-012\"> </a>AUTH-012</td><td>Request for information</td></tr><tr><td style=\"white-space:nowrap\"><a name=\"http---hcp.org-codes-denial-code-BENX-002\"> </a>BENX-002</td><td>Benefit maximum for this time period or occurrence has been reached</td></tr><tr><td style=\"white-space:nowrap\"><a name=\"http---hcp.org-codes-denial-code-BENX-005\"> </a>BENX-005</td><td>Annual limit/sublimit amount exceeded</td></tr><tr><td style=\"white-space:nowrap\"><a name=\"http---hcp.org-codes-denial-code-CLAI-007\"> </a>CLAI-007</td><td>Claim is a work-related injury/illness and thus the liability of the employer</td></tr><tr><td style=\"white-space:nowrap\"><a name=\"http---hcp.org-codes-denial-code-CLAI-008\"> </a>CLAI-008</td><td>Claim overlaps inpatient stay. Resubmit only those services rendered outside the inpatient stay</td></tr><tr><td style=\"white-space:nowrap\"><a name=\"http---hcp.org-codes-denial-code-CLAI-009\"> </a>CLAI-009</td><td>Date of birth follows the date of service</td></tr><tr><td style=\"white-space:nowrap\"><a name=\"http---hcp.org-codes-denial-code-CLAI-010\"> </a>CLAI-010</td><td>Date of death precedes the date of service</td></tr><tr><td style=\"white-space:nowrap\"><a name=\"http---hcp.org-codes-denial-code-CLAI-011\"> </a>CLAI-011</td><td>Inpatient admission spans multiple rate periods.  Resubmit separate claims</td></tr><tr><td style=\"white-space:nowrap\"><a name=\"http---hcp.org-codes-denial-code-CLAI-012\"> </a>CLAI-012</td><td>Submission not compliant with contractual agreement between provider &amp; payer</td></tr><tr><td style=\"white-space:nowrap\"><a name=\"http---hcp.org-codes-denial-code-CLAI-014\"> </a>CLAI-014</td><td>Claim not compliant with Resubmission type (used only for resubmissions)</td></tr><tr><td style=\"white-space:nowrap\"><a name=\"http---hcp.org-codes-denial-code-CLAI-017\"> </a>CLAI-017</td><td>Services not available on direct billing</td></tr><tr><td style=\"white-space:nowrap\"><a name=\"http---hcp.org-codes-denial-code-CLAI-018\"> </a>CLAI-018</td><td>Claims Recalled By Provider</td></tr><tr><td style=\"white-space:nowrap\"><a name=\"http---hcp.org-codes-denial-code-CODE-010\"> </a>CODE-010</td><td>Activity/diagnosis inconsistent with clinician specialty</td></tr><tr><td style=\"white-space:nowrap\"><a name=\"http---hcp.org-codes-denial-code-CODE-012\"> </a>CODE-012</td><td>Encounter type inconsistent with service(s) / diagnosis</td></tr><tr><td style=\"white-space:nowrap\"><a name=\"http---hcp.org-codes-denial-code-CODE-013\"> </a>CODE-013</td><td>Invalid principal diagnosis</td></tr><tr><td style=\"white-space:nowrap\"><a name=\"http---hcp.org-codes-denial-code-CODE-014\"> </a>CODE-014</td><td>Activity/diagnosis is inconsistent with the patient's age/gender</td></tr><tr><td style=\"white-space:nowrap\"><a name=\"http---hcp.org-codes-denial-code-CODE-015\"> </a>CODE-015</td><td>Activity/diagnosis is inconsistent with the provider type</td></tr><tr><td style=\"white-space:nowrap\"><a name=\"http---hcp.org-codes-denial-code-DUPL-001\"> </a>DUPL-001</td><td>Claim is a duplicate based on service codes and dates</td></tr><tr><td style=\"white-space:nowrap\"><a name=\"http---hcp.org-codes-denial-code-DUPL-002\"> </a>DUPL-002</td><td>Payment already made for same/similar service within set time frame</td></tr><tr><td style=\"white-space:nowrap\"><a name=\"http---hcp.org-codes-denial-code-MNEC-003\"> </a>MNEC-003</td><td>Service is not clinically indicated based on good clinical practice</td></tr><tr><td style=\"white-space:nowrap\"><a name=\"http---hcp.org-codes-denial-code-MNEC-004\"> </a>MNEC-004</td><td>Service is not clinically indicated based on good clinical practice, without additional supporting diagnoses/activities</td></tr><tr><td style=\"white-space:nowrap\"><a name=\"http---hcp.org-codes-denial-code-MNEC-005\"> </a>MNEC-005</td><td>Service/supply may be appropriate, but too frequent</td></tr><tr><td style=\"white-space:nowrap\"><a name=\"http---hcp.org-codes-denial-code-MNEC-006\"> </a>MNEC-006</td><td>Alternative service should have been utilized</td></tr><tr><td style=\"white-space:nowrap\"><a name=\"http---hcp.org-codes-denial-code-NCOV-001\"> </a>NCOV-001</td><td>Diagnosis(es) is (are) not covered</td></tr><tr><td style=\"white-space:nowrap\"><a name=\"http---hcp.org-codes-denial-code-NCOV-002\"> </a>NCOV-002</td><td>Pre-existing conditions are not covered</td></tr><tr><td style=\"white-space:nowrap\"><a name=\"http---hcp.org-codes-denial-code-NCOV-003\"> </a>NCOV-003</td><td>Service(s) is (are) not covered</td></tr><tr><td style=\"white-space:nowrap\"><a name=\"http---hcp.org-codes-denial-code-NCOV-025\"> </a>NCOV-025</td><td>Service(s) is (are) not performed (used after audit)</td></tr><tr><td style=\"white-space:nowrap\"><a name=\"http---hcp.org-codes-denial-code-PRCE-001\"> </a>PRCE-001</td><td>Calculation discrepancy</td></tr><tr><td style=\"white-space:nowrap\"><a name=\"http---hcp.org-codes-denial-code-PRCE-002\"> </a>PRCE-002</td><td>Payment is included in the allowance for another service</td></tr><tr><td style=\"white-space:nowrap\"><a name=\"http---hcp.org-codes-denial-code-PRCE-003\"> </a>PRCE-003</td><td>Recovery of Payment</td></tr><tr><td style=\"white-space:nowrap\"><a name=\"http---hcp.org-codes-denial-code-PRCE-006\"> </a>PRCE-006</td><td>Consultation within free follow up period</td></tr><tr><td style=\"white-space:nowrap\"><a name=\"http---hcp.org-codes-denial-code-PRCE-007\"> </a>PRCE-007</td><td>Service has no contract price</td></tr><tr><td style=\"white-space:nowrap\"><a name=\"http---hcp.org-codes-denial-code-PRCE-008\"> </a>PRCE-008</td><td>Multiple procedure payment rules incorrectly applied</td></tr><tr><td style=\"white-space:nowrap\"><a name=\"http---hcp.org-codes-denial-code-PRCE-009\"> </a>PRCE-009</td><td>Charges inconsistent with clinician specialty</td></tr><tr><td style=\"white-space:nowrap\"><a name=\"http---hcp.org-codes-denial-code-PRCE-010\"> </a>PRCE-010</td><td>Use bundled code</td></tr><tr><td style=\"white-space:nowrap\"><a name=\"http---hcp.org-codes-denial-code-PRCE-011\"> </a>PRCE-011</td><td>Discount discrepancy</td></tr><tr><td style=\"white-space:nowrap\"><a name=\"http---hcp.org-codes-denial-code-TIME-001\"> </a>TIME-001</td><td>Time limit for submission has expired</td></tr><tr><td style=\"white-space:nowrap\"><a name=\"http---hcp.org-codes-denial-code-TIME-002\"> </a>TIME-002</td><td>Requested additional information was not received or was not received within time limit</td></tr><tr><td style=\"white-space:nowrap\"><a name=\"http---hcp.org-codes-denial-code-TIME-003\"> </a>TIME-003</td><td>Appeal procedures not followed or time limits not met</td></tr><tr><td style=\"white-space:nowrap\"><a name=\"http---hcp.org-codes-denial-code-COPY-001\"> </a>COPY-001</td><td>Deductible/co-pay not collected from member</td></tr><tr><td style=\"white-space:nowrap\"><a name=\"http---hcp.org-codes-denial-code-SURC-001\"> </a>SURC-001</td><td>Severe drug - drug interaction</td></tr><tr><td style=\"white-space:nowrap\"><a name=\"http---hcp.org-codes-denial-code-SURC-002\"> </a>SURC-002</td><td>Severe drug - age contraindication</td></tr><tr><td style=\"white-space:nowrap\"><a name=\"http---hcp.org-codes-denial-code-SURC-003\"> </a>SURC-003</td><td>Severe drug - gender contraindication</td></tr><tr><td style=\"white-space:nowrap\"><a name=\"http---hcp.org-codes-denial-code-SURC-004\"> </a>SURC-004</td><td>Severe drug - diaganosis contraindication</td></tr><tr><td style=\"white-space:nowrap\"><a name=\"http---hcp.org-codes-denial-code-SURC-005\"> </a>SURC-005</td><td>Severe procedure\\service - diagnosis contraindication</td></tr><tr><td style=\"white-space:nowrap\"><a name=\"http---hcp.org-codes-denial-code-SURC-006\"> </a>SURC-006</td><td>Severe procedure\\service - drug contraindication</td></tr><tr><td style=\"white-space:nowrap\"><a name=\"http---hcp.org-codes-denial-code-SURC-007\"> </a>SURC-007</td><td>Severe procedure\\service - procedure contraindication</td></tr><tr><td style=\"white-space:nowrap\"><a name=\"http---hcp.org-codes-denial-code-SURC-008\"> </a>SURC-008</td><td>Serious safety issue with drug dose</td></tr><tr><td style=\"white-space:nowrap\"><a name=\"http---hcp.org-codes-denial-code-WRNG-001\"> </a>WRNG-001</td><td>Wrong submission, receiver is not responsible for the payer within this transaction submission.</td></tr><tr><td style=\"white-space:nowrap\"><a name=\"http---hcp.org-codes-denial-code-CLAI-019\"> </a>CLAI-019</td><td>Wrong IR-DRG code</td></tr><tr><td style=\"white-space:nowrap\"><a name=\"http---hcp.org-codes-denial-code-CLAI-020\"> </a>CLAI-020</td><td>Missing IR-DRG code</td></tr></table></div>"
      },
      "url" : "https://fhir-ig-demo/ValueSet/claim-denial-codes",
      "version" : "0.0.1",
      "name" : "Claim Denial Codes",
      "status" : "active",
      "date" : "2021-08-15",
      "publisher" : "HL7 International - HCX",
      "contact" : [{
        "name" : "HL7 International - HCX",
        "telecom" : [{
          "system" : "url",
          "value" : "https://www.swasth.app/"
        }]
      }],
      "description" : "This is the value set that includes the codes for understanding of the adjudication result and explaining variance from expected amount",
      "expansion" : {
        "timestamp" : "2021-08-15T08:15:30+05:30",
        "contains" : [{
          "system" : "http://hcp.org/codes/denial-code",
          "code" : "ELIG-001",
          "display" : "Patient is not a covered member"
        },
        {
          "system" : "http://hcp.org/codes/denial-code",
          "code" : "ELIG-005",
          "display" : "Services performed after the last date of coverage"
        },
        {
          "system" : "http://hcp.org/codes/denial-code",
          "code" : "ELIG-006",
          "display" : "Services performed prior to the effective date of coverage"
        },
        {
          "system" : "http://hcp.org/codes/denial-code",
          "code" : "ELIG-007",
          "display" : "Services performed by a non-network provider"
        },
        {
          "system" : "http://hcp.org/codes/denial-code",
          "code" : "AUTH-001",
          "display" : "Prior approval is required and was not obtained"
        },
        {
          "system" : "http://hcp.org/codes/denial-code",
          "code" : "AUTH-003",
          "display" : "PriorAuthorizationNumber is invalid"
        },
        {
          "system" : "http://hcp.org/codes/denial-code",
          "code" : "AUTH-004",
          "display" : "Service(s) is (are) performed outside authorization validity date"
        },
        {
          "system" : "http://hcp.org/codes/denial-code",
          "code" : "AUTH-005",
          "display" : "Claim information is inconsistent with pre-certified/authorized services"
        },
        {
          "system" : "http://hcp.org/codes/denial-code",
          "code" : "AUTH-006",
          "display" : "Alert drug - drug interaction or drug is contra-indicated"
        },
        {
          "system" : "http://hcp.org/codes/denial-code",
          "code" : "AUTH-007",
          "display" : "Drug duplicate therapy"
        },
        {
          "system" : "http://hcp.org/codes/denial-code",
          "code" : "AUTH-008",
          "display" : "Inappropriate drug dose"
        },
        {
          "system" : "http://hcp.org/codes/denial-code",
          "code" : "AUTH-009",
          "display" : "Prescription out of date"
        },
        {
          "system" : "http://hcp.org/codes/denial-code",
          "code" : "AUTH-010",
          "display" : "Authorization request overlaps or is within the period of another paid claim or approved authorization"
        },
        {
          "system" : "http://hcp.org/codes/denial-code",
          "code" : "AUTH-011",
          "display" : "Waiting period on pre-existing / specific conditions"
        },
        {
          "system" : "http://hcp.org/codes/denial-code",
          "code" : "AUTH-012",
          "display" : "Request for information"
        },
        {
          "system" : "http://hcp.org/codes/denial-code",
          "code" : "BENX-002",
          "display" : "Benefit maximum for this time period or occurrence has been reached"
        },
        {
          "system" : "http://hcp.org/codes/denial-code",
          "code" : "BENX-005",
          "display" : "Annual limit/sublimit amount exceeded"
        },
        {
          "system" : "http://hcp.org/codes/denial-code",
          "code" : "CLAI-007",
          "display" : "Claim is a work-related injury/illness and thus the liability of the employer"
        },
        {
          "system" : "http://hcp.org/codes/denial-code",
          "code" : "CLAI-008",
          "display" : "Claim overlaps inpatient stay. Resubmit only those services rendered outside the inpatient stay"
        },
        {
          "system" : "http://hcp.org/codes/denial-code",
          "code" : "CLAI-009",
          "display" : "Date of birth follows the date of service"
        },
        {
          "system" : "http://hcp.org/codes/denial-code",
          "code" : "CLAI-010",
          "display" : "Date of death precedes the date of service"
        },
        {
          "system" : "http://hcp.org/codes/denial-code",
          "code" : "CLAI-011",
          "display" : "Inpatient admission spans multiple rate periods.  Resubmit separate claims"
        },
        {
          "system" : "http://hcp.org/codes/denial-code",
          "code" : "CLAI-012",
          "display" : "Submission not compliant with contractual agreement between provider & payer"
        },
        {
          "system" : "http://hcp.org/codes/denial-code",
          "code" : "CLAI-014",
          "display" : "Claim not compliant with Resubmission type (used only for resubmissions)"
        },
        {
          "system" : "http://hcp.org/codes/denial-code",
          "code" : "CLAI-017",
          "display" : "Services not available on direct billing"
        },
        {
          "system" : "http://hcp.org/codes/denial-code",
          "code" : "CLAI-018",
          "display" : "Claims Recalled By Provider"
        },
        {
          "system" : "http://hcp.org/codes/denial-code",
          "code" : "CODE-010",
          "display" : "Activity/diagnosis inconsistent with clinician specialty"
        },
        {
          "system" : "http://hcp.org/codes/denial-code",
          "code" : "CODE-012",
          "display" : "Encounter type inconsistent with service(s) / diagnosis"
        },
        {
          "system" : "http://hcp.org/codes/denial-code",
          "code" : "CODE-013",
          "display" : "Invalid principal diagnosis"
        },
        {
          "system" : "http://hcp.org/codes/denial-code",
          "code" : "CODE-014",
          "display" : "Activity/diagnosis is inconsistent with the patient's age/gender"
        },
        {
          "system" : "http://hcp.org/codes/denial-code",
          "code" : "CODE-015",
          "display" : "Activity/diagnosis is inconsistent with the provider type"
        },
        {
          "system" : "http://hcp.org/codes/denial-code",
          "code" : "DUPL-001",
          "display" : "Claim is a duplicate based on service codes and dates"
        },
        {
          "system" : "http://hcp.org/codes/denial-code",
          "code" : "DUPL-002",
          "display" : "Payment already made for same/similar service within set time frame"
        },
        {
          "system" : "http://hcp.org/codes/denial-code",
          "code" : "MNEC-003",
          "display" : "Service is not clinically indicated based on good clinical practice"
        },
        {
          "system" : "http://hcp.org/codes/denial-code",
          "code" : "MNEC-004",
          "display" : "Service is not clinically indicated based on good clinical practice, without additional supporting diagnoses/activities"
        },
        {
          "system" : "http://hcp.org/codes/denial-code",
          "code" : "MNEC-005",
          "display" : "Service/supply may be appropriate, but too frequent"
        },
        {
          "system" : "http://hcp.org/codes/denial-code",
          "code" : "MNEC-006",
          "display" : "Alternative service should have been utilized"
        },
        {
          "system" : "http://hcp.org/codes/denial-code",
          "code" : "NCOV-001",
          "display" : "Diagnosis(es) is (are) not covered"
        },
        {
          "system" : "http://hcp.org/codes/denial-code",
          "code" : "NCOV-002",
          "display" : "Pre-existing conditions are not covered"
        },
        {
          "system" : "http://hcp.org/codes/denial-code",
          "code" : "NCOV-003",
          "display" : "Service(s) is (are) not covered"
        },
        {
          "system" : "http://hcp.org/codes/denial-code",
          "code" : "NCOV-025",
          "display" : "Service(s) is (are) not performed (used after audit)"
        },
        {
          "system" : "http://hcp.org/codes/denial-code",
          "code" : "PRCE-001",
          "display" : "Calculation discrepancy"
        },
        {
          "system" : "http://hcp.org/codes/denial-code",
          "code" : "PRCE-002",
          "display" : "Payment is included in the allowance for another service"
        },
        {
          "system" : "http://hcp.org/codes/denial-code",
          "code" : "PRCE-003",
          "display" : "Recovery of Payment"
        },
        {
          "system" : "http://hcp.org/codes/denial-code",
          "code" : "PRCE-006",
          "display" : "Consultation within free follow up period"
        },
        {
          "system" : "http://hcp.org/codes/denial-code",
          "code" : "PRCE-007",
          "display" : "Service has no contract price"
        },
        {
          "system" : "http://hcp.org/codes/denial-code",
          "code" : "PRCE-008",
          "display" : "Multiple procedure payment rules incorrectly applied"
        },
        {
          "system" : "http://hcp.org/codes/denial-code",
          "code" : "PRCE-009",
          "display" : "Charges inconsistent with clinician specialty"
        },
        {
          "system" : "http://hcp.org/codes/denial-code",
          "code" : "PRCE-010",
          "display" : "Use bundled code"
        },
        {
          "system" : "http://hcp.org/codes/denial-code",
          "code" : "PRCE-011",
          "display" : "Discount discrepancy"
        },
        {
          "system" : "http://hcp.org/codes/denial-code",
          "code" : "TIME-001",
          "display" : "Time limit for submission has expired"
        },
        {
          "system" : "http://hcp.org/codes/denial-code",
          "code" : "TIME-002",
          "display" : "Requested additional information was not received or was not received within time limit"
        },
        {
          "system" : "http://hcp.org/codes/denial-code",
          "code" : "TIME-003",
          "display" : "Appeal procedures not followed or time limits not met"
        },
        {
          "system" : "http://hcp.org/codes/denial-code",
          "code" : "COPY-001",
          "display" : "Deductible/co-pay not collected from member"
        },
        {
          "system" : "http://hcp.org/codes/denial-code",
          "code" : "SURC-001",
          "display" : "Severe drug - drug interaction"
        },
        {
          "system" : "http://hcp.org/codes/denial-code",
          "code" : "SURC-002",
          "display" : "Severe drug - age contraindication"
        },
        {
          "system" : "http://hcp.org/codes/denial-code",
          "code" : "SURC-003",
          "display" : "Severe drug - gender contraindication"
        },
        {
          "system" : "http://hcp.org/codes/denial-code",
          "code" : "SURC-004",
          "display" : "Severe drug - diaganosis contraindication"
        },
        {
          "system" : "http://hcp.org/codes/denial-code",
          "code" : "SURC-005",
          "display" : "Severe procedure\\service - diagnosis contraindication"
        },
        {
          "system" : "http://hcp.org/codes/denial-code",
          "code" : "SURC-006",
          "display" : "Severe procedure\\service - drug contraindication"
        },
        {
          "system" : "http://hcp.org/codes/denial-code",
          "code" : "SURC-007",
          "display" : "Severe procedure\\service - procedure contraindication"
        },
        {
          "system" : "http://hcp.org/codes/denial-code",
          "code" : "SURC-008",
          "display" : "Serious safety issue with drug dose"
        },
        {
          "system" : "http://hcp.org/codes/denial-code",
          "code" : "WRNG-001",
          "display" : "Wrong submission, receiver is not responsible for the payer within this transaction submission."
        },
        {
          "system" : "http://hcp.org/codes/denial-code",
          "code" : "CLAI-019",
          "display" : "Wrong IR-DRG code"
        },
        {
          "system" : "http://hcp.org/codes/denial-code",
          "code" : "CLAI-020",
          "display" : "Missing IR-DRG code"
        }]
      }
    }
  },
  {
    "fullUrl" : "https://fhir-ig-demo/ValueSet/claim-service-categories",
    "resource" : {
      "resourceType" : "ValueSet",
      "id" : "claim-service-categories",
      "text" : {
        "status" : "generated",
        "div" : "<div xmlns=\"http://www.w3.org/1999/xhtml\"><p>This value set contains 9 concepts</p><p>All codes from system <code>http://hcp.org/codes/service-category</code></p><table class=\"codes\"><tr><td style=\"white-space:nowrap\"><b>Code</b></td><td><b>Display</b></td></tr><tr><td style=\"white-space:nowrap\"><a name=\"http---hcp.org-codes-service-category-100000\"> </a>100000</td><td>Room &amp; Nursing Charges</td></tr><tr><td style=\"white-space:nowrap\"><a name=\"http---hcp.org-codes-service-category-200000\"> </a>200000</td><td>ICU Charges</td></tr><tr><td style=\"white-space:nowrap\"><a name=\"http---hcp.org-codes-service-category-300000\"> </a>300000</td><td>OT Charges</td></tr><tr><td style=\"white-space:nowrap\"><a name=\"http---hcp.org-codes-service-category-400000\"> </a>400000</td><td>Medicine &amp; Consumables Charges</td></tr><tr><td style=\"white-space:nowrap\"><a name=\"http---hcp.org-codes-service-category-500000\"> </a>500000</td><td>Professional Fees Charges</td></tr><tr><td style=\"white-space:nowrap\"><a name=\"http---hcp.org-codes-service-category-600000\"> </a>600000</td><td>Investigation Charges</td></tr><tr><td style=\"white-space:nowrap\"><a name=\"http---hcp.org-codes-service-category-700000\"> </a>700000</td><td>Ambulance Charges</td></tr><tr><td style=\"white-space:nowrap\"><a name=\"http---hcp.org-codes-service-category-800000\"> </a>800000</td><td>Miscellaneous Charges</td></tr><tr><td style=\"white-space:nowrap\"><a name=\"http---hcp.org-codes-service-category-900000\"> </a>900000</td><td>Package Charges</td></tr></table></div>"
      },
      "url" : "https://fhir-ig-demo/ValueSet/claim-service-categories",
      "version" : "0.0.1",
      "name" : "Claim Service Categories",
      "status" : "active",
      "date" : "2021-08-15",
      "publisher" : "HL7 International - HCX",
      "contact" : [{
        "name" : "HL7 International - HCX",
        "telecom" : [{
          "system" : "url",
          "value" : "https://www.swasth.app/"
        }]
      }],
      "description" : "This is the value set that includes the codes to identify the general type of benefits under which products and services are provided",
      "expansion" : {
        "timestamp" : "2021-08-15T08:15:30+05:30",
        "contains" : [{
          "system" : "http://hcp.org/codes/service-category",
          "code" : "100000",
          "display" : "Room & Nursing Charges"
        },
        {
          "system" : "http://hcp.org/codes/service-category",
          "code" : "200000",
          "display" : "ICU Charges"
        },
        {
          "system" : "http://hcp.org/codes/service-category",
          "code" : "300000",
          "display" : "OT Charges"
        },
        {
          "system" : "http://hcp.org/codes/service-category",
          "code" : "400000",
          "display" : "Medicine & Consumables Charges"
        },
        {
          "system" : "http://hcp.org/codes/service-category",
          "code" : "500000",
          "display" : "Professional Fees Charges"
        },
        {
          "system" : "http://hcp.org/codes/service-category",
          "code" : "600000",
          "display" : "Investigation Charges"
        },
        {
          "system" : "http://hcp.org/codes/service-category",
          "code" : "700000",
          "display" : "Ambulance Charges"
        },
        {
          "system" : "http://hcp.org/codes/service-category",
          "code" : "800000",
          "display" : "Miscellaneous Charges"
        },
        {
          "system" : "http://hcp.org/codes/service-category",
          "code" : "900000",
          "display" : "Package Charges"
        }]
      }
    }
  }]
}