{
  "package": "ig",
  "version": "0.0.1",
  "fhirVersion": "4.0.1",
  "extensions": [
    {
      "url": "https://swasth-digital-health-foundation.github.io/standards/output/StructureDefinition-HCXOrganizationExtension.html",
      "title": "HCX Organization Extension",
      "types": [
        "Reference"
      ]
    },
    {
      "url": "https://swasth-digital-health-foundation.github.io/standards/output/StructureDefinition-HCXSignature.html",
      "title": "HCX Signature",
      "types": [
        "Signature"
      ]
    }
  ],
  "profiles": {
    "Claim": [
      {
        "url": "http://hl7.org/fhir/StructureDefinition/HCXClaim",
        "title": "Claim"
      }
    ],
    "Composition": [
      {
        "url": "http://hl7.org/fhir/StructureDefinition/HCXPaymentNoticeDocument",
        "title": "PaymentNoticeDocument"
      }
    ],
    "ClaimResponse": [
      {
        "url": "http://hl7.org/fhir/StructureDefinition/HCXClaimResponse",
        "title": "ClaimResponse"
      }
    ],
    "Condition": [
      {
        "url": "http://hl7.org/fhir/StructureDefinition/HCXCondition",
        "title": "Condition"
      }
    ],
    "Coverage": [
      {
        "url": "http://hl7.org/fhir/StructureDefinition/HCXCoverage",
        "title": "Coverage"
      }
    ],
    "CoverageEligibilityRequest": [
      {
        "url": "http://hl7.org/fhir/StructureDefinition/HCXCoverageEligibilityRequest",
        "title": "CoverageEligibilityRequest"
      }
    ],
    "CoverageEligibilityResponse": [
      {
        "url": "http://hl7.org/fhir/StructureDefinition/HCXCoverageEligibilityResponse",
        "title": "CoverageEligibilityResponse"
      }
    ],
    "Encounter": [
      {
        "url": "http://hl7.org/fhir/StructureDefinition/HCXEncounter",
        "title": "Encounter"
      }
    ],
    "Organization": [
      {
        "url": "http://hl7.org/fhir/StructureDefinition/HCXOrganization",
        "title": "Organization"
      }
    ],
    "Patient": [
      {
        "url": "http://hl7.org/fhir/StructureDefinition/HCXPatient",
        "title": "Patient"
      }
    ],
    "PaymentNotice": [
      {
        "url": "http://hl7.org/fhir/StructureDefinition/HCXPaymentNotice",
        "title": "PaymentNotice"
      }
    ],
    "PaymentReconciliation": [
      {
        "url": "http://hl7.org/fhir/StructureDefinition/HCXPaymentReconciliation",
        "title": "PaymentReconciliation"
      }
    ],
    "Practitioner": [
      {
        "url": "http://hl7.org/fhir/StructureDefinition/HCXPractitioner",
        "title": "Practitioner"
      }
    ],
    "PractitionerRole": [
      {
        "url": "http://hl7.org/fhir/StructureDefinition/HCXPractitionerRole",
        "title": "PractitionerRole"
      }
    ]
  },
  "usage": {
    "http://hl7.org/fhir/StructureDefinition/elementdefinition-bestpractice": [
      "StructureDefinition.snapshot.element.constraint"
    ],
    "http://hl7.org/fhir/StructureDefinition/elementdefinition-bestpractice-explanation": [
      "StructureDefinition.snapshot.element.constraint"
    ],
    "http://hl7.org/fhir/StructureDefinition/elementdefinition-bindingName": [
      "StructureDefinition.differential.element.binding",
      "StructureDefinition.snapshot.element.binding"
    ],
    "http://hl7.org/fhir/StructureDefinition/elementdefinition-isCommonBinding": [
      "StructureDefinition.differential.element.binding",
      "StructureDefinition.snapshot.element.binding"
    ],
    "http://hl7.org/fhir/StructureDefinition/elementdefinition-maxValueSet": [
      "StructureDefinition.snapshot.element.binding"
    ],
    "http://hl7.org/fhir/StructureDefinition/structuredefinition-category": [
      "StructureDefinition"
    ],
    "http://hl7.org/fhir/StructureDefinition/structuredefinition-display-hint": [
      "StructureDefinition.differential.element",
      "StructureDefinition.snapshot.element"
    ],
    "http://hl7.org/fhir/StructureDefinition/structuredefinition-explicit-type-name": [
      "StructureDefinition.differential.element",
      "StructureDefinition.snapshot.element"
    ],
    "http://hl7.org/fhir/StructureDefinition/structuredefinition-fhir-type": [
      "StructureDefinition.snapshot.element.type"
    ],
    "http://hl7.org/fhir/StructureDefinition/structuredefinition-fmm": [
      "StructureDefinition"
    ],
    "http://hl7.org/fhir/StructureDefinition/structuredefinition-hierarchy": [
      "StructureDefinition.snapshot.element.type"
    ],
    "http://hl7.org/fhir/StructureDefinition/structuredefinition-normative-version": [
      "StructureDefinition"
    ],
    "http://hl7.org/fhir/StructureDefinition/structuredefinition-security-category": [
      "StructureDefinition"
    ],
    "http://hl7.org/fhir/StructureDefinition/structuredefinition-standards-status": [
      "StructureDefinition"
    ],
    "http://hl7.org/fhir/StructureDefinition/structuredefinition-wg": [
      "StructureDefinition"
    ],
    "http://hl7.org/fhir/tools/StructureDefinition/Claim": [
      "ImplementationGuide.definition.resource"
    ],
    "http://hl7.org/fhir/tools/StructureDefinition/ClaimRequestDocument": [
      "ImplementationGuide.definition.resource"
    ],
    "http://hl7.org/fhir/tools/StructureDefinition/ClaimResponse": [
      "ImplementationGuide.definition.resource"
    ],
    "http://hl7.org/fhir/tools/StructureDefinition/ClaimResponseDocument": [
      "ImplementationGuide.definition.resource"
    ],
    "http://hl7.org/fhir/tools/StructureDefinition/Condition": [
      "ImplementationGuide.definition.resource"
    ],
    "http://hl7.org/fhir/tools/StructureDefinition/Coverage": [
      "ImplementationGuide.definition.resource"
    ],
    "http://hl7.org/fhir/tools/StructureDefinition/CoverageEligibilityRequest": [
      "ImplementationGuide.definition.resource"
    ],
    "http://hl7.org/fhir/tools/StructureDefinition/CoverageEligibilityRequestDocument": [
      "ImplementationGuide.definition.resource"
    ],
    "http://hl7.org/fhir/tools/StructureDefinition/CoverageEligibilityResponse": [
      "ImplementationGuide.definition.resource"
    ],
    "http://hl7.org/fhir/tools/StructureDefinition/CoverageEligibilityResponseDocument": [
      "ImplementationGuide.definition.resource"
    ],
    "http://hl7.org/fhir/tools/StructureDefinition/Encounter": [
      "ImplementationGuide.definition.resource"
    ],
    "http://hl7.org/fhir/tools/StructureDefinition/HCXOrganizationExtension": [
      "ImplementationGuide.definition.resource"
    ],
    "http://hl7.org/fhir/tools/StructureDefinition/HCXSignature": [
      "ImplementationGuide.definition.resource"
    ],
    "http://hl7.org/fhir/tools/StructureDefinition/Organization": [
      "ImplementationGuide.definition.resource"
    ],
    "http://hl7.org/fhir/tools/StructureDefinition/Patient": [
      "ImplementationGuide.definition.resource"
    ],
    "http://hl7.org/fhir/tools/StructureDefinition/PaymentNotice": [
      "ImplementationGuide.definition.resource"
    ],
    "http://hl7.org/fhir/tools/StructureDefinition/PaymentNoticeDocument": [
      "ImplementationGuide.definition.resource"
    ],
    "http://hl7.org/fhir/tools/StructureDefinition/PaymentReconciliation": [
      "ImplementationGuide.definition.resource"
    ],
    "http://hl7.org/fhir/tools/StructureDefinition/Practitioner": [
      "ImplementationGuide.definition.resource"
    ],
    "http://hl7.org/fhir/tools/StructureDefinition/PractitionerRole": [
      "ImplementationGuide.definition.resource"
    ],
    "http://hl7.org/fhir/tools/StructureDefinition/ig-parameter": [
      "ImplementationGuide.definition"
    ],
    "http://hl7.org/fhir/tools/StructureDefinition/resource-information": [
      "ImplementationGuide.definition.resource"
    ],
    "http://hl7.org/fhir/tools/ValueSet/claim-denial-codes": [
      "ImplementationGuide.definition.resource"
    ],
    "http://hl7.org/fhir/tools/ValueSet/claim-service-categories": [
      "ImplementationGuide.definition.resource"
    ],
    "http://hl7.org/fhir/tools/ValueSet/health-service-provider-role": [
      "ImplementationGuide.definition.resource"
    ],
    "http://hl7.org/fhir/tools/ValueSet/insurance-company-owners": [
      "ImplementationGuide.definition.resource"
    ],
    "http://hl7.org/fhir/tools/ValueSet/medical-specialty-provider": [
      "ImplementationGuide.definition.resource"
    ],
    "http://hl7.org/fhir/tools/ValueSet/procedure-type-description": [
      "ImplementationGuide.definition.resource"
    ],
    "https://swasth-digital-health-foundation.github.io/standards/output/StructureDefinition-HCXOrganizationExtension.html": [
      "ClaimResponse"
    ]
  }
}