<?xml version="1.0" encoding="UTF-8"?>

<ValueSet xmlns="http://hl7.org/fhir">
  <id value="insurance-company-owners"/>
  <text>
    <status value="generated"/><div xmlns="http://www.w3.org/1999/xhtml"><p>This value set contains 51 concepts</p><p>All codes from system <code>http://hcp.org/codes/insurance-company-owners</code></p><table class="codes"><tr><td style="white-space:nowrap"><b>Code</b></td><td><b>Display</b></td></tr><tr><td style="white-space:nowrap"><a name="http---hcp.org-codes-insurance-company-owners-1"> </a>1</td><td>Bajaj Allianz General Insurance Co. Ltd.</td></tr><tr><td style="white-space:nowrap"><a name="http---hcp.org-codes-insurance-company-owners-2"> </a>2</td><td>ICICI Lombard General Insurance Co. Ltd.</td></tr><tr><td style="white-space:nowrap"><a name="http---hcp.org-codes-insurance-company-owners-3"> </a>3</td><td>IFFCO Tokio General Insurance Co. Ltd.</td></tr><tr><td style="white-space:nowrap"><a name="http---hcp.org-codes-insurance-company-owners-4"> </a>4</td><td>National Insurance Co. Ltd.</td></tr><tr><td style="white-space:nowrap"><a name="http---hcp.org-codes-insurance-company-owners-5"> </a>5</td><td>The New India Assurance Co. Ltd.</td></tr><tr><td style="white-space:nowrap"><a name="http---hcp.org-codes-insurance-company-owners-6"> </a>6</td><td>The Oriental Insurance Co. Ltd.</td></tr><tr><td style="white-space:nowrap"><a name="http---hcp.org-codes-insurance-company-owners-7"> </a>7</td><td>United India Insurance Co. Ltd.</td></tr><tr><td style="white-space:nowrap"><a name="http---hcp.org-codes-insurance-company-owners-8"> </a>8</td><td>Reliance General Insurance Co. Ltd.</td></tr><tr><td style="white-space:nowrap"><a name="http---hcp.org-codes-insurance-company-owners-9"> </a>9</td><td>Royal Sundaram Alliance Insurance Co. Ltd</td></tr><tr><td style="white-space:nowrap"><a name="http---hcp.org-codes-insurance-company-owners-10"> </a>10</td><td>Tata AIG General Insurance Co. Ltd.</td></tr><tr><td style="white-space:nowrap"><a name="http---hcp.org-codes-insurance-company-owners-11"> </a>11</td><td>Cholamandalam MS General Insurance Co. Ltd.</td></tr><tr><td style="white-space:nowrap"><a name="http---hcp.org-codes-insurance-company-owners-12"> </a>12</td><td>HDFC ERGO General Insurance Co. Ltd.</td></tr><tr><td style="white-space:nowrap"><a name="http---hcp.org-codes-insurance-company-owners-13"> </a>13</td><td>Export Credit Guarantee Corporation of India Ltd.</td></tr><tr><td style="white-space:nowrap"><a name="http---hcp.org-codes-insurance-company-owners-14"> </a>14</td><td>Agriculture Insurance Co. of India Ltd.</td></tr><tr><td style="white-space:nowrap"><a name="http---hcp.org-codes-insurance-company-owners-15"> </a>15</td><td>Star Health and Allied Insurance Company Limited</td></tr><tr><td style="white-space:nowrap"><a name="http---hcp.org-codes-insurance-company-owners-16"> </a>16</td><td>Apollo Munich Health Insurance Company Limited</td></tr><tr><td style="white-space:nowrap"><a name="http---hcp.org-codes-insurance-company-owners-17"> </a>17</td><td>Universal Sompo General Insurance Co. Ltd.</td></tr><tr><td style="white-space:nowrap"><a name="http---hcp.org-codes-insurance-company-owners-18"> </a>18</td><td>Future Generali India Insurance Company Limited</td></tr><tr><td style="white-space:nowrap"><a name="http---hcp.org-codes-insurance-company-owners-19"> </a>19</td><td>Shriram General Insurance Company Limited</td></tr><tr><td style="white-space:nowrap"><a name="http---hcp.org-codes-insurance-company-owners-20"> </a>20</td><td>Bharti AXA General Insurance Company Limited</td></tr><tr><td style="white-space:nowrap"><a name="http---hcp.org-codes-insurance-company-owners-21"> </a>21</td><td>Raheja QBE General Insurance Company Limited</td></tr><tr><td style="white-space:nowrap"><a name="http---hcp.org-codes-insurance-company-owners-22"> </a>22</td><td>SBI General Insurance Company Limited</td></tr><tr><td style="white-space:nowrap"><a name="http---hcp.org-codes-insurance-company-owners-23"> </a>23</td><td>Max Bupa Health Insurance Company Ltd.2nd Floor, Salcon Rasvilas,</td></tr><tr><td style="white-space:nowrap"><a name="http---hcp.org-codes-insurance-company-owners-24"> </a>24</td><td>L&amp;T General Insurance Company Limited</td></tr><tr><td style="white-space:nowrap"><a name="http---hcp.org-codes-insurance-company-owners-25"> </a>25</td><td>Religare Health Insurance Company Limited</td></tr><tr><td style="white-space:nowrap"><a name="http---hcp.org-codes-insurance-company-owners-26"> </a>26</td><td>Magma HDI General Insurance Company Limited</td></tr><tr><td style="white-space:nowrap"><a name="http---hcp.org-codes-insurance-company-owners-27"> </a>27</td><td>Liberty Videocon General Insurance Company Limited,</td></tr><tr><td style="white-space:nowrap"><a name="http---hcp.org-codes-insurance-company-owners-28"> </a>28</td><td>Bajaj Allianz Life Insurance Company Limited</td></tr><tr><td style="white-space:nowrap"><a name="http---hcp.org-codes-insurance-company-owners-29"> </a>29</td><td>Birla Sun Life Insurance Co. Ltd</td></tr><tr><td style="white-space:nowrap"><a name="http---hcp.org-codes-insurance-company-owners-30"> </a>30</td><td>HDFC Standard Life Insurance Co. Ltd</td></tr><tr><td style="white-space:nowrap"><a name="http---hcp.org-codes-insurance-company-owners-31"> </a>31</td><td>ICICI Prudential Life Insurance Co. Ltd</td></tr><tr><td style="white-space:nowrap"><a name="http---hcp.org-codes-insurance-company-owners-32"> </a>32</td><td>ING Vysya Life Insurance Company Ltd.</td></tr><tr><td style="white-space:nowrap"><a name="http---hcp.org-codes-insurance-company-owners-33"> </a>33</td><td>Life Insurance Corporation of India</td></tr><tr><td style="white-space:nowrap"><a name="http---hcp.org-codes-insurance-company-owners-34"> </a>34</td><td>Max Life Insurance Co. Ltd</td></tr><tr><td style="white-space:nowrap"><a name="http---hcp.org-codes-insurance-company-owners-35"> </a>35</td><td>PNB Metlife India Insurance Co. Ltd.</td></tr><tr><td style="white-space:nowrap"><a name="http---hcp.org-codes-insurance-company-owners-36"> </a>36</td><td>Kotak Mahindra Old Mutual Life Insurance Limited</td></tr><tr><td style="white-space:nowrap"><a name="http---hcp.org-codes-insurance-company-owners-37"> </a>37</td><td>SBI Life Insurance Co. Ltd</td></tr><tr><td style="white-space:nowrap"><a name="http---hcp.org-codes-insurance-company-owners-38"> </a>38</td><td>Tata AIA Life Insurance Company Limited</td></tr><tr><td style="white-space:nowrap"><a name="http---hcp.org-codes-insurance-company-owners-39"> </a>39</td><td>Reliance Life Insurance Company Limited.</td></tr><tr><td style="white-space:nowrap"><a name="http---hcp.org-codes-insurance-company-owners-40"> </a>40</td><td>Aviva Life Insurance Company India Limited</td></tr><tr><td style="white-space:nowrap"><a name="http---hcp.org-codes-insurance-company-owners-41"> </a>41</td><td>Sahara India Life Insurance Co, Ltd.</td></tr><tr><td style="white-space:nowrap"><a name="http---hcp.org-codes-insurance-company-owners-42"> </a>42</td><td>Shriram Life Insurance Co, Ltd.</td></tr><tr><td style="white-space:nowrap"><a name="http---hcp.org-codes-insurance-company-owners-43"> </a>43</td><td>Bharti AXA Life Insurance Company Ltd.</td></tr><tr><td style="white-space:nowrap"><a name="http---hcp.org-codes-insurance-company-owners-44"> </a>44</td><td>Future Generali India Life Insurance Company Limited</td></tr><tr><td style="white-space:nowrap"><a name="http---hcp.org-codes-insurance-company-owners-45"> </a>45</td><td>IDBI Federal Life Insurance Company Ltd</td></tr><tr><td style="white-space:nowrap"><a name="http---hcp.org-codes-insurance-company-owners-46"> </a>46</td><td>Canara HSBC Oriental Bank of Commerce Life Insurance Company Ltd.</td></tr><tr><td style="white-space:nowrap"><a name="http---hcp.org-codes-insurance-company-owners-47"> </a>47</td><td>AEGON Religare Life Insurance Company Limited.</td></tr><tr><td style="white-space:nowrap"><a name="http---hcp.org-codes-insurance-company-owners-48"> </a>48</td><td>DLF Pramerica Life Insurance Co. Ltd.</td></tr><tr><td style="white-space:nowrap"><a name="http---hcp.org-codes-insurance-company-owners-49"> </a>49</td><td>Star Union Dai-ichi Life Insurance Co.</td></tr><tr><td style="white-space:nowrap"><a name="http---hcp.org-codes-insurance-company-owners-50"> </a>50</td><td>IndiaFirst Life Insurance Company Limited</td></tr><tr><td style="white-space:nowrap"><a name="http---hcp.org-codes-insurance-company-owners-51"> </a>51</td><td>Edelweiss Tokio Life Insurance Co. Ltd.</td></tr></table></div>
  </text>
  <url value="https://fhir-ig-demo/ValueSet/insurance-company-owners"/>
  <version value="0.0.1"/>
  <name value="Insurance Company Owners"/>
  <status value="active"/>
  <date value="2021-09-07"/>
  <publisher value="HL7 International - HCX"/>
  <contact>
    <name value="HL7 International - HCX"/>
    <telecom>
      <system value="url"/>
      <value value="https://www.swasth.app/"/>
    </telecom>
  </contact>
  <description value="This is the value set that includes the codes to identify the insurance company owners"/>
  <expansion>
    <timestamp value="2021-09-07T08:15:30+05:30"/>
    <contains>
      <system value="http://hcp.org/codes/insurance-company-owners"/>
      <code value="1"/>
      <display value="Bajaj Allianz General Insurance Co. Ltd."/>
    </contains>
    <contains>
      <system value="http://hcp.org/codes/insurance-company-owners"/>
      <code value="2"/>
      <display value="ICICI Lombard General Insurance Co. Ltd."/>
    </contains>
    <contains>
      <system value="http://hcp.org/codes/insurance-company-owners"/>
      <code value="3"/>
      <display value="IFFCO Tokio General Insurance Co. Ltd."/>
    </contains>
    <contains>
      <system value="http://hcp.org/codes/insurance-company-owners"/>
      <code value="4"/>
      <display value="National Insurance Co. Ltd."/>
    </contains>
    <contains>
      <system value="http://hcp.org/codes/insurance-company-owners"/>
      <code value="5"/>
      <display value="The New India Assurance Co. Ltd."/>
    </contains>
    <contains>
      <system value="http://hcp.org/codes/insurance-company-owners"/>
      <code value="6"/>
      <display value="The Oriental Insurance Co. Ltd."/>
    </contains>
    <contains>
      <system value="http://hcp.org/codes/insurance-company-owners"/>
      <code value="7"/>
      <display value="United India Insurance Co. Ltd."/>
    </contains>
    <contains>
      <system value="http://hcp.org/codes/insurance-company-owners"/>
      <code value="8"/>
      <display value="Reliance General Insurance Co. Ltd."/>
    </contains>
    <contains>
      <system value="http://hcp.org/codes/insurance-company-owners"/>
      <code value="9"/>
      <display value="Royal Sundaram Alliance Insurance Co. Ltd"/>
    </contains>
    <contains>
      <system value="http://hcp.org/codes/insurance-company-owners"/>
      <code value="10"/>
      <display value="Tata AIG General Insurance Co. Ltd."/>
    </contains>
    <contains>
      <system value="http://hcp.org/codes/insurance-company-owners"/>
      <code value="11"/>
      <display value="Cholamandalam MS General Insurance Co. Ltd."/>
    </contains>
    <contains>
      <system value="http://hcp.org/codes/insurance-company-owners"/>
      <code value="12"/>
      <display value="HDFC ERGO General Insurance Co. Ltd."/>
    </contains>
    <contains>
      <system value="http://hcp.org/codes/insurance-company-owners"/>
      <code value="13"/>
      <display value="Export Credit Guarantee Corporation of India Ltd."/>
    </contains>
    <contains>
      <system value="http://hcp.org/codes/insurance-company-owners"/>
      <code value="14"/>
      <display value="Agriculture Insurance Co. of India Ltd."/>
    </contains>
    <contains>
      <system value="http://hcp.org/codes/insurance-company-owners"/>
      <code value="15"/>
      <display value="Star Health and Allied Insurance Company Limited"/>
    </contains>
    <contains>
      <system value="http://hcp.org/codes/insurance-company-owners"/>
      <code value="16"/>
      <display value="Apollo Munich Health Insurance Company Limited"/>
    </contains>
    <contains>
      <system value="http://hcp.org/codes/insurance-company-owners"/>
      <code value="17"/>
      <display value="Universal Sompo General Insurance Co. Ltd."/>
    </contains>
    <contains>
      <system value="http://hcp.org/codes/insurance-company-owners"/>
      <code value="18"/>
      <display value="Future Generali India Insurance Company Limited"/>
    </contains>
    <contains>
      <system value="http://hcp.org/codes/insurance-company-owners"/>
      <code value="19"/>
      <display value="Shriram General Insurance Company Limited"/>
    </contains>
    <contains>
      <system value="http://hcp.org/codes/insurance-company-owners"/>
      <code value="20"/>
      <display value="Bharti AXA General Insurance Company Limited"/>
    </contains>
    <contains>
      <system value="http://hcp.org/codes/insurance-company-owners"/>
      <code value="21"/>
      <display value="Raheja QBE General Insurance Company Limited"/>
    </contains>
    <contains>
      <system value="http://hcp.org/codes/insurance-company-owners"/>
      <code value="22"/>
      <display value="SBI General Insurance Company Limited"/>
    </contains>
    <contains>
      <system value="http://hcp.org/codes/insurance-company-owners"/>
      <code value="23"/>
      <display value="Max Bupa Health Insurance Company Ltd.2nd Floor, Salcon Rasvilas,"/>
    </contains>
    <contains>
      <system value="http://hcp.org/codes/insurance-company-owners"/>
      <code value="24"/>
      <display value="L&amp;T General Insurance Company Limited"/>
    </contains>
    <contains>
      <system value="http://hcp.org/codes/insurance-company-owners"/>
      <code value="25"/>
      <display value="Religare Health Insurance Company Limited"/>
    </contains>
    <contains>
      <system value="http://hcp.org/codes/insurance-company-owners"/>
      <code value="26"/>
      <display value="Magma HDI General Insurance Company Limited"/>
    </contains>
    <contains>
      <system value="http://hcp.org/codes/insurance-company-owners"/>
      <code value="27"/>
      <display value="Liberty Videocon General Insurance Company Limited,"/>
    </contains>
    <contains>
      <system value="http://hcp.org/codes/insurance-company-owners"/>
      <code value="28"/>
      <display value="Bajaj Allianz Life Insurance Company Limited"/>
    </contains>
    <contains>
      <system value="http://hcp.org/codes/insurance-company-owners"/>
      <code value="29"/>
      <display value="Birla Sun Life Insurance Co. Ltd"/>
    </contains>
    <contains>
      <system value="http://hcp.org/codes/insurance-company-owners"/>
      <code value="30"/>
      <display value="HDFC Standard Life Insurance Co. Ltd"/>
    </contains>
    <contains>
      <system value="http://hcp.org/codes/insurance-company-owners"/>
      <code value="31"/>
      <display value="ICICI Prudential Life Insurance Co. Ltd"/>
    </contains>
    <contains>
      <system value="http://hcp.org/codes/insurance-company-owners"/>
      <code value="32"/>
      <display value="ING Vysya Life Insurance Company Ltd."/>
    </contains>
    <contains>
      <system value="http://hcp.org/codes/insurance-company-owners"/>
      <code value="33"/>
      <display value="Life Insurance Corporation of India"/>
    </contains>
    <contains>
      <system value="http://hcp.org/codes/insurance-company-owners"/>
      <code value="34"/>
      <display value="Max Life Insurance Co. Ltd"/>
    </contains>
    <contains>
      <system value="http://hcp.org/codes/insurance-company-owners"/>
      <code value="35"/>
      <display value="PNB Metlife India Insurance Co. Ltd."/>
    </contains>
    <contains>
      <system value="http://hcp.org/codes/insurance-company-owners"/>
      <code value="36"/>
      <display value="Kotak Mahindra Old Mutual Life Insurance Limited"/>
    </contains>
    <contains>
      <system value="http://hcp.org/codes/insurance-company-owners"/>
      <code value="37"/>
      <display value="SBI Life Insurance Co. Ltd"/>
    </contains>
    <contains>
      <system value="http://hcp.org/codes/insurance-company-owners"/>
      <code value="38"/>
      <display value="Tata AIA Life Insurance Company Limited"/>
    </contains>
    <contains>
      <system value="http://hcp.org/codes/insurance-company-owners"/>
      <code value="39"/>
      <display value="Reliance Life Insurance Company Limited."/>
    </contains>
    <contains>
      <system value="http://hcp.org/codes/insurance-company-owners"/>
      <code value="40"/>
      <display value="Aviva Life Insurance Company India Limited"/>
    </contains>
    <contains>
      <system value="http://hcp.org/codes/insurance-company-owners"/>
      <code value="41"/>
      <display value="Sahara India Life Insurance Co, Ltd."/>
    </contains>
    <contains>
      <system value="http://hcp.org/codes/insurance-company-owners"/>
      <code value="42"/>
      <display value="Shriram Life Insurance Co, Ltd."/>
    </contains>
    <contains>
      <system value="http://hcp.org/codes/insurance-company-owners"/>
      <code value="43"/>
      <display value="Bharti AXA Life Insurance Company Ltd."/>
    </contains>
    <contains>
      <system value="http://hcp.org/codes/insurance-company-owners"/>
      <code value="44"/>
      <display value="Future Generali India Life Insurance Company Limited"/>
    </contains>
    <contains>
      <system value="http://hcp.org/codes/insurance-company-owners"/>
      <code value="45"/>
      <display value="IDBI Federal Life Insurance Company Ltd"/>
    </contains>
    <contains>
      <system value="http://hcp.org/codes/insurance-company-owners"/>
      <code value="46"/>
      <display value="Canara HSBC Oriental Bank of Commerce Life Insurance Company Ltd."/>
    </contains>
    <contains>
      <system value="http://hcp.org/codes/insurance-company-owners"/>
      <code value="47"/>
      <display value="AEGON Religare Life Insurance Company Limited."/>
    </contains>
    <contains>
      <system value="http://hcp.org/codes/insurance-company-owners"/>
      <code value="48"/>
      <display value="DLF Pramerica Life Insurance Co. Ltd."/>
    </contains>
    <contains>
      <system value="http://hcp.org/codes/insurance-company-owners"/>
      <code value="49"/>
      <display value="Star Union Dai-ichi Life Insurance Co."/>
    </contains>
    <contains>
      <system value="http://hcp.org/codes/insurance-company-owners"/>
      <code value="50"/>
      <display value="IndiaFirst Life Insurance Company Limited"/>
    </contains>
    <contains>
      <system value="http://hcp.org/codes/insurance-company-owners"/>
      <code value="51"/>
      <display value="Edelweiss Tokio Life Insurance Co. Ltd."/>
    </contains>
  </expansion>
</ValueSet>