{
  "package": "ig",
  "version": "0.0.1",
  "fhirVersion": "4.0.1",
  "extensions": [
    {
      "url": "http://hl7.org/fhir/StructureDefinition/questionnaireresponse-signature",
      "title": "HcpSignature",
      "types": [
        "Signature"
      ]
    }
  ],
  "profiles": {
    "Account": [
      {
        "url": "http://hl7.org/fhir/StructureDefinition/Account",
        "title": "Account"
      }
    ],
    "Composition": [
      {
        "url": "http://hl7.org/fhir/StructureDefinition/PreAuthorizationRequest",
        "title": "CovereageEligibilityRequestDocument"
      },
      {
        "url": "http://hl7.org/fhir/StructureDefinition/PreAuthorizationResponse",
        "title": "CovereageEligibilityResponseDocument"
      }
    ],
    "Coverage": [
      {
        "url": "http://hl7.org/fhir/StructureDefinition/Coverage",
        "title": "Coverage"
      }
    ],
    "CoverageEligibilityRequest": [
      {
        "url": "http://hl7.org/fhir/StructureDefinition/CoverageEligibilityRequest",
        "title": "CoverageEligibilityRequest"
      }
    ],
    "CoverageEligibilityResponse": [
      {
        "url": "http://hl7.org/fhir/StructureDefinition/CoverageEligibilityResponse",
        "title": "CoverageEligibilityResponse"
      }
    ],
    "Organization": [
      {
        "url": "http://hl7.org/fhir/StructureDefinition/Organization",
        "title": "Organization"
      }
    ],
    "Patient": [
      {
        "url": "http://hl7.org/fhir/StructureDefinition/Patient",
        "title": "Patient"
      }
    ],
    "PaymentNotice": [
      {
        "url": "http://hl7.org/fhir/StructureDefinition/PaymentNotice",
        "title": "PaymentNotice"
      }
    ],
    "PaymentReconciliation": [
      {
        "url": "http://hl7.org/fhir/StructureDefinition/PaymentReconciliation",
        "title": "PaymentReconciliation"
      }
    ],
    "Practitioner": [
      {
        "url": "http://hl7.org/fhir/StructureDefinition/Practitioner",
        "title": "Practitioner"
      }
    ],
    "PractitionerRole": [
      {
        "url": "http://hl7.org/fhir/StructureDefinition/PractitionerRole",
        "title": "PractitionerRole"
      }
    ]
  },
  "usage": {
    "http://hl7.org/fhir/StructureDefinition/elementdefinition-bestpractice": [
      "StructureDefinition.snapshot.element.constraint"
    ],
    "http://hl7.org/fhir/StructureDefinition/elementdefinition-bestpractice-explanation": [
      "StructureDefinition.snapshot.element.constraint"
    ],
    "http://hl7.org/fhir/StructureDefinition/elementdefinition-bindingName": [
      "StructureDefinition.differential.element.binding",
      "StructureDefinition.snapshot.element.binding"
    ],
    "http://hl7.org/fhir/StructureDefinition/elementdefinition-isCommonBinding": [
      "StructureDefinition.differential.element.binding",
      "StructureDefinition.snapshot.element.binding"
    ],
    "http://hl7.org/fhir/StructureDefinition/elementdefinition-maxValueSet": [
      "StructureDefinition.snapshot.element.binding"
    ],
    "http://hl7.org/fhir/StructureDefinition/structuredefinition-category": [
      "StructureDefinition"
    ],
    "http://hl7.org/fhir/StructureDefinition/structuredefinition-display-hint": [
      "StructureDefinition.differential.element",
      "StructureDefinition.snapshot.element"
    ],
    "http://hl7.org/fhir/StructureDefinition/structuredefinition-explicit-type-name": [
      "StructureDefinition.differential.element",
      "StructureDefinition.snapshot.element"
    ],
    "http://hl7.org/fhir/StructureDefinition/structuredefinition-fhir-type": [
      "StructureDefinition.snapshot.element.type"
    ],
    "http://hl7.org/fhir/StructureDefinition/structuredefinition-fmm": [
      "StructureDefinition"
    ],
    "http://hl7.org/fhir/StructureDefinition/structuredefinition-normative-version": [
      "StructureDefinition"
    ],
    "http://hl7.org/fhir/StructureDefinition/structuredefinition-security-category": [
      "StructureDefinition"
    ],
    "http://hl7.org/fhir/StructureDefinition/structuredefinition-standards-status": [
      "StructureDefinition"
    ],
    "http://hl7.org/fhir/StructureDefinition/structuredefinition-wg": [
      "StructureDefinition"
    ],
    "http://hl7.org/fhir/tools/StructureDefinition/Account": [
      "ImplementationGuide.definition.resource"
    ],
    "http://hl7.org/fhir/tools/StructureDefinition/ClaimRequestDocument": [
      "ImplementationGuide.definition.resource"
    ],
    "http://hl7.org/fhir/tools/StructureDefinition/ClaimResponseDocument": [
      "ImplementationGuide.definition.resource"
    ],
    "http://hl7.org/fhir/tools/StructureDefinition/Coverage": [
      "ImplementationGuide.definition.resource"
    ],
    "http://hl7.org/fhir/tools/StructureDefinition/CoverageEligibilityRequest": [
      "ImplementationGuide.definition.resource"
    ],
    "http://hl7.org/fhir/tools/StructureDefinition/CoverageEligibilityRequestDocument": [
      "ImplementationGuide.definition.resource"
    ],
    "http://hl7.org/fhir/tools/StructureDefinition/CoverageEligibilityResponse": [
      "ImplementationGuide.definition.resource"
    ],
    "http://hl7.org/fhir/tools/StructureDefinition/CoverageEligibilityResponseDocument": [
      "ImplementationGuide.definition.resource"
    ],
    "http://hl7.org/fhir/tools/StructureDefinition/Organization": [
      "ImplementationGuide.definition.resource"
    ],
    "http://hl7.org/fhir/tools/StructureDefinition/Patient": [
      "ImplementationGuide.definition.resource"
    ],
    "http://hl7.org/fhir/tools/StructureDefinition/PaymentNotice": [
      "ImplementationGuide.definition.resource"
    ],
    "http://hl7.org/fhir/tools/StructureDefinition/PaymentReconciliation": [
      "ImplementationGuide.definition.resource"
    ],
    "http://hl7.org/fhir/tools/StructureDefinition/Practitioner": [
      "ImplementationGuide.definition.resource"
    ],
    "http://hl7.org/fhir/tools/StructureDefinition/PractitionerRole": [
      "ImplementationGuide.definition.resource"
    ],
    "http://hl7.org/fhir/tools/StructureDefinition/PreAuthorizationRequest": [
      "ImplementationGuide.definition.resource"
    ],
    "http://hl7.org/fhir/tools/StructureDefinition/PreAuthorizationResponse": [
      "ImplementationGuide.definition.resource"
    ],
    "http://hl7.org/fhir/tools/StructureDefinition/hcp-signature": [
      "ImplementationGuide.definition.resource"
    ],
    "http://hl7.org/fhir/tools/StructureDefinition/ig-parameter": [
      "ImplementationGuide.definition"
    ],
    "http://hl7.org/fhir/tools/StructureDefinition/resource-information": [
      "ImplementationGuide.definition.resource"
    ],
    "http://hl7.org/fhir/tools/ValueSet/claim-denial-codes": [
      "ImplementationGuide.definition.resource"
    ],
    "http://hl7.org/fhir/tools/ValueSet/claim-service-categories": [
      "ImplementationGuide.definition.resource"
    ]
  }
}