{
  "resourceType": "ValueSet",
  "id": "medical-specialty-provider",
  "text": {
    "status": "generated",
    "div": "<div xmlns=\"http://www.w3.org/1999/xhtml\"><p>This value set contains 89 concepts</p><p>All codes from system <code>http://hcp.org/codes/medical-specility-type-provider</code></p><table class=\"codes\"><tr><td style=\"white-space:nowrap\"><b>Code</b></td><td><b>Display</b></td></tr><tr><td style=\"white-space:nowrap\"><a name=\"http---hcp.org-codes-medical-specility-type-provider-1\"> </a>1</td><td>General Medicine</td></tr><tr><td style=\"white-space:nowrap\"><a name=\"http---hcp.org-codes-medical-specility-type-provider-2\"> </a>2</td><td>Dental surgery</td></tr><tr><td style=\"white-space:nowrap\"><a name=\"http---hcp.org-codes-medical-specility-type-provider-3\"> </a>3</td><td>Nursing</td></tr><tr><td style=\"white-space:nowrap\"><a name=\"http---hcp.org-codes-medical-specility-type-provider-4\"> </a>4</td><td>Pharmacy</td></tr><tr><td style=\"white-space:nowrap\"><a name=\"http---hcp.org-codes-medical-specility-type-provider-5\"> </a>5</td><td>Nursing Midwifery</td></tr><tr><td style=\"white-space:nowrap\"><a name=\"http---hcp.org-codes-medical-specility-type-provider-6\"> </a>6</td><td>Military surgeons</td></tr><tr><td style=\"white-space:nowrap\"><a name=\"http---hcp.org-codes-medical-specility-type-provider-7\"> </a>7</td><td>Cardio Thoracic and Vascular Surgery</td></tr><tr><td style=\"white-space:nowrap\"><a name=\"http---hcp.org-codes-medical-specility-type-provider-8\"> </a>8</td><td>Cardiology</td></tr><tr><td style=\"white-space:nowrap\"><a name=\"http---hcp.org-codes-medical-specility-type-provider-9\"> </a>9</td><td>Allergy</td></tr><tr><td style=\"white-space:nowrap\"><a name=\"http---hcp.org-codes-medical-specility-type-provider-10\"> </a>10</td><td>Chest Medicine</td></tr><tr><td style=\"white-space:nowrap\"><a name=\"http---hcp.org-codes-medical-specility-type-provider-11\"> </a>11</td><td>Clinical Psychology</td></tr><tr><td style=\"white-space:nowrap\"><a name=\"http---hcp.org-codes-medical-specility-type-provider-12\"> </a>12</td><td>Cosmetic Dentistry</td></tr><tr><td style=\"white-space:nowrap\"><a name=\"http---hcp.org-codes-medical-specility-type-provider-13\"> </a>13</td><td>Cosmetic Surgery</td></tr><tr><td style=\"white-space:nowrap\"><a name=\"http---hcp.org-codes-medical-specility-type-provider-14\"> </a>14</td><td>Endodontics</td></tr><tr><td style=\"white-space:nowrap\"><a name=\"http---hcp.org-codes-medical-specility-type-provider-15\"> </a>15</td><td>ENT</td></tr><tr><td style=\"white-space:nowrap\"><a name=\"http---hcp.org-codes-medical-specility-type-provider-16\"> </a>16</td><td>Critical Care</td></tr><tr><td style=\"white-space:nowrap\"><a name=\"http---hcp.org-codes-medical-specility-type-provider-17\"> </a>17</td><td>Dental Implants &amp; Cosmetic Dentistry</td></tr><tr><td style=\"white-space:nowrap\"><a name=\"http---hcp.org-codes-medical-specility-type-provider-18\"> </a>18</td><td>Dermatology Venereology and Leprology</td></tr><tr><td style=\"white-space:nowrap\"><a name=\"http---hcp.org-codes-medical-specility-type-provider-19\"> </a>19</td><td>Dermatology</td></tr><tr><td style=\"white-space:nowrap\"><a name=\"http---hcp.org-codes-medical-specility-type-provider-20\"> </a>20</td><td>Facial Plastic Surgery</td></tr><tr><td style=\"white-space:nowrap\"><a name=\"http---hcp.org-codes-medical-specility-type-provider-21\"> </a>21</td><td>Diabetology</td></tr><tr><td style=\"white-space:nowrap\"><a name=\"http---hcp.org-codes-medical-specility-type-provider-22\"> </a>22</td><td>Endocrinology</td></tr><tr><td style=\"white-space:nowrap\"><a name=\"http---hcp.org-codes-medical-specility-type-provider-23\"> </a>23</td><td>Diet and Nutrition</td></tr><tr><td style=\"white-space:nowrap\"><a name=\"http---hcp.org-codes-medical-specility-type-provider-24\"> </a>24</td><td>Diabetology &amp; Internal Medicine</td></tr><tr><td style=\"white-space:nowrap\"><a name=\"http---hcp.org-codes-medical-specility-type-provider-25\"> </a>25</td><td>Gastrosurgery</td></tr><tr><td style=\"white-space:nowrap\"><a name=\"http---hcp.org-codes-medical-specility-type-provider-26\"> </a>26</td><td>Gastroenterology</td></tr><tr><td style=\"white-space:nowrap\"><a name=\"http---hcp.org-codes-medical-specility-type-provider-27\"> </a>27</td><td>General Medicine</td></tr><tr><td style=\"white-space:nowrap\"><a name=\"http---hcp.org-codes-medical-specility-type-provider-28\"> </a>28</td><td>General Surgery</td></tr><tr><td style=\"white-space:nowrap\"><a name=\"http---hcp.org-codes-medical-specility-type-provider-29\"> </a>29</td><td>General Surgery &amp; Laparoscopic Surgery</td></tr><tr><td style=\"white-space:nowrap\"><a name=\"http---hcp.org-codes-medical-specility-type-provider-30\"> </a>30</td><td>Gynecology &amp; Ultrasonology</td></tr><tr><td style=\"white-space:nowrap\"><a name=\"http---hcp.org-codes-medical-specility-type-provider-31\"> </a>31</td><td>Head &amp; Neck Surgery</td></tr><tr><td style=\"white-space:nowrap\"><a name=\"http---hcp.org-codes-medical-specility-type-provider-32\"> </a>32</td><td>Head &amp; Neck Surgical Oncology</td></tr><tr><td style=\"white-space:nowrap\"><a name=\"http---hcp.org-codes-medical-specility-type-provider-33\"> </a>33</td><td>Hepato Pancreato Biliary Surgery</td></tr><tr><td style=\"white-space:nowrap\"><a name=\"http---hcp.org-codes-medical-specility-type-provider-34\"> </a>34</td><td>Infectious Disease medicine</td></tr><tr><td style=\"white-space:nowrap\"><a name=\"http---hcp.org-codes-medical-specility-type-provider-35\"> </a>35</td><td>Internal Medicine</td></tr><tr><td style=\"white-space:nowrap\"><a name=\"http---hcp.org-codes-medical-specility-type-provider-36\"> </a>36</td><td>Internal Medicine &amp; Diabetics</td></tr><tr><td style=\"white-space:nowrap\"><a name=\"http---hcp.org-codes-medical-specility-type-provider-37\"> </a>37</td><td>Neuro Surgery</td></tr><tr><td style=\"white-space:nowrap\"><a name=\"http---hcp.org-codes-medical-specility-type-provider-38\"> </a>38</td><td>Resident Physicians</td></tr><tr><td style=\"white-space:nowrap\"><a name=\"http---hcp.org-codes-medical-specility-type-provider-39\"> </a>39</td><td>Respiratory Allergy And Sleep Medicine</td></tr><tr><td style=\"white-space:nowrap\"><a name=\"http---hcp.org-codes-medical-specility-type-provider-40\"> </a>40</td><td>Rheumatology</td></tr><tr><td style=\"white-space:nowrap\"><a name=\"http---hcp.org-codes-medical-specility-type-provider-41\"> </a>41</td><td>Sexual Medicine</td></tr><tr><td style=\"white-space:nowrap\"><a name=\"http---hcp.org-codes-medical-specility-type-provider-42\"> </a>42</td><td>Spine Surgery</td></tr><tr><td style=\"white-space:nowrap\"><a name=\"http---hcp.org-codes-medical-specility-type-provider-43\"> </a>43</td><td>Sports Medicine</td></tr><tr><td style=\"white-space:nowrap\"><a name=\"http---hcp.org-codes-medical-specility-type-provider-44\"> </a>44</td><td>Surgical Gastroenterology</td></tr><tr><td style=\"white-space:nowrap\"><a name=\"http---hcp.org-codes-medical-specility-type-provider-45\"> </a>45</td><td>Surgical Oncology</td></tr><tr><td style=\"white-space:nowrap\"><a name=\"http---hcp.org-codes-medical-specility-type-provider-46\"> </a>46</td><td>Urology</td></tr><tr><td style=\"white-space:nowrap\"><a name=\"http---hcp.org-codes-medical-specility-type-provider-47\"> </a>47</td><td>Physiotherapy</td></tr><tr><td style=\"white-space:nowrap\"><a name=\"http---hcp.org-codes-medical-specility-type-provider-48\"> </a>48</td><td>Physiotherapy &amp; Rehabilitation</td></tr><tr><td style=\"white-space:nowrap\"><a name=\"http---hcp.org-codes-medical-specility-type-provider-49\"> </a>49</td><td>Plastic and Cosmetic Surgery</td></tr><tr><td style=\"white-space:nowrap\"><a name=\"http---hcp.org-codes-medical-specility-type-provider-50\"> </a>50</td><td>Plastic Surgery</td></tr><tr><td style=\"white-space:nowrap\"><a name=\"http---hcp.org-codes-medical-specility-type-provider-51\"> </a>51</td><td>Podiatry</td></tr><tr><td style=\"white-space:nowrap\"><a name=\"http---hcp.org-codes-medical-specility-type-provider-52\"> </a>52</td><td>Prosthodontics &amp; Implants</td></tr><tr><td style=\"white-space:nowrap\"><a name=\"http---hcp.org-codes-medical-specility-type-provider-53\"> </a>53</td><td>Psychiatry</td></tr><tr><td style=\"white-space:nowrap\"><a name=\"http---hcp.org-codes-medical-specility-type-provider-54\"> </a>54</td><td>Pulmonology</td></tr><tr><td style=\"white-space:nowrap\"><a name=\"http---hcp.org-codes-medical-specility-type-provider-55\"> </a>55</td><td>Radiation Oncology</td></tr><tr><td style=\"white-space:nowrap\"><a name=\"http---hcp.org-codes-medical-specility-type-provider-56\"> </a>56</td><td>Radiology</td></tr><tr><td style=\"white-space:nowrap\"><a name=\"http---hcp.org-codes-medical-specility-type-provider-57\"> </a>57</td><td>Laparoscopic and Robotic Surgery</td></tr><tr><td style=\"white-space:nowrap\"><a name=\"http---hcp.org-codes-medical-specility-type-provider-58\"> </a>58</td><td>Medical Gastroenterology</td></tr><tr><td style=\"white-space:nowrap\"><a name=\"http---hcp.org-codes-medical-specility-type-provider-59\"> </a>59</td><td>Medical Oncology</td></tr><tr><td style=\"white-space:nowrap\"><a name=\"http---hcp.org-codes-medical-specility-type-provider-60\"> </a>60</td><td>Nephrology</td></tr><tr><td style=\"white-space:nowrap\"><a name=\"http---hcp.org-codes-medical-specility-type-provider-61\"> </a>61</td><td>Neurology</td></tr><tr><td style=\"white-space:nowrap\"><a name=\"http---hcp.org-codes-medical-specility-type-provider-62\"> </a>62</td><td>Neurology &amp; Neuro Surgery</td></tr><tr><td style=\"white-space:nowrap\"><a name=\"http---hcp.org-codes-medical-specility-type-provider-63\"> </a>63</td><td>Neuropsychiatry</td></tr><tr><td style=\"white-space:nowrap\"><a name=\"http---hcp.org-codes-medical-specility-type-provider-64\"> </a>64</td><td>Neurosurgery</td></tr><tr><td style=\"white-space:nowrap\"><a name=\"http---hcp.org-codes-medical-specility-type-provider-65\"> </a>65</td><td>Obstetrics &amp; Gynecology</td></tr><tr><td style=\"white-space:nowrap\"><a name=\"http---hcp.org-codes-medical-specility-type-provider-66\"> </a>66</td><td>Oncology</td></tr><tr><td style=\"white-space:nowrap\"><a name=\"http---hcp.org-codes-medical-specility-type-provider-67\"> </a>67</td><td>Ophthalmology</td></tr><tr><td style=\"white-space:nowrap\"><a name=\"http---hcp.org-codes-medical-specility-type-provider-68\"> </a>68</td><td>Oral &amp; Maxillofacial Surgery</td></tr><tr><td style=\"white-space:nowrap\"><a name=\"http---hcp.org-codes-medical-specility-type-provider-69\"> </a>69</td><td>Ortho Dontia</td></tr><tr><td style=\"white-space:nowrap\"><a name=\"http---hcp.org-codes-medical-specility-type-provider-70\"> </a>70</td><td>Orthopedic Surgeon</td></tr><tr><td style=\"white-space:nowrap\"><a name=\"http---hcp.org-codes-medical-specility-type-provider-71\"> </a>71</td><td>Orthopedics</td></tr><tr><td style=\"white-space:nowrap\"><a name=\"http---hcp.org-codes-medical-specility-type-provider-72\"> </a>72</td><td>Orthopedics &amp; Sports Medicine</td></tr><tr><td style=\"white-space:nowrap\"><a name=\"http---hcp.org-codes-medical-specility-type-provider-73\"> </a>73</td><td>Orthopedics And Spine Surgery</td></tr><tr><td style=\"white-space:nowrap\"><a name=\"http---hcp.org-codes-medical-specility-type-provider-74\"> </a>74</td><td>Orthopedics And Upper Limb Surgery</td></tr><tr><td style=\"white-space:nowrap\"><a name=\"http---hcp.org-codes-medical-specility-type-provider-75\"> </a>75</td><td>Pediatric Endocrinology</td></tr><tr><td style=\"white-space:nowrap\"><a name=\"http---hcp.org-codes-medical-specility-type-provider-76\"> </a>76</td><td>Pediatric Ophthalmology And Squint</td></tr><tr><td style=\"white-space:nowrap\"><a name=\"http---hcp.org-codes-medical-specility-type-provider-77\"> </a>77</td><td>Paediatrics</td></tr><tr><td style=\"white-space:nowrap\"><a name=\"http---hcp.org-codes-medical-specility-type-provider-78\"> </a>78</td><td>Paediatrics &amp; Neonatology</td></tr><tr><td style=\"white-space:nowrap\"><a name=\"http---hcp.org-codes-medical-specility-type-provider-79\"> </a>79</td><td>Paediatrics - Nephrology</td></tr><tr><td style=\"white-space:nowrap\"><a name=\"http---hcp.org-codes-medical-specility-type-provider-80\"> </a>80</td><td>Paediatrics - Neurology</td></tr><tr><td style=\"white-space:nowrap\"><a name=\"http---hcp.org-codes-medical-specility-type-provider-81\"> </a>81</td><td>Paediatrics - Surgery</td></tr><tr><td style=\"white-space:nowrap\"><a name=\"http---hcp.org-codes-medical-specility-type-provider-82\"> </a>82</td><td>Pathology</td></tr><tr><td style=\"white-space:nowrap\"><a name=\"http---hcp.org-codes-medical-specility-type-provider-83\"> </a>83</td><td>Peadodontology (Child Dentistry)</td></tr><tr><td style=\"white-space:nowrap\"><a name=\"http---hcp.org-codes-medical-specility-type-provider-84\"> </a>84</td><td>Pediatric Pulmonology</td></tr><tr><td style=\"white-space:nowrap\"><a name=\"http---hcp.org-codes-medical-specility-type-provider-85\"> </a>85</td><td>Periodontia</td></tr><tr><td style=\"white-space:nowrap\"><a name=\"http---hcp.org-codes-medical-specility-type-provider-86\"> </a>86</td><td>Periodontology and Implantology</td></tr><tr><td style=\"white-space:nowrap\"><a name=\"http---hcp.org-codes-medical-specility-type-provider-87\"> </a>87</td><td>Peripheral Vascular Surgery</td></tr><tr><td style=\"white-space:nowrap\"><a name=\"http---hcp.org-codes-medical-specility-type-provider-88\"> </a>88</td><td>Physical Medicine &amp; Rehabilitation</td></tr><tr><td style=\"white-space:nowrap\"><a name=\"http---hcp.org-codes-medical-specility-type-provider-89\"> </a>89</td><td>Physician &amp; Diabetology</td></tr></table></div>"
  },
  "url": "https://fhir-ig-demo/ValueSet/medical-specialty-provider",
  "version": "0.0.1",
  "name": "Medical Speciality Type Provider",
  "status": "active",
  "date": "2021-09-07",
  "publisher": "HL7 International - HCX",
  "contact": [
    {
      "name": "HL7 International - HCX",
      "telecom": [
        {
          "system": "url",
          "value": "https://www.swasth.app/"
        }
      ]
    }
  ],
  "description": "This is the value set that includes the codes to identify the medical specialty provider",
  "expansion": {
    "timestamp": "2021-09-07T08:15:30+05:30",
    "contains": [
      {
        "system": "http://hcp.org/codes/medical-specility-type-provider",
        "code": "1",
        "display": "General Medicine"
      },
      {
        "system": "http://hcp.org/codes/medical-specility-type-provider",
        "code": "2",
        "display": "Dental surgery"
      },
      {
        "system": "http://hcp.org/codes/medical-specility-type-provider",
        "code": "3",
        "display": "Nursing"
      },
      {
        "system": "http://hcp.org/codes/medical-specility-type-provider",
        "code": "4",
        "display": "Pharmacy"
      },
      {
        "system": "http://hcp.org/codes/medical-specility-type-provider",
        "code": "5",
        "display": "Nursing Midwifery"
      },
      {
        "system": "http://hcp.org/codes/medical-specility-type-provider",
        "code": "6",
        "display": "Military surgeons"
      },
      {
        "system": "http://hcp.org/codes/medical-specility-type-provider",
        "code": "7",
        "display": "Cardio Thoracic and Vascular Surgery"
      },
      {
        "system": "http://hcp.org/codes/medical-specility-type-provider",
        "code": "8",
        "display": "Cardiology"
      },
      {
        "system": "http://hcp.org/codes/medical-specility-type-provider",
        "code": "9",
        "display": "Allergy"
      },
      {
        "system": "http://hcp.org/codes/medical-specility-type-provider",
        "code": "10",
        "display": "Chest Medicine"
      },
      {
        "system": "http://hcp.org/codes/medical-specility-type-provider",
        "code": "11",
        "display": "Clinical Psychology"
      },
      {
        "system": "http://hcp.org/codes/medical-specility-type-provider",
        "code": "12",
        "display": "Cosmetic Dentistry"
      },
      {
        "system": "http://hcp.org/codes/medical-specility-type-provider",
        "code": "13",
        "display": "Cosmetic Surgery"
      },
      {
        "system": "http://hcp.org/codes/medical-specility-type-provider",
        "code": "14",
        "display": "Endodontics"
      },
      {
        "system": "http://hcp.org/codes/medical-specility-type-provider",
        "code": "15",
        "display": "ENT"
      },
      {
        "system": "http://hcp.org/codes/medical-specility-type-provider",
        "code": "16",
        "display": "Critical Care"
      },
      {
        "system": "http://hcp.org/codes/medical-specility-type-provider",
        "code": "17",
        "display": "Dental Implants & Cosmetic Dentistry"
      },
      {
        "system": "http://hcp.org/codes/medical-specility-type-provider",
        "code": "18",
        "display": "Dermatology Venereology and Leprology"
      },
      {
        "system": "http://hcp.org/codes/medical-specility-type-provider",
        "code": "19",
        "display": "Dermatology"
      },
      {
        "system": "http://hcp.org/codes/medical-specility-type-provider",
        "code": "20",
        "display": "Facial Plastic Surgery"
      },
      {
        "system": "http://hcp.org/codes/medical-specility-type-provider",
        "code": "21",
        "display": "Diabetology"
      },
      {
        "system": "http://hcp.org/codes/medical-specility-type-provider",
        "code": "22",
        "display": "Endocrinology"
      },
      {
        "system": "http://hcp.org/codes/medical-specility-type-provider",
        "code": "23",
        "display": "Diet and Nutrition"
      },
      {
        "system": "http://hcp.org/codes/medical-specility-type-provider",
        "code": "24",
        "display": "Diabetology & Internal Medicine"
      },
      {
        "system": "http://hcp.org/codes/medical-specility-type-provider",
        "code": "25",
        "display": "Gastrosurgery"
      },
      {
        "system": "http://hcp.org/codes/medical-specility-type-provider",
        "code": "26",
        "display": "Gastroenterology"
      },
      {
        "system": "http://hcp.org/codes/medical-specility-type-provider",
        "code": "27",
        "display": "General Medicine"
      },
      {
        "system": "http://hcp.org/codes/medical-specility-type-provider",
        "code": "28",
        "display": "General Surgery"
      },
      {
        "system": "http://hcp.org/codes/medical-specility-type-provider",
        "code": "29",
        "display": "General Surgery & Laparoscopic Surgery"
      },
      {
        "system": "http://hcp.org/codes/medical-specility-type-provider",
        "code": "30",
        "display": "Gynecology & Ultrasonology"
      },
      {
        "system": "http://hcp.org/codes/medical-specility-type-provider",
        "code": "31",
        "display": "Head & Neck Surgery"
      },
      {
        "system": "http://hcp.org/codes/medical-specility-type-provider",
        "code": "32",
        "display": "Head & Neck Surgical Oncology"
      },
      {
        "system": "http://hcp.org/codes/medical-specility-type-provider",
        "code": "33",
        "display": "Hepato Pancreato Biliary Surgery"
      },
      {
        "system": "http://hcp.org/codes/medical-specility-type-provider",
        "code": "34",
        "display": "Infectious Disease medicine"
      },
      {
        "system": "http://hcp.org/codes/medical-specility-type-provider",
        "code": "35",
        "display": "Internal Medicine"
      },
      {
        "system": "http://hcp.org/codes/medical-specility-type-provider",
        "code": "36",
        "display": "Internal Medicine & Diabetics"
      },
      {
        "system": "http://hcp.org/codes/medical-specility-type-provider",
        "code": "37",
        "display": "Neuro Surgery"
      },
      {
        "system": "http://hcp.org/codes/medical-specility-type-provider",
        "code": "38",
        "display": "Resident Physicians"
      },
      {
        "system": "http://hcp.org/codes/medical-specility-type-provider",
        "code": "39",
        "display": "Respiratory Allergy And Sleep Medicine"
      },
      {
        "system": "http://hcp.org/codes/medical-specility-type-provider",
        "code": "40",
        "display": "Rheumatology"
      },
      {
        "system": "http://hcp.org/codes/medical-specility-type-provider",
        "code": "41",
        "display": "Sexual Medicine"
      },
      {
        "system": "http://hcp.org/codes/medical-specility-type-provider",
        "code": "42",
        "display": "Spine Surgery"
      },
      {
        "system": "http://hcp.org/codes/medical-specility-type-provider",
        "code": "43",
        "display": "Sports Medicine"
      },
      {
        "system": "http://hcp.org/codes/medical-specility-type-provider",
        "code": "44",
        "display": "Surgical Gastroenterology"
      },
      {
        "system": "http://hcp.org/codes/medical-specility-type-provider",
        "code": "45",
        "display": "Surgical Oncology"
      },
      {
        "system": "http://hcp.org/codes/medical-specility-type-provider",
        "code": "46",
        "display": "Urology"
      },
      {
        "system": "http://hcp.org/codes/medical-specility-type-provider",
        "code": "47",
        "display": "Physiotherapy"
      },
      {
        "system": "http://hcp.org/codes/medical-specility-type-provider",
        "code": "48",
        "display": "Physiotherapy & Rehabilitation"
      },
      {
        "system": "http://hcp.org/codes/medical-specility-type-provider",
        "code": "49",
        "display": "Plastic and Cosmetic Surgery"
      },
      {
        "system": "http://hcp.org/codes/medical-specility-type-provider",
        "code": "50",
        "display": "Plastic Surgery"
      },
      {
        "system": "http://hcp.org/codes/medical-specility-type-provider",
        "code": "51",
        "display": "Podiatry"
      },
      {
        "system": "http://hcp.org/codes/medical-specility-type-provider",
        "code": "52",
        "display": "Prosthodontics & Implants"
      },
      {
        "system": "http://hcp.org/codes/medical-specility-type-provider",
        "code": "53",
        "display": "Psychiatry"
      },
      {
        "system": "http://hcp.org/codes/medical-specility-type-provider",
        "code": "54",
        "display": "Pulmonology"
      },
      {
        "system": "http://hcp.org/codes/medical-specility-type-provider",
        "code": "55",
        "display": "Radiation Oncology"
      },
      {
        "system": "http://hcp.org/codes/medical-specility-type-provider",
        "code": "56",
        "display": "Radiology"
      },
      {
        "system": "http://hcp.org/codes/medical-specility-type-provider",
        "code": "57",
        "display": "Laparoscopic and Robotic Surgery"
      },
      {
        "system": "http://hcp.org/codes/medical-specility-type-provider",
        "code": "58",
        "display": "Medical Gastroenterology"
      },
      {
        "system": "http://hcp.org/codes/medical-specility-type-provider",
        "code": "59",
        "display": "Medical Oncology"
      },
      {
        "system": "http://hcp.org/codes/medical-specility-type-provider",
        "code": "60",
        "display": "Nephrology"
      },
      {
        "system": "http://hcp.org/codes/medical-specility-type-provider",
        "code": "61",
        "display": "Neurology"
      },
      {
        "system": "http://hcp.org/codes/medical-specility-type-provider",
        "code": "62",
        "display": "Neurology & Neuro Surgery"
      },
      {
        "system": "http://hcp.org/codes/medical-specility-type-provider",
        "code": "63",
        "display": "Neuropsychiatry"
      },
      {
        "system": "http://hcp.org/codes/medical-specility-type-provider",
        "code": "64",
        "display": "Neurosurgery"
      },
      {
        "system": "http://hcp.org/codes/medical-specility-type-provider",
        "code": "65",
        "display": "Obstetrics & Gynecology"
      },
      {
        "system": "http://hcp.org/codes/medical-specility-type-provider",
        "code": "66",
        "display": "Oncology"
      },
      {
        "system": "http://hcp.org/codes/medical-specility-type-provider",
        "code": "67",
        "display": "Ophthalmology"
      },
      {
        "system": "http://hcp.org/codes/medical-specility-type-provider",
        "code": "68",
        "display": "Oral & Maxillofacial Surgery"
      },
      {
        "system": "http://hcp.org/codes/medical-specility-type-provider",
        "code": "69",
        "display": "Ortho Dontia"
      },
      {
        "system": "http://hcp.org/codes/medical-specility-type-provider",
        "code": "70",
        "display": "Orthopedic Surgeon"
      },
      {
        "system": "http://hcp.org/codes/medical-specility-type-provider",
        "code": "71",
        "display": "Orthopedics"
      },
      {
        "system": "http://hcp.org/codes/medical-specility-type-provider",
        "code": "72",
        "display": "Orthopedics & Sports Medicine"
      },
      {
        "system": "http://hcp.org/codes/medical-specility-type-provider",
        "code": "73",
        "display": "Orthopedics And Spine Surgery"
      },
      {
        "system": "http://hcp.org/codes/medical-specility-type-provider",
        "code": "74",
        "display": "Orthopedics And Upper Limb Surgery"
      },
      {
        "system": "http://hcp.org/codes/medical-specility-type-provider",
        "code": "75",
        "display": "Pediatric Endocrinology"
      },
      {
        "system": "http://hcp.org/codes/medical-specility-type-provider",
        "code": "76",
        "display": "Pediatric Ophthalmology And Squint"
      },
      {
        "system": "http://hcp.org/codes/medical-specility-type-provider",
        "code": "77",
        "display": "Paediatrics"
      },
      {
        "system": "http://hcp.org/codes/medical-specility-type-provider",
        "code": "78",
        "display": "Paediatrics & Neonatology"
      },
      {
        "system": "http://hcp.org/codes/medical-specility-type-provider",
        "code": "79",
        "display": "Paediatrics - Nephrology"
      },
      {
        "system": "http://hcp.org/codes/medical-specility-type-provider",
        "code": "80",
        "display": "Paediatrics - Neurology"
      },
      {
        "system": "http://hcp.org/codes/medical-specility-type-provider",
        "code": "81",
        "display": "Paediatrics - Surgery"
      },
      {
        "system": "http://hcp.org/codes/medical-specility-type-provider",
        "code": "82",
        "display": "Pathology"
      },
      {
        "system": "http://hcp.org/codes/medical-specility-type-provider",
        "code": "83",
        "display": "Peadodontology (Child Dentistry)"
      },
      {
        "system": "http://hcp.org/codes/medical-specility-type-provider",
        "code": "84",
        "display": "Pediatric Pulmonology"
      },
      {
        "system": "http://hcp.org/codes/medical-specility-type-provider",
        "code": "85",
        "display": "Periodontia"
      },
      {
        "system": "http://hcp.org/codes/medical-specility-type-provider",
        "code": "86",
        "display": "Periodontology and Implantology"
      },
      {
        "system": "http://hcp.org/codes/medical-specility-type-provider",
        "code": "87",
        "display": "Peripheral Vascular Surgery"
      },
      {
        "system": "http://hcp.org/codes/medical-specility-type-provider",
        "code": "88",
        "display": "Physical Medicine & Rehabilitation"
      },
      {
        "system": "http://hcp.org/codes/medical-specility-type-provider",
        "code": "89",
        "display": "Physician & Diabetology"
      }
    ]
  }
}