[
  {
    "id": "Account",
    "type": "StructureDefinition",
    "url": "http://hl7.org/fhir/StructureDefinition/Account",
    "version": "0.0.1",
    "name": "Account"
  },
  {
    "id": "ClaimRequestDocument",
    "type": "StructureDefinition",
    "url": "http://hl7.org/fhir/StructureDefinition/ClaimRequest",
    "version": "0.0.1",
    "name": "CovereageEligibilityRequestDocument"
  },
  {
    "id": "ClaimResponseDocument",
    "type": "StructureDefinition",
    "url": "http://hl7.org/fhir/StructureDefinition/ClaimResponse",
    "version": "0.0.1",
    "name": "CovereageEligibilityResponseDocument"
  },
  {
    "id": "Coverage",
    "type": "StructureDefinition",
    "url": "http://hl7.org/fhir/StructureDefinition/Coverage",
    "version": "0.0.1",
    "name": "Coverage"
  },
  {
    "id": "CoverageEligibilityRequest",
    "type": "StructureDefinition",
    "url": "http://hl7.org/fhir/StructureDefinition/CoverageEligibilityRequest",
    "version": "0.0.1",
    "name": "CoverageEligibilityRequest"
  },
  {
    "id": "CoverageEligibilityResponse",
    "type": "StructureDefinition",
    "url": "http://hl7.org/fhir/StructureDefinition/CoverageEligibilityResponse",
    "version": "0.0.1",
    "name": "CoverageEligibilityResponse"
  },
  {
    "id": "CoverageEligibilityRequestDocument",
    "type": "StructureDefinition",
    "url": "http://hl7.org/fhir/StructureDefinition/CovereageEligibilityRequestDocument",
    "version": "0.0.1",
    "name": "CovereageEligibilityRequestDocument"
  },
  {
    "id": "CoverageEligibilityResponseDocument",
    "type": "StructureDefinition",
    "url": "http://hl7.org/fhir/StructureDefinition/CovereageEligibilityResponseDocument",
    "version": "0.0.1",
    "name": "CovereageEligibilityResponseDocument"
  },
  {
    "id": "Organization",
    "type": "StructureDefinition",
    "url": "http://hl7.org/fhir/StructureDefinition/Organization",
    "version": "0.0.1",
    "name": "Organization"
  },
  {
    "id": "Patient",
    "type": "StructureDefinition",
    "url": "http://hl7.org/fhir/StructureDefinition/Patient",
    "version": "0.0.1",
    "name": "Patient"
  },
  {
    "id": "PaymentNotice",
    "type": "StructureDefinition",
    "url": "http://hl7.org/fhir/StructureDefinition/PaymentNotice",
    "version": "0.0.1",
    "name": "PaymentNotice"
  },
  {
    "id": "PaymentReconciliation",
    "type": "StructureDefinition",
    "url": "http://hl7.org/fhir/StructureDefinition/PaymentReconciliation",
    "version": "0.0.1",
    "name": "PaymentReconciliation"
  },
  {
    "id": "Practitioner",
    "type": "StructureDefinition",
    "url": "http://hl7.org/fhir/StructureDefinition/Practitioner",
    "version": "0.0.1",
    "name": "Practitioner"
  },
  {
    "id": "PractitionerRole",
    "type": "StructureDefinition",
    "url": "http://hl7.org/fhir/StructureDefinition/PractitionerRole",
    "version": "0.0.1",
    "name": "PractitionerRole"
  },
  {
    "id": "PreAuthorizationRequest",
    "type": "StructureDefinition",
    "url": "http://hl7.org/fhir/StructureDefinition/PreAuthorizationRequest",
    "version": "0.0.1",
    "name": "CovereageEligibilityRequestDocument"
  },
  {
    "id": "PreAuthorizationResponse",
    "type": "StructureDefinition",
    "url": "http://hl7.org/fhir/StructureDefinition/PreAuthorizationResponse",
    "version": "0.0.1",
    "name": "CovereageEligibilityResponseDocument"
  },
  {
    "id": "hcp-signature",
    "type": "StructureDefinition",
    "url": "http://hl7.org/fhir/StructureDefinition/questionnaireresponse-signature",
    "version": "0.0.1",
    "name": "HcpSignature"
  },
  {
    "id": "hl7.fhir.in.core",
    "type": "ImplementationGuide",
    "url": "https://fhir-ig-demo/ImplementationGuide/ig",
    "version": "0.0.1",
    "name": "HCX Core"
  },
  {
    "id": "claim-denial-codes",
    "type": "ValueSet",
    "url": "https://fhir-ig-demo/ValueSet/claim-denial-codes",
    "version": "0.0.1",
    "name": "Claim Denial Codes"
  },
  {
    "id": "claim-service-categories",
    "type": "ValueSet",
    "url": "https://fhir-ig-demo/ValueSet/claim-service-categories",
    "version": "0.0.1",
    "name": "Claim Service Categories"
  }
]