<?xml version="1.0" encoding="UTF-8"?><ImplementationGuide xmlns="http://hl7.org/fhir"><id value="hl7.fhir.in.core"/><text><status value="extensions"/><div xmlns="http://www.w3.org/1999/xhtml"><h2>USCore</h2><p>The official URL for this implementation guide is: </p><pre>http://hl7.org/fhir/us/core/ImplementationGuide/hl7.fhir.us.core</pre><div><p>The US Core Implementation Guide is based on FHIR Version R4 and defines the minimum conformance requirements for accessing patient data. The Argonaut pilot implementations, ONC 2015 Edition Common Clinical Data Set (CCDS), and ONC U.S. Core Data for Interoperability (USCDI) v1 provided the requirements for this guide. The prior Argonaut search and vocabulary requirements, based on FHIR DSTU2, are updated in this guide to support FHIR Version R4. This guide was used as the basis for further testing and guidance by the Argonaut Project Team to provide additional content and guidance specific to Data Query Access for purpose of ONC Certification testing. These profiles are the foundation for future US Realm FHIR implementation guides. In addition to Argonaut, they are used by DAF-Research, QI-Core, and CIMI. Under the guidance of HL7 and the HL7 US Realm Steering Committee, the content will expand in future versions to meet the needs specific to the US Realm.
These requirements were originally developed, balloted, and published in FHIR DSTU2 as part of the Office of the National Coordinator for Health Information Technology (ONC) sponsored Data Access Framework (DAF) project. For more information on how DAF became US Core see the US Core change notes.</p>
</div></div></text><url value="https://fhir-ig-demo/ImplementationGuide/ig"/><version value="0.0.1"/><name value="HCX Core"/><title value="FHIR Implementation Guide for HCX"/><status value="draft"/><date value="2021-08-24"/><publisher value="HL7 International - HCX"/><contact><name value="HL7 International - HCX"/><telecom><system value="url"/><value value="https://www.swasth.app/"/></telecom></contact><description value="The US Core Implementation Guide is based on FHIR Version R4 and defines the minimum conformance requirements for accessing patient data. The Argonaut pilot implementations, ONC 2015 Edition Common Clinical Data Set (CCDS), and ONC U.S. Core Data for Interoperability (USCDI) v1 provided the requirements for this guide. The prior Argonaut search and vocabulary requirements, based on FHIR DSTU2, are updated in this guide to support FHIR Version R4. This guide was used as the basis for further testing and guidance by the Argonaut Project Team to provide additional content and guidance specific to Data Query Access for purpose of ONC Certification testing. These profiles are the foundation for future US Realm FHIR implementation guides. In addition to Argonaut, they are used by DAF-Research, QI-Core, and CIMI. Under the guidance of HL7 and the HL7 US Realm Steering Committee, the content will expand in future versions to meet the needs specific to the US Realm.&#xA;These requirements were originally developed, balloted, and published in FHIR DSTU2 as part of the Office of the National Coordinator for Health Information Technology (ONC) sponsored Data Access Framework (DAF) project. For more information on how DAF became US Core see the US Core change notes."/><packageId value="ig"/><license value="CC0-1.0"/><fhirVersion value="4.0.1"/><definition><extension url="http://hl7.org/fhir/tools/StructureDefinition/ig-parameter"><extension url="code"><valueString value="releaselabel"/></extension><extension url="value"><valueString value="CI Build"/></extension></extension><extension url="http://hl7.org/fhir/tools/StructureDefinition/ig-parameter"><extension url="code"><valueString value="copyrightyear"/></extension><extension url="value"><valueString value="2021+"/></extension></extension><extension url="http://hl7.org/fhir/tools/StructureDefinition/ig-parameter"><extension url="code"><valueString value="logging"/></extension><extension url="value"><valueString value="init"/></extension></extension><extension url="http://hl7.org/fhir/tools/StructureDefinition/ig-parameter"><extension url="code"><valueString value="path-liquid"/></extension><extension url="value"><valueString value="template/liquid"/></extension></extension><extension url="http://hl7.org/fhir/tools/StructureDefinition/ig-parameter"><extension url="code"><valueString value="path-liquid"/></extension><extension url="value"><valueString value="input/liquid"/></extension></extension><extension url="http://hl7.org/fhir/tools/StructureDefinition/ig-parameter"><extension url="code"><valueString value="path-qa"/></extension><extension url="value"><valueString value="temp/qa"/></extension></extension><extension url="http://hl7.org/fhir/tools/StructureDefinition/ig-parameter"><extension url="code"><valueString value="path-temp"/></extension><extension url="value"><valueString value="temp/pages"/></extension></extension><extension url="http://hl7.org/fhir/tools/StructureDefinition/ig-parameter"><extension url="code"><valueString value="path-output"/></extension><extension url="value"><valueString value="output"/></extension></extension><extension url="http://hl7.org/fhir/tools/StructureDefinition/ig-parameter"><extension url="code"><valueString value="path-suppressed-warnings"/></extension><extension url="value"><valueString value="input/ignoreWarnings.txt"/></extension></extension><extension url="http://hl7.org/fhir/tools/StructureDefinition/ig-parameter"><extension url="code"><valueString value="path-history"/></extension><extension url="value"><valueString value="https://fhir-ig-demo/history.html"/></extension></extension><extension url="http://hl7.org/fhir/tools/StructureDefinition/ig-parameter"><extension url="code"><valueString value="template-html"/></extension><extension url="value"><valueString value="template-page.html"/></extension></extension><extension url="http://hl7.org/fhir/tools/StructureDefinition/ig-parameter"><extension url="code"><valueString value="template-md"/></extension><extension url="value"><valueString value="template-page-md.html"/></extension></extension><extension url="http://hl7.org/fhir/tools/StructureDefinition/ig-parameter"><extension url="code"><valueString value="apply-contact"/></extension><extension url="value"><valueString value="true"/></extension></extension><extension url="http://hl7.org/fhir/tools/StructureDefinition/ig-parameter"><extension url="code"><valueString value="apply-context"/></extension><extension url="value"><valueString value="true"/></extension></extension><extension url="http://hl7.org/fhir/tools/StructureDefinition/ig-parameter"><extension url="code"><valueString value="apply-copyright"/></extension><extension url="value"><valueString value="true"/></extension></extension><extension url="http://hl7.org/fhir/tools/StructureDefinition/ig-parameter"><extension url="code"><valueString value="apply-jurisdiction"/></extension><extension url="value"><valueString value="true"/></extension></extension><extension url="http://hl7.org/fhir/tools/StructureDefinition/ig-parameter"><extension url="code"><valueString value="apply-license"/></extension><extension url="value"><valueString value="true"/></extension></extension><extension url="http://hl7.org/fhir/tools/StructureDefinition/ig-parameter"><extension url="code"><valueString value="apply-publisher"/></extension><extension url="value"><valueString value="true"/></extension></extension><extension url="http://hl7.org/fhir/tools/StructureDefinition/ig-parameter"><extension url="code"><valueString value="apply-version"/></extension><extension url="value"><valueString value="true"/></extension></extension><extension url="http://hl7.org/fhir/tools/StructureDefinition/ig-parameter"><extension url="code"><valueString value="active-tables"/></extension><extension url="value"><valueString value="true"/></extension></extension><grouping id="-str-profile"><name value="Structures: Resource Profiles"/><description value="These define constraints on FHIR resources for systems conforming to this implementation guide"/></grouping><grouping id="-term-valueset"><name value="Terminology: Value Sets"/><description value="These define sets of codes used by systems conforming to this implementation guide"/></grouping><resource><extension url="http://hl7.org/fhir/tools/StructureDefinition/Patient"><valueString value="SearchParameter"/></extension><extension url="http://hl7.org/fhir/StructureDefinition/implementationguide-page"><valueUri value="StructureDefinition-Patient.html"/></extension><reference><reference value="StructureDefinition/Patient"/></reference><name value="HCX Patient"/><description value="**Search by subject - a patient**  &#xA;**NOTE**: This US Core SearchParameter definition extends the usage context of the&#xA;[Conformance expectation extension](http://hl7.org/fhir/R4/extension-capabilitystatement-expectation.html)&#xA; - multipleAnd&#xA; - multipleOr&#xA; - comparator&#xA; - modifier&#xA; - chain"/><exampleBoolean value="false"/><groupingId value="-str-profile"/></resource><resource><extension url="http://hl7.org/fhir/tools/StructureDefinition/CoverageEligibilityResponse"><valueString value="SearchParameter"/></extension><extension url="http://hl7.org/fhir/StructureDefinition/implementationguide-page"><valueUri value="StructureDefinition-CoverageEligibilityResponse.html"/></extension><reference><reference value="StructureDefinition/CoverageEligibilityResponse"/></reference><name value="HCX CoverageEligibility Response"/><description value="**Search by subject - a patient**  &#xA;**NOTE**: This US Core SearchParameter definition extends the usage context of the&#xA;[Conformance expectation extension](http://hl7.org/fhir/R4/extension-capabilitystatement-expectation.html)&#xA; - multipleAnd&#xA; - multipleOr&#xA; - comparator&#xA; - modifier&#xA; - chain"/><exampleBoolean value="false"/><groupingId value="-str-profile"/></resource><resource><extension url="http://hl7.org/fhir/tools/StructureDefinition/CoverageEligibilityResponseDocument"><valueString value="SearchParameter"/></extension><extension url="http://hl7.org/fhir/StructureDefinition/implementationguide-page"><valueUri value="StructureDefinition-CoverageEligibilityResponseDocument.html"/></extension><reference><reference value="StructureDefinition/CoverageEligibilityResponseDocument"/></reference><name value="HCX CoverageEligibility Response Document"/><description value="**Search by subject - a patient**  &#xA;**NOTE**: This US Core SearchParameter definition extends the usage context of the&#xA;[Conformance expectation extension](http://hl7.org/fhir/R4/extension-capabilitystatement-expectation.html)&#xA; - multipleAnd&#xA; - multipleOr&#xA; - comparator&#xA; - modifier&#xA; - chain"/><exampleBoolean value="false"/><groupingId value="-str-profile"/></resource><resource><extension url="http://hl7.org/fhir/tools/StructureDefinition/Account"><valueString value="SearchParameter"/></extension><extension url="http://hl7.org/fhir/StructureDefinition/implementationguide-page"><valueUri value="StructureDefinition-Account.html"/></extension><reference><reference value="StructureDefinition/Account"/></reference><name value="HCX Account"/><description value="**Search by subject - a patient**  &#xA;**NOTE**: This US Core SearchParameter definition extends the usage context of the&#xA;[Conformance expectation extension](http://hl7.org/fhir/R4/extension-capabilitystatement-expectation.html)&#xA; - multipleAnd&#xA; - multipleOr&#xA; - comparator&#xA; - modifier&#xA; - chain"/><exampleBoolean value="false"/><groupingId value="-str-profile"/></resource><resource><extension url="http://hl7.org/fhir/tools/StructureDefinition/ClaimResponseDocument"><valueString value="SearchParameter"/></extension><extension url="http://hl7.org/fhir/StructureDefinition/implementationguide-page"><valueUri value="StructureDefinition-ClaimResponseDocument.html"/></extension><reference><reference value="StructureDefinition/ClaimResponseDocument"/></reference><name value="HCX Claim Response Document"/><description value="**Search by subject - a patient**  &#xA;**NOTE**: This US Core SearchParameter definition extends the usage context of the&#xA;[Conformance expectation extension](http://hl7.org/fhir/R4/extension-capabilitystatement-expectation.html)&#xA; - multipleAnd&#xA; - multipleOr&#xA; - comparator&#xA; - modifier&#xA; - chain"/><exampleBoolean value="false"/><groupingId value="-str-profile"/></resource><resource><extension url="http://hl7.org/fhir/tools/StructureDefinition/Coverage"><valueString value="SearchParameter"/></extension><extension url="http://hl7.org/fhir/StructureDefinition/implementationguide-page"><valueUri value="StructureDefinition-Coverage.html"/></extension><reference><reference value="StructureDefinition/Coverage"/></reference><name value="HCX Coverage"/><description value="**Search by subject - a patient**  &#xA;**NOTE**: This US Core SearchParameter definition extends the usage context of the&#xA;[Conformance expectation extension](http://hl7.org/fhir/R4/extension-capabilitystatement-expectation.html)&#xA; - multipleAnd&#xA; - multipleOr&#xA; - comparator&#xA; - modifier&#xA; - chain"/><exampleBoolean value="false"/><groupingId value="-str-profile"/></resource><resource><extension url="http://hl7.org/fhir/tools/StructureDefinition/CoverageEligibilityRequest"><valueString value="SearchParameter"/></extension><extension url="http://hl7.org/fhir/StructureDefinition/implementationguide-page"><valueUri value="StructureDefinition-CoverageEligibilityRequest.html"/></extension><reference><reference value="StructureDefinition/CoverageEligibilityRequest"/></reference><name value="HCX Coverage Eligibility Request"/><description value="**Search by subject - a patient**  &#xA;**NOTE**: This US Core SearchParameter definition extends the usage context of the&#xA;[Conformance expectation extension](http://hl7.org/fhir/R4/extension-capabilitystatement-expectation.html)&#xA; - multipleAnd&#xA; - multipleOr&#xA; - comparator&#xA; - modifier&#xA; - chain"/><exampleBoolean value="false"/><groupingId value="-str-profile"/></resource><resource><extension url="http://hl7.org/fhir/tools/StructureDefinition/CoverageEligibilityRequestDocument"><valueString value="SearchParameter"/></extension><extension url="http://hl7.org/fhir/StructureDefinition/implementationguide-page"><valueUri value="StructureDefinition-CoverageEligibilityRequestDocument.html"/></extension><reference><reference value="StructureDefinition/CoverageEligibilityRequestDocument"/></reference><name value="HCX Coverage Eligibility Request Document"/><description value="**Search by subject - a patient**  &#xA;**NOTE**: This US Core SearchParameter definition extends the usage context of the&#xA;[Conformance expectation extension](http://hl7.org/fhir/R4/extension-capabilitystatement-expectation.html)&#xA; - multipleAnd&#xA; - multipleOr&#xA; - comparator&#xA; - modifier&#xA; - chain"/><exampleBoolean value="false"/><groupingId value="-str-profile"/></resource><resource><extension url="http://hl7.org/fhir/tools/StructureDefinition/Organization"><valueString value="SearchParameter"/></extension><extension url="http://hl7.org/fhir/StructureDefinition/implementationguide-page"><valueUri value="StructureDefinition-Organization.html"/></extension><reference><reference value="StructureDefinition/Organization"/></reference><name value="HCX Organization"/><description value="**Search by subject - a patient**  &#xA;**NOTE**: This US Core SearchParameter definition extends the usage context of the&#xA;[Conformance expectation extension](http://hl7.org/fhir/R4/extension-capabilitystatement-expectation.html)&#xA; - multipleAnd&#xA; - multipleOr&#xA; - comparator&#xA; - modifier&#xA; - chain"/><exampleBoolean value="false"/><groupingId value="-str-profile"/></resource><resource><extension url="http://hl7.org/fhir/tools/StructureDefinition/PaymentNotice"><valueString value="SearchParameter"/></extension><extension url="http://hl7.org/fhir/StructureDefinition/implementationguide-page"><valueUri value="StructureDefinition-PaymentNotice.html"/></extension><reference><reference value="StructureDefinition/PaymentNotice"/></reference><name value="HCX PaymentNotice"/><description value="**Search by subject - a patient**  &#xA;**NOTE**: This US Core SearchParameter definition extends the usage context of the&#xA;[Conformance expectation extension](http://hl7.org/fhir/R4/extension-capabilitystatement-expectation.html)&#xA; - multipleAnd&#xA; - multipleOr&#xA; - comparator&#xA; - modifier&#xA; - chain"/><exampleBoolean value="false"/><groupingId value="-str-profile"/></resource><resource><extension url="http://hl7.org/fhir/tools/StructureDefinition/Practitioner"><valueString value="SearchParameter"/></extension><extension url="http://hl7.org/fhir/StructureDefinition/implementationguide-page"><valueUri value="StructureDefinition-Practitioner.html"/></extension><reference><reference value="StructureDefinition/Practitioner"/></reference><name value="HCX Practitioner"/><description value="**Search by subject - a patient**  &#xA;**NOTE**: This US Core SearchParameter definition extends the usage context of the&#xA;[Conformance expectation extension](http://hl7.org/fhir/R4/extension-capabilitystatement-expectation.html)&#xA; - multipleAnd&#xA; - multipleOr&#xA; - comparator&#xA; - modifier&#xA; - chain"/><exampleBoolean value="false"/><groupingId value="-str-profile"/></resource><resource><extension url="http://hl7.org/fhir/tools/StructureDefinition/PractitionerRole"><valueString value="SearchParameter"/></extension><extension url="http://hl7.org/fhir/StructureDefinition/implementationguide-page"><valueUri value="StructureDefinition-PractitionerRole.html"/></extension><reference><reference value="StructureDefinition/PractitionerRole"/></reference><name value="HCX PractitionerRole"/><description value="**Search by subject - a patient**  &#xA;**NOTE**: This US Core SearchParameter definition extends the usage context of the&#xA;[Conformance expectation extension](http://hl7.org/fhir/R4/extension-capabilitystatement-expectation.html)&#xA; - multipleAnd&#xA; - multipleOr&#xA; - comparator&#xA; - modifier&#xA; - chain"/><exampleBoolean value="false"/><groupingId value="-str-profile"/></resource><resource><extension url="http://hl7.org/fhir/tools/StructureDefinition/PreAuthorizationResponse"><valueString value="SearchParameter"/></extension><extension url="http://hl7.org/fhir/StructureDefinition/implementationguide-page"><valueUri value="StructureDefinition-PreAuthorizationResponse.html"/></extension><reference><reference value="StructureDefinition/PreAuthorizationResponse"/></reference><name value="HCX PreAuthorizationResponse"/><description value="**Search by subject - a patient**  &#xA;**NOTE**: This US Core SearchParameter definition extends the usage context of the&#xA;[Conformance expectation extension](http://hl7.org/fhir/R4/extension-capabilitystatement-expectation.html)&#xA; - multipleAnd&#xA; - multipleOr&#xA; - comparator&#xA; - modifier&#xA; - chain"/><exampleBoolean value="false"/><groupingId value="-str-profile"/></resource><resource><extension url="http://hl7.org/fhir/tools/StructureDefinition/PaymentReconciliation"><valueString value="SearchParameter"/></extension><extension url="http://hl7.org/fhir/StructureDefinition/implementationguide-page"><valueUri value="StructureDefinition-PaymentReconciliation.html"/></extension><reference><reference value="StructureDefinition/PaymentReconciliation"/></reference><name value="HCX PaymentReconciliation"/><description value="**Search by subject - a patient**  &#xA;**NOTE**: This US Core SearchParameter definition extends the usage context of the&#xA;[Conformance expectation extension](http://hl7.org/fhir/R4/extension-capabilitystatement-expectation.html)&#xA; - multipleAnd&#xA; - multipleOr&#xA; - comparator&#xA; - modifier&#xA; - chain"/><exampleBoolean value="false"/><groupingId value="-str-profile"/></resource><resource><extension url="http://hl7.org/fhir/tools/ValueSet/claim-denial-codes"><valueString value="SearchParameter"/></extension><extension url="http://hl7.org/fhir/StructureDefinition/implementationguide-page"><valueUri value="ValueSet-claim-denial-codes.html"/></extension><reference><reference value="ValueSet/claim-denial-codes"/></reference><name value="HCX Claim Denial Codes"/><description value="**Search by subject - a patient**  &#xA;**NOTE**: This US Core SearchParameter definition extends the usage context of the&#xA;[Conformance expectation extension](http://hl7.org/fhir/R4/extension-capabilitystatement-expectation.html)&#xA; - multipleAnd&#xA; - multipleOr&#xA; - comparator&#xA; - modifier&#xA; - chain"/><exampleBoolean value="false"/><groupingId value="-term-valueset"/></resource><resource><extension url="http://hl7.org/fhir/tools/ValueSet/claim-service-categories"><valueString value="SearchParameter"/></extension><extension url="http://hl7.org/fhir/StructureDefinition/implementationguide-page"><valueUri value="ValueSet-claim-service-categories.html"/></extension><reference><reference value="ValueSet/claim-service-categories"/></reference><name value="HCX Claim Service Categories"/><description value="**Search by subject - a patient**  &#xA;**NOTE**: This US Core SearchParameter definition extends the usage context of the&#xA;[Conformance expectation extension](http://hl7.org/fhir/R4/extension-capabilitystatement-expectation.html)&#xA; - multipleAnd&#xA; - multipleOr&#xA; - comparator&#xA; - modifier&#xA; - chain"/><exampleBoolean value="false"/><groupingId value="-term-valueset"/></resource><page><nameUrl value="toc.html"/><title value="Table of Contents"/><generation value="html"/><page><nameUrl value="background.html"/><title value="Background"/><generation value="html"/></page><page><nameUrl value="downloads.html"/><title value="Downloads"/><generation value="html"/></page><page><nameUrl value="changes.html"/><title value="IG Changes"/><generation value="html"/></page><page><nameUrl value="artifacts.html"/><title value="Artifacts Summary"/><generation value="html"/><page><nameUrl value="StructureDefinition-Patient.html"/><title value="HCX Patient"/><generation value="generated"/></page><page><nameUrl value="StructureDefinition-CoverageEligibilityResponse.html"/><title value="HCX CoverageEligibility Response"/><generation value="generated"/></page><page><nameUrl value="StructureDefinition-CoverageEligibilityResponseDocument.html"/><title value="HCX CoverageEligibility Response Document"/><generation value="generated"/></page><page><nameUrl value="StructureDefinition-Account.html"/><title value="HCX Account"/><generation value="generated"/></page><page><nameUrl value="StructureDefinition-ClaimResponseDocument.html"/><title value="HCX Claim Response Document"/><generation value="generated"/></page><page><nameUrl value="StructureDefinition-Coverage.html"/><title value="HCX Coverage"/><generation value="generated"/></page><page><nameUrl value="StructureDefinition-CoverageEligibilityRequest.html"/><title value="HCX Coverage Eligibility Request"/><generation value="generated"/></page><page><nameUrl value="StructureDefinition-CoverageEligibilityRequestDocument.html"/><title value="HCX Coverage Eligibility Request Document"/><generation value="generated"/></page><page><nameUrl value="StructureDefinition-Organization.html"/><title value="HCX Organization"/><generation value="generated"/></page><page><nameUrl value="StructureDefinition-PaymentNotice.html"/><title value="HCX PaymentNotice"/><generation value="generated"/></page><page><nameUrl value="StructureDefinition-Practitioner.html"/><title value="HCX Practitioner"/><generation value="generated"/></page><page><nameUrl value="StructureDefinition-PractitionerRole.html"/><title value="HCX PractitionerRole"/><generation value="generated"/></page><page><nameUrl value="StructureDefinition-PreAuthorizationResponse.html"/><title value="HCX PreAuthorizationResponse"/><generation value="generated"/></page><page><nameUrl value="StructureDefinition-PaymentReconciliation.html"/><title value="HCX PaymentReconciliation"/><generation value="generated"/></page><page><nameUrl value="ValueSet-claim-denial-codes.html"/><title value="HCX Claim Denial Codes"/><generation value="generated"/></page><page><nameUrl value="ValueSet-claim-service-categories.html"/><title value="HCX Claim Service Categories"/><generation value="generated"/></page></page></page><parameter><code value="path-resource"/><value value="input/hcx-definations"/></parameter><parameter><code value="path-resource"/><value value="input/capabilities"/></parameter><parameter><code value="path-resource"/><value value="input/examples"/></parameter><parameter><code value="path-resource"/><value value="input/extensions"/></parameter><parameter><code value="path-resource"/><value value="input/models"/></parameter><parameter><code value="path-resource"/><value value="input/operations"/></parameter><parameter><code value="path-resource"/><value value="input/profiles"/></parameter><parameter><code value="path-resource"/><value value="input/resources"/></parameter><parameter><code value="path-resource"/><value value="input/vocabulary"/></parameter><parameter><code value="path-resource"/><value value="input/testing"/></parameter><parameter><code value="path-resource"/><value value="input/history"/></parameter><parameter><code value="path-resource"/><value value="fsh-generated/resources"/></parameter><parameter><code value="path-pages"/><value value="template/config"/></parameter><parameter><code value="path-pages"/><value value="input/images"/></parameter><parameter><code value="path-tx-cache"/><value value="input-cache/txcache"/></parameter></definition></ImplementationGuide>