<?xml version="1.0" encoding="UTF-8"?>

<Bundle xmlns="http://hl7.org/fhir">
  <id value="28151291-b95b-492e-9a23-1f823fa44db3"/>
  <meta>
    <lastUpdated value="2021-09-07T13:09:59.565+05:30"/>
  </meta>
  <type value="collection"/>
  <entry>
    <fullUrl value="https://fhir-ig-demo/ValueSet/health-service-provider-role"/>
    <resource>
      <ValueSet>
        <id value="health-service-provider-role"/>
        <text>
          <status value="generated"/>
          <div xmlns="http://www.w3.org/1999/xhtml">
            <p>This value set contains 13 concepts</p>
            <p>All codes from system 
              <code>http://hcp.org/codes/health-service-provider</code>
            </p>
            <table class="codes">
              <tr>
                <td style="white-space:nowrap">
                  <b>Code</b>
                </td>
                <td>
                  <b>Display</b>
                </td>
              </tr>
              <tr>
                <td style="white-space:nowrap">
                  <a name="http---hcp.org-codes-health-service-provider-1"> </a>1
                </td>
                <td>Primary Care Provider Referring Provider.</td>
              </tr>
              <tr>
                <td style="white-space:nowrap">
                  <a name="http---hcp.org-codes-health-service-provider-2"> </a>2
                </td>
                <td>Referring Provider.</td>
              </tr>
              <tr>
                <td style="white-space:nowrap">
                  <a name="http---hcp.org-codes-health-service-provider-3"> </a>3
                </td>
                <td>Treating Provider.</td>
              </tr>
              <tr>
                <td style="white-space:nowrap">
                  <a name="http---hcp.org-codes-health-service-provider-4"> </a>4
                </td>
                <td>Attending Provider.</td>
              </tr>
              <tr>
                <td style="white-space:nowrap">
                  <a name="http---hcp.org-codes-health-service-provider-5"> </a>5
                </td>
                <td>Admitting Provider.</td>
              </tr>
              <tr>
                <td style="white-space:nowrap">
                  <a name="http---hcp.org-codes-health-service-provider-6"> </a>6
                </td>
                <td>Consulting Provider.</td>
              </tr>
              <tr>
                <td style="white-space:nowrap">
                  <a name="http---hcp.org-codes-health-service-provider-7"> </a>7
                </td>
                <td>Ordering Provider.</td>
              </tr>
              <tr>
                <td style="white-space:nowrap">
                  <a name="http---hcp.org-codes-health-service-provider-8"> </a>8
                </td>
                <td>Dispensing Provider.</td>
              </tr>
              <tr>
                <td style="white-space:nowrap">
                  <a name="http---hcp.org-codes-health-service-provider-9"> </a>9
                </td>
                <td>Discharge Provider.</td>
              </tr>
              <tr>
                <td style="white-space:nowrap">
                  <a name="http---hcp.org-codes-health-service-provider-10"> </a>10
                </td>
                <td>Secondary Care Provider.</td>
              </tr>
              <tr>
                <td style="white-space:nowrap">
                  <a name="http---hcp.org-codes-health-service-provider-11"> </a>11
                </td>
                <td>Tertiary Care Provider.</td>
              </tr>
              <tr>
                <td style="white-space:nowrap">
                  <a name="http---hcp.org-codes-health-service-provider-12"> </a>12
                </td>
                <td>Transfusion Provider.</td>
              </tr>
              <tr>
                <td style="white-space:nowrap">
                  <a name="http---hcp.org-codes-health-service-provider-13"> </a>13
                </td>
                <td>Others.</td>
              </tr>
            </table>
          </div>
        </text>
        <url value="https://fhir-ig-demo/ValueSet/health-service-provider-role"/>
        <version value="0.0.1"/>
        <name value="Health Service Provider Role"/>
        <status value="active"/>
        <date value="2021-09-07"/>
        <publisher value="HL7 International - HCX"/>
        <contact>
          <name value="HL7 International - HCX"/>
          <telecom>
            <system value="url"/>
            <value value="https://www.swasth.app/"/>
          </telecom>
        </contact>
        <description value="This is the value set that includes the codes to identify health service provider"/>
        <expansion>
          <timestamp value="2021-09-07T08:15:30+05:30"/>
          <contains>
            <system value="http://hcp.org/codes/health-service-provider"/>
            <code value="1"/>
            <display value="Primary Care Provider Referring Provider."/>
          </contains>
          <contains>
            <system value="http://hcp.org/codes/health-service-provider"/>
            <code value="2"/>
            <display value="Referring Provider."/>
          </contains>
          <contains>
            <system value="http://hcp.org/codes/health-service-provider"/>
            <code value="3"/>
            <display value="Treating Provider."/>
          </contains>
          <contains>
            <system value="http://hcp.org/codes/health-service-provider"/>
            <code value="4"/>
            <display value="Attending Provider."/>
          </contains>
          <contains>
            <system value="http://hcp.org/codes/health-service-provider"/>
            <code value="5"/>
            <display value="Admitting Provider."/>
          </contains>
          <contains>
            <system value="http://hcp.org/codes/health-service-provider"/>
            <code value="6"/>
            <display value="Consulting Provider."/>
          </contains>
          <contains>
            <system value="http://hcp.org/codes/health-service-provider"/>
            <code value="7"/>
            <display value="Ordering Provider."/>
          </contains>
          <contains>
            <system value="http://hcp.org/codes/health-service-provider"/>
            <code value="8"/>
            <display value="Dispensing Provider."/>
          </contains>
          <contains>
            <system value="http://hcp.org/codes/health-service-provider"/>
            <code value="9"/>
            <display value="Discharge Provider."/>
          </contains>
          <contains>
            <system value="http://hcp.org/codes/health-service-provider"/>
            <code value="10"/>
            <display value="Secondary Care Provider."/>
          </contains>
          <contains>
            <system value="http://hcp.org/codes/health-service-provider"/>
            <code value="11"/>
            <display value="Tertiary Care Provider."/>
          </contains>
          <contains>
            <system value="http://hcp.org/codes/health-service-provider"/>
            <code value="12"/>
            <display value="Transfusion Provider."/>
          </contains>
          <contains>
            <system value="http://hcp.org/codes/health-service-provider"/>
            <code value="13"/>
            <display value="Others."/>
          </contains>
        </expansion>
      </ValueSet>
    </resource>
  </entry>
  <entry>
    <fullUrl value="https://fhir-ig-demo/ValueSet/insurance-company-owners"/>
    <resource>
      <ValueSet>
        <id value="insurance-company-owners"/>
        <text>
          <status value="generated"/>
          <div xmlns="http://www.w3.org/1999/xhtml">
            <p>This value set contains 51 concepts</p>
            <p>All codes from system 
              <code>http://hcp.org/codes/insurance-company-owners</code>
            </p>
            <table class="codes">
              <tr>
                <td style="white-space:nowrap">
                  <b>Code</b>
                </td>
                <td>
                  <b>Display</b>
                </td>
              </tr>
              <tr>
                <td style="white-space:nowrap">
                  <a name="http---hcp.org-codes-insurance-company-owners-1"> </a>1
                </td>
                <td>Bajaj Allianz General Insurance Co. Ltd.</td>
              </tr>
              <tr>
                <td style="white-space:nowrap">
                  <a name="http---hcp.org-codes-insurance-company-owners-2"> </a>2
                </td>
                <td>ICICI Lombard General Insurance Co. Ltd.</td>
              </tr>
              <tr>
                <td style="white-space:nowrap">
                  <a name="http---hcp.org-codes-insurance-company-owners-3"> </a>3
                </td>
                <td>IFFCO Tokio General Insurance Co. Ltd.</td>
              </tr>
              <tr>
                <td style="white-space:nowrap">
                  <a name="http---hcp.org-codes-insurance-company-owners-4"> </a>4
                </td>
                <td>National Insurance Co. Ltd.</td>
              </tr>
              <tr>
                <td style="white-space:nowrap">
                  <a name="http---hcp.org-codes-insurance-company-owners-5"> </a>5
                </td>
                <td>The New India Assurance Co. Ltd.</td>
              </tr>
              <tr>
                <td style="white-space:nowrap">
                  <a name="http---hcp.org-codes-insurance-company-owners-6"> </a>6
                </td>
                <td>The Oriental Insurance Co. Ltd.</td>
              </tr>
              <tr>
                <td style="white-space:nowrap">
                  <a name="http---hcp.org-codes-insurance-company-owners-7"> </a>7
                </td>
                <td>United India Insurance Co. Ltd.</td>
              </tr>
              <tr>
                <td style="white-space:nowrap">
                  <a name="http---hcp.org-codes-insurance-company-owners-8"> </a>8
                </td>
                <td>Reliance General Insurance Co. Ltd.</td>
              </tr>
              <tr>
                <td style="white-space:nowrap">
                  <a name="http---hcp.org-codes-insurance-company-owners-9"> </a>9
                </td>
                <td>Royal Sundaram Alliance Insurance Co. Ltd</td>
              </tr>
              <tr>
                <td style="white-space:nowrap">
                  <a name="http---hcp.org-codes-insurance-company-owners-10"> </a>10
                </td>
                <td>Tata AIG General Insurance Co. Ltd.</td>
              </tr>
              <tr>
                <td style="white-space:nowrap">
                  <a name="http---hcp.org-codes-insurance-company-owners-11"> </a>11
                </td>
                <td>Cholamandalam MS General Insurance Co. Ltd.</td>
              </tr>
              <tr>
                <td style="white-space:nowrap">
                  <a name="http---hcp.org-codes-insurance-company-owners-12"> </a>12
                </td>
                <td>HDFC ERGO General Insurance Co. Ltd.</td>
              </tr>
              <tr>
                <td style="white-space:nowrap">
                  <a name="http---hcp.org-codes-insurance-company-owners-13"> </a>13
                </td>
                <td>Export Credit Guarantee Corporation of India Ltd.</td>
              </tr>
              <tr>
                <td style="white-space:nowrap">
                  <a name="http---hcp.org-codes-insurance-company-owners-14"> </a>14
                </td>
                <td>Agriculture Insurance Co. of India Ltd.</td>
              </tr>
              <tr>
                <td style="white-space:nowrap">
                  <a name="http---hcp.org-codes-insurance-company-owners-15"> </a>15
                </td>
                <td>Star Health and Allied Insurance Company Limited</td>
              </tr>
              <tr>
                <td style="white-space:nowrap">
                  <a name="http---hcp.org-codes-insurance-company-owners-16"> </a>16
                </td>
                <td>Apollo Munich Health Insurance Company Limited</td>
              </tr>
              <tr>
                <td style="white-space:nowrap">
                  <a name="http---hcp.org-codes-insurance-company-owners-17"> </a>17
                </td>
                <td>Universal Sompo General Insurance Co. Ltd.</td>
              </tr>
              <tr>
                <td style="white-space:nowrap">
                  <a name="http---hcp.org-codes-insurance-company-owners-18"> </a>18
                </td>
                <td>Future Generali India Insurance Company Limited</td>
              </tr>
              <tr>
                <td style="white-space:nowrap">
                  <a name="http---hcp.org-codes-insurance-company-owners-19"> </a>19
                </td>
                <td>Shriram General Insurance Company Limited</td>
              </tr>
              <tr>
                <td style="white-space:nowrap">
                  <a name="http---hcp.org-codes-insurance-company-owners-20"> </a>20
                </td>
                <td>Bharti AXA General Insurance Company Limited</td>
              </tr>
              <tr>
                <td style="white-space:nowrap">
                  <a name="http---hcp.org-codes-insurance-company-owners-21"> </a>21
                </td>
                <td>Raheja QBE General Insurance Company Limited</td>
              </tr>
              <tr>
                <td style="white-space:nowrap">
                  <a name="http---hcp.org-codes-insurance-company-owners-22"> </a>22
                </td>
                <td>SBI General Insurance Company Limited</td>
              </tr>
              <tr>
                <td style="white-space:nowrap">
                  <a name="http---hcp.org-codes-insurance-company-owners-23"> </a>23
                </td>
                <td>Max Bupa Health Insurance Company Ltd.2nd Floor, Salcon Rasvilas,</td>
              </tr>
              <tr>
                <td style="white-space:nowrap">
                  <a name="http---hcp.org-codes-insurance-company-owners-24"> </a>24
                </td>
                <td>L&amp;T General Insurance Company Limited</td>
              </tr>
              <tr>
                <td style="white-space:nowrap">
                  <a name="http---hcp.org-codes-insurance-company-owners-25"> </a>25
                </td>
                <td>Religare Health Insurance Company Limited</td>
              </tr>
              <tr>
                <td style="white-space:nowrap">
                  <a name="http---hcp.org-codes-insurance-company-owners-26"> </a>26
                </td>
                <td>Magma HDI General Insurance Company Limited</td>
              </tr>
              <tr>
                <td style="white-space:nowrap">
                  <a name="http---hcp.org-codes-insurance-company-owners-27"> </a>27
                </td>
                <td>Liberty Videocon General Insurance Company Limited,</td>
              </tr>
              <tr>
                <td style="white-space:nowrap">
                  <a name="http---hcp.org-codes-insurance-company-owners-28"> </a>28
                </td>
                <td>Bajaj Allianz Life Insurance Company Limited</td>
              </tr>
              <tr>
                <td style="white-space:nowrap">
                  <a name="http---hcp.org-codes-insurance-company-owners-29"> </a>29
                </td>
                <td>Birla Sun Life Insurance Co. Ltd</td>
              </tr>
              <tr>
                <td style="white-space:nowrap">
                  <a name="http---hcp.org-codes-insurance-company-owners-30"> </a>30
                </td>
                <td>HDFC Standard Life Insurance Co. Ltd</td>
              </tr>
              <tr>
                <td style="white-space:nowrap">
                  <a name="http---hcp.org-codes-insurance-company-owners-31"> </a>31
                </td>
                <td>ICICI Prudential Life Insurance Co. Ltd</td>
              </tr>
              <tr>
                <td style="white-space:nowrap">
                  <a name="http---hcp.org-codes-insurance-company-owners-32"> </a>32
                </td>
                <td>ING Vysya Life Insurance Company Ltd.</td>
              </tr>
              <tr>
                <td style="white-space:nowrap">
                  <a name="http---hcp.org-codes-insurance-company-owners-33"> </a>33
                </td>
                <td>Life Insurance Corporation of India</td>
              </tr>
              <tr>
                <td style="white-space:nowrap">
                  <a name="http---hcp.org-codes-insurance-company-owners-34"> </a>34
                </td>
                <td>Max Life Insurance Co. Ltd</td>
              </tr>
              <tr>
                <td style="white-space:nowrap">
                  <a name="http---hcp.org-codes-insurance-company-owners-35"> </a>35
                </td>
                <td>PNB Metlife India Insurance Co. Ltd.</td>
              </tr>
              <tr>
                <td style="white-space:nowrap">
                  <a name="http---hcp.org-codes-insurance-company-owners-36"> </a>36
                </td>
                <td>Kotak Mahindra Old Mutual Life Insurance Limited</td>
              </tr>
              <tr>
                <td style="white-space:nowrap">
                  <a name="http---hcp.org-codes-insurance-company-owners-37"> </a>37
                </td>
                <td>SBI Life Insurance Co. Ltd</td>
              </tr>
              <tr>
                <td style="white-space:nowrap">
                  <a name="http---hcp.org-codes-insurance-company-owners-38"> </a>38
                </td>
                <td>Tata AIA Life Insurance Company Limited</td>
              </tr>
              <tr>
                <td style="white-space:nowrap">
                  <a name="http---hcp.org-codes-insurance-company-owners-39"> </a>39
                </td>
                <td>Reliance Life Insurance Company Limited.</td>
              </tr>
              <tr>
                <td style="white-space:nowrap">
                  <a name="http---hcp.org-codes-insurance-company-owners-40"> </a>40
                </td>
                <td>Aviva Life Insurance Company India Limited</td>
              </tr>
              <tr>
                <td style="white-space:nowrap">
                  <a name="http---hcp.org-codes-insurance-company-owners-41"> </a>41
                </td>
                <td>Sahara India Life Insurance Co, Ltd.</td>
              </tr>
              <tr>
                <td style="white-space:nowrap">
                  <a name="http---hcp.org-codes-insurance-company-owners-42"> </a>42
                </td>
                <td>Shriram Life Insurance Co, Ltd.</td>
              </tr>
              <tr>
                <td style="white-space:nowrap">
                  <a name="http---hcp.org-codes-insurance-company-owners-43"> </a>43
                </td>
                <td>Bharti AXA Life Insurance Company Ltd.</td>
              </tr>
              <tr>
                <td style="white-space:nowrap">
                  <a name="http---hcp.org-codes-insurance-company-owners-44"> </a>44
                </td>
                <td>Future Generali India Life Insurance Company Limited</td>
              </tr>
              <tr>
                <td style="white-space:nowrap">
                  <a name="http---hcp.org-codes-insurance-company-owners-45"> </a>45
                </td>
                <td>IDBI Federal Life Insurance Company Ltd</td>
              </tr>
              <tr>
                <td style="white-space:nowrap">
                  <a name="http---hcp.org-codes-insurance-company-owners-46"> </a>46
                </td>
                <td>Canara HSBC Oriental Bank of Commerce Life Insurance Company Ltd.</td>
              </tr>
              <tr>
                <td style="white-space:nowrap">
                  <a name="http---hcp.org-codes-insurance-company-owners-47"> </a>47
                </td>
                <td>AEGON Religare Life Insurance Company Limited.</td>
              </tr>
              <tr>
                <td style="white-space:nowrap">
                  <a name="http---hcp.org-codes-insurance-company-owners-48"> </a>48
                </td>
                <td>DLF Pramerica Life Insurance Co. Ltd.</td>
              </tr>
              <tr>
                <td style="white-space:nowrap">
                  <a name="http---hcp.org-codes-insurance-company-owners-49"> </a>49
                </td>
                <td>Star Union Dai-ichi Life Insurance Co.</td>
              </tr>
              <tr>
                <td style="white-space:nowrap">
                  <a name="http---hcp.org-codes-insurance-company-owners-50"> </a>50
                </td>
                <td>IndiaFirst Life Insurance Company Limited</td>
              </tr>
              <tr>
                <td style="white-space:nowrap">
                  <a name="http---hcp.org-codes-insurance-company-owners-51"> </a>51
                </td>
                <td>Edelweiss Tokio Life Insurance Co. Ltd.</td>
              </tr>
            </table>
          </div>
        </text>
        <url value="https://fhir-ig-demo/ValueSet/insurance-company-owners"/>
        <version value="0.0.1"/>
        <name value="Insurance Company Owners"/>
        <status value="active"/>
        <date value="2021-09-07"/>
        <publisher value="HL7 International - HCX"/>
        <contact>
          <name value="HL7 International - HCX"/>
          <telecom>
            <system value="url"/>
            <value value="https://www.swasth.app/"/>
          </telecom>
        </contact>
        <description value="This is the value set that includes the codes to identify the insurance company owners"/>
        <expansion>
          <timestamp value="2021-09-07T08:15:30+05:30"/>
          <contains>
            <system value="http://hcp.org/codes/insurance-company-owners"/>
            <code value="1"/>
            <display value="Bajaj Allianz General Insurance Co. Ltd."/>
          </contains>
          <contains>
            <system value="http://hcp.org/codes/insurance-company-owners"/>
            <code value="2"/>
            <display value="ICICI Lombard General Insurance Co. Ltd."/>
          </contains>
          <contains>
            <system value="http://hcp.org/codes/insurance-company-owners"/>
            <code value="3"/>
            <display value="IFFCO Tokio General Insurance Co. Ltd."/>
          </contains>
          <contains>
            <system value="http://hcp.org/codes/insurance-company-owners"/>
            <code value="4"/>
            <display value="National Insurance Co. Ltd."/>
          </contains>
          <contains>
            <system value="http://hcp.org/codes/insurance-company-owners"/>
            <code value="5"/>
            <display value="The New India Assurance Co. Ltd."/>
          </contains>
          <contains>
            <system value="http://hcp.org/codes/insurance-company-owners"/>
            <code value="6"/>
            <display value="The Oriental Insurance Co. Ltd."/>
          </contains>
          <contains>
            <system value="http://hcp.org/codes/insurance-company-owners"/>
            <code value="7"/>
            <display value="United India Insurance Co. Ltd."/>
          </contains>
          <contains>
            <system value="http://hcp.org/codes/insurance-company-owners"/>
            <code value="8"/>
            <display value="Reliance General Insurance Co. Ltd."/>
          </contains>
          <contains>
            <system value="http://hcp.org/codes/insurance-company-owners"/>
            <code value="9"/>
            <display value="Royal Sundaram Alliance Insurance Co. Ltd"/>
          </contains>
          <contains>
            <system value="http://hcp.org/codes/insurance-company-owners"/>
            <code value="10"/>
            <display value="Tata AIG General Insurance Co. Ltd."/>
          </contains>
          <contains>
            <system value="http://hcp.org/codes/insurance-company-owners"/>
            <code value="11"/>
            <display value="Cholamandalam MS General Insurance Co. Ltd."/>
          </contains>
          <contains>
            <system value="http://hcp.org/codes/insurance-company-owners"/>
            <code value="12"/>
            <display value="HDFC ERGO General Insurance Co. Ltd."/>
          </contains>
          <contains>
            <system value="http://hcp.org/codes/insurance-company-owners"/>
            <code value="13"/>
            <display value="Export Credit Guarantee Corporation of India Ltd."/>
          </contains>
          <contains>
            <system value="http://hcp.org/codes/insurance-company-owners"/>
            <code value="14"/>
            <display value="Agriculture Insurance Co. of India Ltd."/>
          </contains>
          <contains>
            <system value="http://hcp.org/codes/insurance-company-owners"/>
            <code value="15"/>
            <display value="Star Health and Allied Insurance Company Limited"/>
          </contains>
          <contains>
            <system value="http://hcp.org/codes/insurance-company-owners"/>
            <code value="16"/>
            <display value="Apollo Munich Health Insurance Company Limited"/>
          </contains>
          <contains>
            <system value="http://hcp.org/codes/insurance-company-owners"/>
            <code value="17"/>
            <display value="Universal Sompo General Insurance Co. Ltd."/>
          </contains>
          <contains>
            <system value="http://hcp.org/codes/insurance-company-owners"/>
            <code value="18"/>
            <display value="Future Generali India Insurance Company Limited"/>
          </contains>
          <contains>
            <system value="http://hcp.org/codes/insurance-company-owners"/>
            <code value="19"/>
            <display value="Shriram General Insurance Company Limited"/>
          </contains>
          <contains>
            <system value="http://hcp.org/codes/insurance-company-owners"/>
            <code value="20"/>
            <display value="Bharti AXA General Insurance Company Limited"/>
          </contains>
          <contains>
            <system value="http://hcp.org/codes/insurance-company-owners"/>
            <code value="21"/>
            <display value="Raheja QBE General Insurance Company Limited"/>
          </contains>
          <contains>
            <system value="http://hcp.org/codes/insurance-company-owners"/>
            <code value="22"/>
            <display value="SBI General Insurance Company Limited"/>
          </contains>
          <contains>
            <system value="http://hcp.org/codes/insurance-company-owners"/>
            <code value="23"/>
            <display value="Max Bupa Health Insurance Company Ltd.2nd Floor, Salcon Rasvilas,"/>
          </contains>
          <contains>
            <system value="http://hcp.org/codes/insurance-company-owners"/>
            <code value="24"/>
            <display value="L&amp;T General Insurance Company Limited"/>
          </contains>
          <contains>
            <system value="http://hcp.org/codes/insurance-company-owners"/>
            <code value="25"/>
            <display value="Religare Health Insurance Company Limited"/>
          </contains>
          <contains>
            <system value="http://hcp.org/codes/insurance-company-owners"/>
            <code value="26"/>
            <display value="Magma HDI General Insurance Company Limited"/>
          </contains>
          <contains>
            <system value="http://hcp.org/codes/insurance-company-owners"/>
            <code value="27"/>
            <display value="Liberty Videocon General Insurance Company Limited,"/>
          </contains>
          <contains>
            <system value="http://hcp.org/codes/insurance-company-owners"/>
            <code value="28"/>
            <display value="Bajaj Allianz Life Insurance Company Limited"/>
          </contains>
          <contains>
            <system value="http://hcp.org/codes/insurance-company-owners"/>
            <code value="29"/>
            <display value="Birla Sun Life Insurance Co. Ltd"/>
          </contains>
          <contains>
            <system value="http://hcp.org/codes/insurance-company-owners"/>
            <code value="30"/>
            <display value="HDFC Standard Life Insurance Co. Ltd"/>
          </contains>
          <contains>
            <system value="http://hcp.org/codes/insurance-company-owners"/>
            <code value="31"/>
            <display value="ICICI Prudential Life Insurance Co. Ltd"/>
          </contains>
          <contains>
            <system value="http://hcp.org/codes/insurance-company-owners"/>
            <code value="32"/>
            <display value="ING Vysya Life Insurance Company Ltd."/>
          </contains>
          <contains>
            <system value="http://hcp.org/codes/insurance-company-owners"/>
            <code value="33"/>
            <display value="Life Insurance Corporation of India"/>
          </contains>
          <contains>
            <system value="http://hcp.org/codes/insurance-company-owners"/>
            <code value="34"/>
            <display value="Max Life Insurance Co. Ltd"/>
          </contains>
          <contains>
            <system value="http://hcp.org/codes/insurance-company-owners"/>
            <code value="35"/>
            <display value="PNB Metlife India Insurance Co. Ltd."/>
          </contains>
          <contains>
            <system value="http://hcp.org/codes/insurance-company-owners"/>
            <code value="36"/>
            <display value="Kotak Mahindra Old Mutual Life Insurance Limited"/>
          </contains>
          <contains>
            <system value="http://hcp.org/codes/insurance-company-owners"/>
            <code value="37"/>
            <display value="SBI Life Insurance Co. Ltd"/>
          </contains>
          <contains>
            <system value="http://hcp.org/codes/insurance-company-owners"/>
            <code value="38"/>
            <display value="Tata AIA Life Insurance Company Limited"/>
          </contains>
          <contains>
            <system value="http://hcp.org/codes/insurance-company-owners"/>
            <code value="39"/>
            <display value="Reliance Life Insurance Company Limited."/>
          </contains>
          <contains>
            <system value="http://hcp.org/codes/insurance-company-owners"/>
            <code value="40"/>
            <display value="Aviva Life Insurance Company India Limited"/>
          </contains>
          <contains>
            <system value="http://hcp.org/codes/insurance-company-owners"/>
            <code value="41"/>
            <display value="Sahara India Life Insurance Co, Ltd."/>
          </contains>
          <contains>
            <system value="http://hcp.org/codes/insurance-company-owners"/>
            <code value="42"/>
            <display value="Shriram Life Insurance Co, Ltd."/>
          </contains>
          <contains>
            <system value="http://hcp.org/codes/insurance-company-owners"/>
            <code value="43"/>
            <display value="Bharti AXA Life Insurance Company Ltd."/>
          </contains>
          <contains>
            <system value="http://hcp.org/codes/insurance-company-owners"/>
            <code value="44"/>
            <display value="Future Generali India Life Insurance Company Limited"/>
          </contains>
          <contains>
            <system value="http://hcp.org/codes/insurance-company-owners"/>
            <code value="45"/>
            <display value="IDBI Federal Life Insurance Company Ltd"/>
          </contains>
          <contains>
            <system value="http://hcp.org/codes/insurance-company-owners"/>
            <code value="46"/>
            <display value="Canara HSBC Oriental Bank of Commerce Life Insurance Company Ltd."/>
          </contains>
          <contains>
            <system value="http://hcp.org/codes/insurance-company-owners"/>
            <code value="47"/>
            <display value="AEGON Religare Life Insurance Company Limited."/>
          </contains>
          <contains>
            <system value="http://hcp.org/codes/insurance-company-owners"/>
            <code value="48"/>
            <display value="DLF Pramerica Life Insurance Co. Ltd."/>
          </contains>
          <contains>
            <system value="http://hcp.org/codes/insurance-company-owners"/>
            <code value="49"/>
            <display value="Star Union Dai-ichi Life Insurance Co."/>
          </contains>
          <contains>
            <system value="http://hcp.org/codes/insurance-company-owners"/>
            <code value="50"/>
            <display value="IndiaFirst Life Insurance Company Limited"/>
          </contains>
          <contains>
            <system value="http://hcp.org/codes/insurance-company-owners"/>
            <code value="51"/>
            <display value="Edelweiss Tokio Life Insurance Co. Ltd."/>
          </contains>
        </expansion>
      </ValueSet>
    </resource>
  </entry>
  <entry>
    <fullUrl value="https://fhir-ig-demo/ValueSet/medical-specialty-provider"/>
    <resource>
      <ValueSet>
        <id value="medical-specialty-provider"/>
        <text>
          <status value="generated"/>
          <div xmlns="http://www.w3.org/1999/xhtml">
            <p>This value set contains 89 concepts</p>
            <p>All codes from system 
              <code>http://hcp.org/codes/medical-specility-type-provider</code>
            </p>
            <table class="codes">
              <tr>
                <td style="white-space:nowrap">
                  <b>Code</b>
                </td>
                <td>
                  <b>Display</b>
                </td>
              </tr>
              <tr>
                <td style="white-space:nowrap">
                  <a name="http---hcp.org-codes-medical-specility-type-provider-null"> </a>
                </td>
                <td>General Medicine</td>
              </tr>
              <tr>
                <td style="white-space:nowrap">
                  <a name="http---hcp.org-codes-medical-specility-type-provider-null"> </a>
                </td>
                <td>Dental surgery</td>
              </tr>
              <tr>
                <td style="white-space:nowrap">
                  <a name="http---hcp.org-codes-medical-specility-type-provider-null"> </a>
                </td>
                <td>Nursing</td>
              </tr>
              <tr>
                <td style="white-space:nowrap">
                  <a name="http---hcp.org-codes-medical-specility-type-provider-null"> </a>
                </td>
                <td>Pharmacy</td>
              </tr>
              <tr>
                <td style="white-space:nowrap">
                  <a name="http---hcp.org-codes-medical-specility-type-provider-null"> </a>
                </td>
                <td>Nursing Midwifery</td>
              </tr>
              <tr>
                <td style="white-space:nowrap">
                  <a name="http---hcp.org-codes-medical-specility-type-provider-null"> </a>
                </td>
                <td>Military surgeons</td>
              </tr>
              <tr>
                <td style="white-space:nowrap">
                  <a name="http---hcp.org-codes-medical-specility-type-provider-null"> </a>
                </td>
                <td>Cardio Thoracic and Vascular Surgery</td>
              </tr>
              <tr>
                <td style="white-space:nowrap">
                  <a name="http---hcp.org-codes-medical-specility-type-provider-null"> </a>
                </td>
                <td>Cardiology</td>
              </tr>
              <tr>
                <td style="white-space:nowrap">
                  <a name="http---hcp.org-codes-medical-specility-type-provider-null"> </a>
                </td>
                <td>Allergy</td>
              </tr>
              <tr>
                <td style="white-space:nowrap">
                  <a name="http---hcp.org-codes-medical-specility-type-provider-null"> </a>
                </td>
                <td>Chest Medicine</td>
              </tr>
              <tr>
                <td style="white-space:nowrap">
                  <a name="http---hcp.org-codes-medical-specility-type-provider-null"> </a>
                </td>
                <td>Clinical Psychology</td>
              </tr>
              <tr>
                <td style="white-space:nowrap">
                  <a name="http---hcp.org-codes-medical-specility-type-provider-null"> </a>
                </td>
                <td>Cosmetic Dentistry</td>
              </tr>
              <tr>
                <td style="white-space:nowrap">
                  <a name="http---hcp.org-codes-medical-specility-type-provider-null"> </a>
                </td>
                <td>Cosmetic Surgery</td>
              </tr>
              <tr>
                <td style="white-space:nowrap">
                  <a name="http---hcp.org-codes-medical-specility-type-provider-null"> </a>
                </td>
                <td>Endodontics</td>
              </tr>
              <tr>
                <td style="white-space:nowrap">
                  <a name="http---hcp.org-codes-medical-specility-type-provider-null"> </a>
                </td>
                <td>ENT</td>
              </tr>
              <tr>
                <td style="white-space:nowrap">
                  <a name="http---hcp.org-codes-medical-specility-type-provider-null"> </a>
                </td>
                <td>Critical Care</td>
              </tr>
              <tr>
                <td style="white-space:nowrap">
                  <a name="http---hcp.org-codes-medical-specility-type-provider-null"> </a>
                </td>
                <td>Dental Implants &amp; Cosmetic Dentistry</td>
              </tr>
              <tr>
                <td style="white-space:nowrap">
                  <a name="http---hcp.org-codes-medical-specility-type-provider-null"> </a>
                </td>
                <td>Dermatology Venereology and Leprology</td>
              </tr>
              <tr>
                <td style="white-space:nowrap">
                  <a name="http---hcp.org-codes-medical-specility-type-provider-null"> </a>
                </td>
                <td>Dermatology</td>
              </tr>
              <tr>
                <td style="white-space:nowrap">
                  <a name="http---hcp.org-codes-medical-specility-type-provider-null"> </a>
                </td>
                <td>Facial Plastic Surgery</td>
              </tr>
              <tr>
                <td style="white-space:nowrap">
                  <a name="http---hcp.org-codes-medical-specility-type-provider-null"> </a>
                </td>
                <td>Diabetology</td>
              </tr>
              <tr>
                <td style="white-space:nowrap">
                  <a name="http---hcp.org-codes-medical-specility-type-provider-null"> </a>
                </td>
                <td>Endocrinology</td>
              </tr>
              <tr>
                <td style="white-space:nowrap">
                  <a name="http---hcp.org-codes-medical-specility-type-provider-null"> </a>
                </td>
                <td>Diet and Nutrition</td>
              </tr>
              <tr>
                <td style="white-space:nowrap">
                  <a name="http---hcp.org-codes-medical-specility-type-provider-null"> </a>
                </td>
                <td>Diabetology &amp; Internal Medicine</td>
              </tr>
              <tr>
                <td style="white-space:nowrap">
                  <a name="http---hcp.org-codes-medical-specility-type-provider-null"> </a>
                </td>
                <td>Gastrosurgery</td>
              </tr>
              <tr>
                <td style="white-space:nowrap">
                  <a name="http---hcp.org-codes-medical-specility-type-provider-null"> </a>
                </td>
                <td>Gastroenterology</td>
              </tr>
              <tr>
                <td style="white-space:nowrap">
                  <a name="http---hcp.org-codes-medical-specility-type-provider-null"> </a>
                </td>
                <td>General Medicine</td>
              </tr>
              <tr>
                <td style="white-space:nowrap">
                  <a name="http---hcp.org-codes-medical-specility-type-provider-null"> </a>
                </td>
                <td>General Surgery</td>
              </tr>
              <tr>
                <td style="white-space:nowrap">
                  <a name="http---hcp.org-codes-medical-specility-type-provider-null"> </a>
                </td>
                <td>General Surgery &amp; Laparoscopic Surgery</td>
              </tr>
              <tr>
                <td style="white-space:nowrap">
                  <a name="http---hcp.org-codes-medical-specility-type-provider-null"> </a>
                </td>
                <td>Gynecology &amp; Ultrasonology</td>
              </tr>
              <tr>
                <td style="white-space:nowrap">
                  <a name="http---hcp.org-codes-medical-specility-type-provider-null"> </a>
                </td>
                <td>Head &amp; Neck Surgery</td>
              </tr>
              <tr>
                <td style="white-space:nowrap">
                  <a name="http---hcp.org-codes-medical-specility-type-provider-null"> </a>
                </td>
                <td>Head &amp; Neck Surgical Oncology</td>
              </tr>
              <tr>
                <td style="white-space:nowrap">
                  <a name="http---hcp.org-codes-medical-specility-type-provider-null"> </a>
                </td>
                <td>Hepato Pancreato Biliary Surgery</td>
              </tr>
              <tr>
                <td style="white-space:nowrap">
                  <a name="http---hcp.org-codes-medical-specility-type-provider-null"> </a>
                </td>
                <td>Infectious Disease medicine</td>
              </tr>
              <tr>
                <td style="white-space:nowrap">
                  <a name="http---hcp.org-codes-medical-specility-type-provider-null"> </a>
                </td>
                <td>Internal Medicine</td>
              </tr>
              <tr>
                <td style="white-space:nowrap">
                  <a name="http---hcp.org-codes-medical-specility-type-provider-null"> </a>
                </td>
                <td>Internal Medicine &amp; Diabetics</td>
              </tr>
              <tr>
                <td style="white-space:nowrap">
                  <a name="http---hcp.org-codes-medical-specility-type-provider-null"> </a>
                </td>
                <td>Neuro Surgery</td>
              </tr>
              <tr>
                <td style="white-space:nowrap">
                  <a name="http---hcp.org-codes-medical-specility-type-provider-null"> </a>
                </td>
                <td>Resident Physicians</td>
              </tr>
              <tr>
                <td style="white-space:nowrap">
                  <a name="http---hcp.org-codes-medical-specility-type-provider-null"> </a>
                </td>
                <td>Respiratory Allergy And Sleep Medicine</td>
              </tr>
              <tr>
                <td style="white-space:nowrap">
                  <a name="http---hcp.org-codes-medical-specility-type-provider-null"> </a>
                </td>
                <td>Rheumatology</td>
              </tr>
              <tr>
                <td style="white-space:nowrap">
                  <a name="http---hcp.org-codes-medical-specility-type-provider-null"> </a>
                </td>
                <td>Sexual Medicine</td>
              </tr>
              <tr>
                <td style="white-space:nowrap">
                  <a name="http---hcp.org-codes-medical-specility-type-provider-null"> </a>
                </td>
                <td>Spine Surgery</td>
              </tr>
              <tr>
                <td style="white-space:nowrap">
                  <a name="http---hcp.org-codes-medical-specility-type-provider-null"> </a>
                </td>
                <td>Sports Medicine</td>
              </tr>
              <tr>
                <td style="white-space:nowrap">
                  <a name="http---hcp.org-codes-medical-specility-type-provider-null"> </a>
                </td>
                <td>Surgical Gastroenterology</td>
              </tr>
              <tr>
                <td style="white-space:nowrap">
                  <a name="http---hcp.org-codes-medical-specility-type-provider-null"> </a>
                </td>
                <td>Surgical Oncology</td>
              </tr>
              <tr>
                <td style="white-space:nowrap">
                  <a name="http---hcp.org-codes-medical-specility-type-provider-null"> </a>
                </td>
                <td>Urology</td>
              </tr>
              <tr>
                <td style="white-space:nowrap">
                  <a name="http---hcp.org-codes-medical-specility-type-provider-null"> </a>
                </td>
                <td>Physiotherapy</td>
              </tr>
              <tr>
                <td style="white-space:nowrap">
                  <a name="http---hcp.org-codes-medical-specility-type-provider-null"> </a>
                </td>
                <td>Physiotherapy &amp; Rehabilitation</td>
              </tr>
              <tr>
                <td style="white-space:nowrap">
                  <a name="http---hcp.org-codes-medical-specility-type-provider-null"> </a>
                </td>
                <td>Plastic and Cosmetic Surgery</td>
              </tr>
              <tr>
                <td style="white-space:nowrap">
                  <a name="http---hcp.org-codes-medical-specility-type-provider-null"> </a>
                </td>
                <td>Plastic Surgery</td>
              </tr>
              <tr>
                <td style="white-space:nowrap">
                  <a name="http---hcp.org-codes-medical-specility-type-provider-null"> </a>
                </td>
                <td>Podiatry</td>
              </tr>
              <tr>
                <td style="white-space:nowrap">
                  <a name="http---hcp.org-codes-medical-specility-type-provider-null"> </a>
                </td>
                <td>Prosthodontics &amp; Implants</td>
              </tr>
              <tr>
                <td style="white-space:nowrap">
                  <a name="http---hcp.org-codes-medical-specility-type-provider-null"> </a>
                </td>
                <td>Psychiatry</td>
              </tr>
              <tr>
                <td style="white-space:nowrap">
                  <a name="http---hcp.org-codes-medical-specility-type-provider-null"> </a>
                </td>
                <td>Pulmonology</td>
              </tr>
              <tr>
                <td style="white-space:nowrap">
                  <a name="http---hcp.org-codes-medical-specility-type-provider-null"> </a>
                </td>
                <td>Radiation Oncology</td>
              </tr>
              <tr>
                <td style="white-space:nowrap">
                  <a name="http---hcp.org-codes-medical-specility-type-provider-null"> </a>
                </td>
                <td>Radiology</td>
              </tr>
              <tr>
                <td style="white-space:nowrap">
                  <a name="http---hcp.org-codes-medical-specility-type-provider-null"> </a>
                </td>
                <td>Laparoscopic and Robotic Surgery</td>
              </tr>
              <tr>
                <td style="white-space:nowrap">
                  <a name="http---hcp.org-codes-medical-specility-type-provider-null"> </a>
                </td>
                <td>Medical Gastroenterology</td>
              </tr>
              <tr>
                <td style="white-space:nowrap">
                  <a name="http---hcp.org-codes-medical-specility-type-provider-null"> </a>
                </td>
                <td>Medical Oncology</td>
              </tr>
              <tr>
                <td style="white-space:nowrap">
                  <a name="http---hcp.org-codes-medical-specility-type-provider-null"> </a>
                </td>
                <td>Nephrology</td>
              </tr>
              <tr>
                <td style="white-space:nowrap">
                  <a name="http---hcp.org-codes-medical-specility-type-provider-null"> </a>
                </td>
                <td>Neurology</td>
              </tr>
              <tr>
                <td style="white-space:nowrap">
                  <a name="http---hcp.org-codes-medical-specility-type-provider-null"> </a>
                </td>
                <td>Neurology &amp; Neuro Surgery</td>
              </tr>
              <tr>
                <td style="white-space:nowrap">
                  <a name="http---hcp.org-codes-medical-specility-type-provider-null"> </a>
                </td>
                <td>Neuropsychiatry</td>
              </tr>
              <tr>
                <td style="white-space:nowrap">
                  <a name="http---hcp.org-codes-medical-specility-type-provider-null"> </a>
                </td>
                <td>Neurosurgery</td>
              </tr>
              <tr>
                <td style="white-space:nowrap">
                  <a name="http---hcp.org-codes-medical-specility-type-provider-null"> </a>
                </td>
                <td>Obstetrics &amp; Gynecology</td>
              </tr>
              <tr>
                <td style="white-space:nowrap">
                  <a name="http---hcp.org-codes-medical-specility-type-provider-null"> </a>
                </td>
                <td>Oncology</td>
              </tr>
              <tr>
                <td style="white-space:nowrap">
                  <a name="http---hcp.org-codes-medical-specility-type-provider-null"> </a>
                </td>
                <td>Ophthalmology</td>
              </tr>
              <tr>
                <td style="white-space:nowrap">
                  <a name="http---hcp.org-codes-medical-specility-type-provider-null"> </a>
                </td>
                <td>Oral &amp; Maxillofacial Surgery</td>
              </tr>
              <tr>
                <td style="white-space:nowrap">
                  <a name="http---hcp.org-codes-medical-specility-type-provider-null"> </a>
                </td>
                <td>Ortho Dontia</td>
              </tr>
              <tr>
                <td style="white-space:nowrap">
                  <a name="http---hcp.org-codes-medical-specility-type-provider-null"> </a>
                </td>
                <td>Orthopedic Surgeon</td>
              </tr>
              <tr>
                <td style="white-space:nowrap">
                  <a name="http---hcp.org-codes-medical-specility-type-provider-null"> </a>
                </td>
                <td>Orthopedics</td>
              </tr>
              <tr>
                <td style="white-space:nowrap">
                  <a name="http---hcp.org-codes-medical-specility-type-provider-null"> </a>
                </td>
                <td>Orthopedics &amp; Sports Medicine</td>
              </tr>
              <tr>
                <td style="white-space:nowrap">
                  <a name="http---hcp.org-codes-medical-specility-type-provider-null"> </a>
                </td>
                <td>Orthopedics And Spine Surgery</td>
              </tr>
              <tr>
                <td style="white-space:nowrap">
                  <a name="http---hcp.org-codes-medical-specility-type-provider-null"> </a>
                </td>
                <td>Orthopedics And Upper Limb Surgery</td>
              </tr>
              <tr>
                <td style="white-space:nowrap">
                  <a name="http---hcp.org-codes-medical-specility-type-provider-null"> </a>
                </td>
                <td>Pediatric Endocrinology</td>
              </tr>
              <tr>
                <td style="white-space:nowrap">
                  <a name="http---hcp.org-codes-medical-specility-type-provider-null"> </a>
                </td>
                <td>Pediatric Ophthalmology And Squint</td>
              </tr>
              <tr>
                <td style="white-space:nowrap">
                  <a name="http---hcp.org-codes-medical-specility-type-provider-null"> </a>
                </td>
                <td>Paediatrics</td>
              </tr>
              <tr>
                <td style="white-space:nowrap">
                  <a name="http---hcp.org-codes-medical-specility-type-provider-null"> </a>
                </td>
                <td>Paediatrics &amp; Neonatology</td>
              </tr>
              <tr>
                <td style="white-space:nowrap">
                  <a name="http---hcp.org-codes-medical-specility-type-provider-null"> </a>
                </td>
                <td>Paediatrics - Nephrology</td>
              </tr>
              <tr>
                <td style="white-space:nowrap">
                  <a name="http---hcp.org-codes-medical-specility-type-provider-null"> </a>
                </td>
                <td>Paediatrics - Neurology</td>
              </tr>
              <tr>
                <td style="white-space:nowrap">
                  <a name="http---hcp.org-codes-medical-specility-type-provider-null"> </a>
                </td>
                <td>Paediatrics - Surgery</td>
              </tr>
              <tr>
                <td style="white-space:nowrap">
                  <a name="http---hcp.org-codes-medical-specility-type-provider-null"> </a>
                </td>
                <td>Pathology</td>
              </tr>
              <tr>
                <td style="white-space:nowrap">
                  <a name="http---hcp.org-codes-medical-specility-type-provider-null"> </a>
                </td>
                <td>Peadodontology (Child Dentistry)</td>
              </tr>
              <tr>
                <td style="white-space:nowrap">
                  <a name="http---hcp.org-codes-medical-specility-type-provider-null"> </a>
                </td>
                <td>Pediatric Pulmonology</td>
              </tr>
              <tr>
                <td style="white-space:nowrap">
                  <a name="http---hcp.org-codes-medical-specility-type-provider-null"> </a>
                </td>
                <td>Periodontia</td>
              </tr>
              <tr>
                <td style="white-space:nowrap">
                  <a name="http---hcp.org-codes-medical-specility-type-provider-null"> </a>
                </td>
                <td>Periodontology and Implantology</td>
              </tr>
              <tr>
                <td style="white-space:nowrap">
                  <a name="http---hcp.org-codes-medical-specility-type-provider-null"> </a>
                </td>
                <td>Peripheral Vascular Surgery</td>
              </tr>
              <tr>
                <td style="white-space:nowrap">
                  <a name="http---hcp.org-codes-medical-specility-type-provider-null"> </a>
                </td>
                <td>Physical Medicine &amp; Rehabilitation</td>
              </tr>
              <tr>
                <td style="white-space:nowrap">
                  <a name="http---hcp.org-codes-medical-specility-type-provider-null"> </a>
                </td>
                <td>Physician &amp; Diabetology</td>
              </tr>
            </table>
          </div>
        </text>
        <url value="https://fhir-ig-demo/ValueSet/medical-specialty-provider"/>
        <version value="0.0.1"/>
        <name value="Medical Speciality Type Provider"/>
        <status value="active"/>
        <date value="2021-09-07"/>
        <publisher value="HL7 International - HCX"/>
        <contact>
          <name value="HL7 International - HCX"/>
          <telecom>
            <system value="url"/>
            <value value="https://www.swasth.app/"/>
          </telecom>
        </contact>
        <description value="This is the value set that includes the codes to identify the medical specialty provider"/>
        <expansion>
          <timestamp value="2021-09-07T08:15:30+05:30"/>
          <contains>
            <system value="http://hcp.org/codes/medical-specility-type-provider"/>
            <display value="General Medicine"/>
          </contains>
          <contains>
            <system value="http://hcp.org/codes/medical-specility-type-provider"/>
            <display value="Dental surgery"/>
          </contains>
          <contains>
            <system value="http://hcp.org/codes/medical-specility-type-provider"/>
            <display value="Nursing"/>
          </contains>
          <contains>
            <system value="http://hcp.org/codes/medical-specility-type-provider"/>
            <display value="Pharmacy"/>
          </contains>
          <contains>
            <system value="http://hcp.org/codes/medical-specility-type-provider"/>
            <display value="Nursing Midwifery"/>
          </contains>
          <contains>
            <system value="http://hcp.org/codes/medical-specility-type-provider"/>
            <display value="Military surgeons"/>
          </contains>
          <contains>
            <system value="http://hcp.org/codes/medical-specility-type-provider"/>
            <display value="Cardio Thoracic and Vascular Surgery"/>
          </contains>
          <contains>
            <system value="http://hcp.org/codes/medical-specility-type-provider"/>
            <display value="Cardiology"/>
          </contains>
          <contains>
            <system value="http://hcp.org/codes/medical-specility-type-provider"/>
            <display value="Allergy"/>
          </contains>
          <contains>
            <system value="http://hcp.org/codes/medical-specility-type-provider"/>
            <display value="Chest Medicine"/>
          </contains>
          <contains>
            <system value="http://hcp.org/codes/medical-specility-type-provider"/>
            <display value="Clinical Psychology"/>
          </contains>
          <contains>
            <system value="http://hcp.org/codes/medical-specility-type-provider"/>
            <display value="Cosmetic Dentistry"/>
          </contains>
          <contains>
            <system value="http://hcp.org/codes/medical-specility-type-provider"/>
            <display value="Cosmetic Surgery"/>
          </contains>
          <contains>
            <system value="http://hcp.org/codes/medical-specility-type-provider"/>
            <display value="Endodontics"/>
          </contains>
          <contains>
            <system value="http://hcp.org/codes/medical-specility-type-provider"/>
            <display value="ENT"/>
          </contains>
          <contains>
            <system value="http://hcp.org/codes/medical-specility-type-provider"/>
            <display value="Critical Care"/>
          </contains>
          <contains>
            <system value="http://hcp.org/codes/medical-specility-type-provider"/>
            <display value="Dental Implants &amp; Cosmetic Dentistry"/>
          </contains>
          <contains>
            <system value="http://hcp.org/codes/medical-specility-type-provider"/>
            <display value="Dermatology Venereology and Leprology"/>
          </contains>
          <contains>
            <system value="http://hcp.org/codes/medical-specility-type-provider"/>
            <display value="Dermatology"/>
          </contains>
          <contains>
            <system value="http://hcp.org/codes/medical-specility-type-provider"/>
            <display value="Facial Plastic Surgery"/>
          </contains>
          <contains>
            <system value="http://hcp.org/codes/medical-specility-type-provider"/>
            <display value="Diabetology"/>
          </contains>
          <contains>
            <system value="http://hcp.org/codes/medical-specility-type-provider"/>
            <display value="Endocrinology"/>
          </contains>
          <contains>
            <system value="http://hcp.org/codes/medical-specility-type-provider"/>
            <display value="Diet and Nutrition"/>
          </contains>
          <contains>
            <system value="http://hcp.org/codes/medical-specility-type-provider"/>
            <display value="Diabetology &amp; Internal Medicine"/>
          </contains>
          <contains>
            <system value="http://hcp.org/codes/medical-specility-type-provider"/>
            <display value="Gastrosurgery"/>
          </contains>
          <contains>
            <system value="http://hcp.org/codes/medical-specility-type-provider"/>
            <display value="Gastroenterology"/>
          </contains>
          <contains>
            <system value="http://hcp.org/codes/medical-specility-type-provider"/>
            <display value="General Medicine"/>
          </contains>
          <contains>
            <system value="http://hcp.org/codes/medical-specility-type-provider"/>
            <display value="General Surgery"/>
          </contains>
          <contains>
            <system value="http://hcp.org/codes/medical-specility-type-provider"/>
            <display value="General Surgery &amp; Laparoscopic Surgery"/>
          </contains>
          <contains>
            <system value="http://hcp.org/codes/medical-specility-type-provider"/>
            <display value="Gynecology &amp; Ultrasonology"/>
          </contains>
          <contains>
            <system value="http://hcp.org/codes/medical-specility-type-provider"/>
            <display value="Head &amp; Neck Surgery"/>
          </contains>
          <contains>
            <system value="http://hcp.org/codes/medical-specility-type-provider"/>
            <display value="Head &amp; Neck Surgical Oncology"/>
          </contains>
          <contains>
            <system value="http://hcp.org/codes/medical-specility-type-provider"/>
            <display value="Hepato Pancreato Biliary Surgery"/>
          </contains>
          <contains>
            <system value="http://hcp.org/codes/medical-specility-type-provider"/>
            <display value="Infectious Disease medicine"/>
          </contains>
          <contains>
            <system value="http://hcp.org/codes/medical-specility-type-provider"/>
            <display value="Internal Medicine"/>
          </contains>
          <contains>
            <system value="http://hcp.org/codes/medical-specility-type-provider"/>
            <display value="Internal Medicine &amp; Diabetics"/>
          </contains>
          <contains>
            <system value="http://hcp.org/codes/medical-specility-type-provider"/>
            <display value="Neuro Surgery"/>
          </contains>
          <contains>
            <system value="http://hcp.org/codes/medical-specility-type-provider"/>
            <display value="Resident Physicians"/>
          </contains>
          <contains>
            <system value="http://hcp.org/codes/medical-specility-type-provider"/>
            <display value="Respiratory Allergy And Sleep Medicine"/>
          </contains>
          <contains>
            <system value="http://hcp.org/codes/medical-specility-type-provider"/>
            <display value="Rheumatology"/>
          </contains>
          <contains>
            <system value="http://hcp.org/codes/medical-specility-type-provider"/>
            <display value="Sexual Medicine"/>
          </contains>
          <contains>
            <system value="http://hcp.org/codes/medical-specility-type-provider"/>
            <display value="Spine Surgery"/>
          </contains>
          <contains>
            <system value="http://hcp.org/codes/medical-specility-type-provider"/>
            <display value="Sports Medicine"/>
          </contains>
          <contains>
            <system value="http://hcp.org/codes/medical-specility-type-provider"/>
            <display value="Surgical Gastroenterology"/>
          </contains>
          <contains>
            <system value="http://hcp.org/codes/medical-specility-type-provider"/>
            <display value="Surgical Oncology"/>
          </contains>
          <contains>
            <system value="http://hcp.org/codes/medical-specility-type-provider"/>
            <display value="Urology"/>
          </contains>
          <contains>
            <system value="http://hcp.org/codes/medical-specility-type-provider"/>
            <display value="Physiotherapy"/>
          </contains>
          <contains>
            <system value="http://hcp.org/codes/medical-specility-type-provider"/>
            <display value="Physiotherapy &amp; Rehabilitation"/>
          </contains>
          <contains>
            <system value="http://hcp.org/codes/medical-specility-type-provider"/>
            <display value="Plastic and Cosmetic Surgery"/>
          </contains>
          <contains>
            <system value="http://hcp.org/codes/medical-specility-type-provider"/>
            <display value="Plastic Surgery"/>
          </contains>
          <contains>
            <system value="http://hcp.org/codes/medical-specility-type-provider"/>
            <display value="Podiatry"/>
          </contains>
          <contains>
            <system value="http://hcp.org/codes/medical-specility-type-provider"/>
            <display value="Prosthodontics &amp; Implants"/>
          </contains>
          <contains>
            <system value="http://hcp.org/codes/medical-specility-type-provider"/>
            <display value="Psychiatry"/>
          </contains>
          <contains>
            <system value="http://hcp.org/codes/medical-specility-type-provider"/>
            <display value="Pulmonology"/>
          </contains>
          <contains>
            <system value="http://hcp.org/codes/medical-specility-type-provider"/>
            <display value="Radiation Oncology"/>
          </contains>
          <contains>
            <system value="http://hcp.org/codes/medical-specility-type-provider"/>
            <display value="Radiology"/>
          </contains>
          <contains>
            <system value="http://hcp.org/codes/medical-specility-type-provider"/>
            <display value="Laparoscopic and Robotic Surgery"/>
          </contains>
          <contains>
            <system value="http://hcp.org/codes/medical-specility-type-provider"/>
            <display value="Medical Gastroenterology"/>
          </contains>
          <contains>
            <system value="http://hcp.org/codes/medical-specility-type-provider"/>
            <display value="Medical Oncology"/>
          </contains>
          <contains>
            <system value="http://hcp.org/codes/medical-specility-type-provider"/>
            <display value="Nephrology"/>
          </contains>
          <contains>
            <system value="http://hcp.org/codes/medical-specility-type-provider"/>
            <display value="Neurology"/>
          </contains>
          <contains>
            <system value="http://hcp.org/codes/medical-specility-type-provider"/>
            <display value="Neurology &amp; Neuro Surgery"/>
          </contains>
          <contains>
            <system value="http://hcp.org/codes/medical-specility-type-provider"/>
            <display value="Neuropsychiatry"/>
          </contains>
          <contains>
            <system value="http://hcp.org/codes/medical-specility-type-provider"/>
            <display value="Neurosurgery"/>
          </contains>
          <contains>
            <system value="http://hcp.org/codes/medical-specility-type-provider"/>
            <display value="Obstetrics &amp; Gynecology"/>
          </contains>
          <contains>
            <system value="http://hcp.org/codes/medical-specility-type-provider"/>
            <display value="Oncology"/>
          </contains>
          <contains>
            <system value="http://hcp.org/codes/medical-specility-type-provider"/>
            <display value="Ophthalmology"/>
          </contains>
          <contains>
            <system value="http://hcp.org/codes/medical-specility-type-provider"/>
            <display value="Oral &amp; Maxillofacial Surgery"/>
          </contains>
          <contains>
            <system value="http://hcp.org/codes/medical-specility-type-provider"/>
            <display value="Ortho Dontia"/>
          </contains>
          <contains>
            <system value="http://hcp.org/codes/medical-specility-type-provider"/>
            <display value="Orthopedic Surgeon"/>
          </contains>
          <contains>
            <system value="http://hcp.org/codes/medical-specility-type-provider"/>
            <display value="Orthopedics"/>
          </contains>
          <contains>
            <system value="http://hcp.org/codes/medical-specility-type-provider"/>
            <display value="Orthopedics &amp; Sports Medicine"/>
          </contains>
          <contains>
            <system value="http://hcp.org/codes/medical-specility-type-provider"/>
            <display value="Orthopedics And Spine Surgery"/>
          </contains>
          <contains>
            <system value="http://hcp.org/codes/medical-specility-type-provider"/>
            <display value="Orthopedics And Upper Limb Surgery"/>
          </contains>
          <contains>
            <system value="http://hcp.org/codes/medical-specility-type-provider"/>
            <display value="Pediatric Endocrinology"/>
          </contains>
          <contains>
            <system value="http://hcp.org/codes/medical-specility-type-provider"/>
            <display value="Pediatric Ophthalmology And Squint"/>
          </contains>
          <contains>
            <system value="http://hcp.org/codes/medical-specility-type-provider"/>
            <display value="Paediatrics"/>
          </contains>
          <contains>
            <system value="http://hcp.org/codes/medical-specility-type-provider"/>
            <display value="Paediatrics &amp; Neonatology"/>
          </contains>
          <contains>
            <system value="http://hcp.org/codes/medical-specility-type-provider"/>
            <display value="Paediatrics - Nephrology"/>
          </contains>
          <contains>
            <system value="http://hcp.org/codes/medical-specility-type-provider"/>
            <display value="Paediatrics - Neurology"/>
          </contains>
          <contains>
            <system value="http://hcp.org/codes/medical-specility-type-provider"/>
            <display value="Paediatrics - Surgery"/>
          </contains>
          <contains>
            <system value="http://hcp.org/codes/medical-specility-type-provider"/>
            <display value="Pathology"/>
          </contains>
          <contains>
            <system value="http://hcp.org/codes/medical-specility-type-provider"/>
            <display value="Peadodontology (Child Dentistry)"/>
          </contains>
          <contains>
            <system value="http://hcp.org/codes/medical-specility-type-provider"/>
            <display value="Pediatric Pulmonology"/>
          </contains>
          <contains>
            <system value="http://hcp.org/codes/medical-specility-type-provider"/>
            <display value="Periodontia"/>
          </contains>
          <contains>
            <system value="http://hcp.org/codes/medical-specility-type-provider"/>
            <display value="Periodontology and Implantology"/>
          </contains>
          <contains>
            <system value="http://hcp.org/codes/medical-specility-type-provider"/>
            <display value="Peripheral Vascular Surgery"/>
          </contains>
          <contains>
            <system value="http://hcp.org/codes/medical-specility-type-provider"/>
            <display value="Physical Medicine &amp; Rehabilitation"/>
          </contains>
          <contains>
            <system value="http://hcp.org/codes/medical-specility-type-provider"/>
            <display value="Physician &amp; Diabetology"/>
          </contains>
        </expansion>
      </ValueSet>
    </resource>
  </entry>
  <entry>
    <fullUrl value="https://fhir-ig-demo/ValueSet/procedure-type-description"/>
    <resource>
      <ValueSet>
        <id value="procedure-type-description"/>
        <text>
          <status value="generated"/>
          <div xmlns="http://www.w3.org/1999/xhtml">
            <p>This value set contains 32 concepts</p>
            <p>All codes from system 
              <code>http://hcp.org/codes/procedure-type-description</code>
            </p>
            <table class="codes">
              <tr>
                <td style="white-space:nowrap">
                  <b>Code</b>
                </td>
                <td>
                  <b>Display</b>
                </td>
              </tr>
              <tr>
                <td style="white-space:nowrap">
                  <a name="http---hcp.org-codes-procedure-type-description-1"> </a>1
                </td>
                <td>Administrative procedure (procedure)</td>
              </tr>
              <tr>
                <td style="white-space:nowrap">
                  <a name="http---hcp.org-codes-procedure-type-description-2"> </a>2
                </td>
                <td>Blood bank procedure (procedure)</td>
              </tr>
              <tr>
                <td style="white-space:nowrap">
                  <a name="http---hcp.org-codes-procedure-type-description-3"> </a>3
                </td>
                <td>Community health procedure (procedure)</td>
              </tr>
              <tr>
                <td style="white-space:nowrap">
                  <a name="http---hcp.org-codes-procedure-type-description-4"> </a>4
                </td>
                <td>Determination of information related to transfusion (procedure)</td>
              </tr>
              <tr>
                <td style="white-space:nowrap">
                  <a name="http---hcp.org-codes-procedure-type-description-5"> </a>5
                </td>
                <td>Environmental care procedure (procedure)</td>
              </tr>
              <tr>
                <td style="white-space:nowrap">
                  <a name="http---hcp.org-codes-procedure-type-description-6"> </a>6
                </td>
                <td>General treatment (procedure)</td>
              </tr>
              <tr>
                <td style="white-space:nowrap">
                  <a name="http---hcp.org-codes-procedure-type-description-7"> </a>7
                </td>
                <td>Laboratory procedure (procedure)</td>
              </tr>
              <tr>
                <td style="white-space:nowrap">
                  <a name="http---hcp.org-codes-procedure-type-description-8"> </a>8
                </td>
                <td>Nuclear medicine procedure (procedure)</td>
              </tr>
              <tr>
                <td style="white-space:nowrap">
                  <a name="http---hcp.org-codes-procedure-type-description-9"> </a>9
                </td>
                <td>Obstetric procedure (procedure)</td>
              </tr>
              <tr>
                <td style="white-space:nowrap">
                  <a name="http---hcp.org-codes-procedure-type-description-10"> </a>10
                </td>
                <td>Outpatient procedure (procedure)</td>
              </tr>
              <tr>
                <td style="white-space:nowrap">
                  <a name="http---hcp.org-codes-procedure-type-description-11"> </a>11
                </td>
                <td>Patient encounter procedure (procedure)</td>
              </tr>
              <tr>
                <td style="white-space:nowrap">
                  <a name="http---hcp.org-codes-procedure-type-description-12"> </a>12
                </td>
                <td>Postoperative procedure (procedure)</td>
              </tr>
              <tr>
                <td style="white-space:nowrap">
                  <a name="http---hcp.org-codes-procedure-type-description-13"> </a>13
                </td>
                <td>Preoperative procedure (procedure)</td>
              </tr>
              <tr>
                <td style="white-space:nowrap">
                  <a name="http---hcp.org-codes-procedure-type-description-14"> </a>14
                </td>
                <td>Procedure by intent (procedure)</td>
              </tr>
              <tr>
                <td style="white-space:nowrap">
                  <a name="http---hcp.org-codes-procedure-type-description-15"> </a>15
                </td>
                <td>Procedure by method (procedure)</td>
              </tr>
              <tr>
                <td style="white-space:nowrap">
                  <a name="http---hcp.org-codes-procedure-type-description-16"> </a>16
                </td>
                <td>Procedure by priority (procedure)</td>
              </tr>
              <tr>
                <td style="white-space:nowrap">
                  <a name="http---hcp.org-codes-procedure-type-description-17"> </a>17
                </td>
                <td>Procedure by site (procedure)</td>
              </tr>
              <tr>
                <td style="white-space:nowrap">
                  <a name="http---hcp.org-codes-procedure-type-description-18"> </a>18
                </td>
                <td>Procedure categorized by device involved (procedure)</td>
              </tr>
              <tr>
                <td style="white-space:nowrap">
                  <a name="http---hcp.org-codes-procedure-type-description-19"> </a>19
                </td>
                <td>Procedure in coronary care unit (procedure)</td>
              </tr>
              <tr>
                <td style="white-space:nowrap">
                  <a name="http---hcp.org-codes-procedure-type-description-20"> </a>20
                </td>
                <td>Procedure on ganglion cyst (procedure)</td>
              </tr>
              <tr>
                <td style="white-space:nowrap">
                  <a name="http---hcp.org-codes-procedure-type-description-21"> </a>21
                </td>
                <td>Procedure on wound (procedure)</td>
              </tr>
              <tr>
                <td style="white-space:nowrap">
                  <a name="http---hcp.org-codes-procedure-type-description-22"> </a>22
                </td>
                <td>Procedure related to anesthesia and sedation (procedure)</td>
              </tr>
              <tr>
                <td style="white-space:nowrap">
                  <a name="http---hcp.org-codes-procedure-type-description-23"> </a>23
                </td>
                <td>Procedure related to breastfeeding (procedure)</td>
              </tr>
              <tr>
                <td style="white-space:nowrap">
                  <a name="http---hcp.org-codes-procedure-type-description-24"> </a>24
                </td>
                <td>Procedure with a clinical finding focus (procedure)</td>
              </tr>
              <tr>
                <td style="white-space:nowrap">
                  <a name="http---hcp.org-codes-procedure-type-description-25"> </a>25
                </td>
                <td>Procedure with a procedure focus (procedure)</td>
              </tr>
              <tr>
                <td style="white-space:nowrap">
                  <a name="http---hcp.org-codes-procedure-type-description-26"> </a>26
                </td>
                <td>Procedures relating to eating and drinking (procedure)</td>
              </tr>
              <tr>
                <td style="white-space:nowrap">
                  <a name="http---hcp.org-codes-procedure-type-description-27"> </a>27
                </td>
                <td>Procedures relating to mobility (procedure)</td>
              </tr>
              <tr>
                <td style="white-space:nowrap">
                  <a name="http---hcp.org-codes-procedure-type-description-28"> </a>28
                </td>
                <td>Promotion (procedure)</td>
              </tr>
              <tr>
                <td style="white-space:nowrap">
                  <a name="http---hcp.org-codes-procedure-type-description-29"> </a>29
                </td>
                <td>Provider-specific procedure (procedure)</td>
              </tr>
              <tr>
                <td style="white-space:nowrap">
                  <a name="http---hcp.org-codes-procedure-type-description-30"> </a>30
                </td>
                <td>Regimes and therapies (regime/therapy)</td>
              </tr>
              <tr>
                <td style="white-space:nowrap">
                  <a name="http---hcp.org-codes-procedure-type-description-31"> </a>31
                </td>
                <td>Social service procedure (procedure)</td>
              </tr>
              <tr>
                <td style="white-space:nowrap">
                  <a name="http---hcp.org-codes-procedure-type-description-32"> </a>32
                </td>
                <td>Staff related procedure (procedure)</td>
              </tr>
            </table>
          </div>
        </text>
        <url value="https://fhir-ig-demo/ValueSet/procedure-type-description"/>
        <version value="0.0.1"/>
        <name value="Procedure Type Description"/>
        <status value="active"/>
        <date value="2021-09-07"/>
        <publisher value="HL7 International - HCX"/>
        <contact>
          <name value="HL7 International - HCX"/>
          <telecom>
            <system value="url"/>
            <value value="https://www.swasth.app/"/>
          </telecom>
        </contact>
        <description value="This is the value set that includes the codes to identify the procedure type description and services are provided"/>
        <expansion>
          <timestamp value="2021-09-07T08:15:30+05:30"/>
          <contains>
            <system value="http://hcp.org/codes/procedure-type-description"/>
            <code value="1"/>
            <display value="Administrative procedure (procedure)"/>
          </contains>
          <contains>
            <system value="http://hcp.org/codes/procedure-type-description"/>
            <code value="2"/>
            <display value="Blood bank procedure (procedure)"/>
          </contains>
          <contains>
            <system value="http://hcp.org/codes/procedure-type-description"/>
            <code value="3"/>
            <display value="Community health procedure (procedure)"/>
          </contains>
          <contains>
            <system value="http://hcp.org/codes/procedure-type-description"/>
            <code value="4"/>
            <display value="Determination of information related to transfusion (procedure)"/>
          </contains>
          <contains>
            <system value="http://hcp.org/codes/procedure-type-description"/>
            <code value="5"/>
            <display value="Environmental care procedure (procedure)"/>
          </contains>
          <contains>
            <system value="http://hcp.org/codes/procedure-type-description"/>
            <code value="6"/>
            <display value="General treatment (procedure)"/>
          </contains>
          <contains>
            <system value="http://hcp.org/codes/procedure-type-description"/>
            <code value="7"/>
            <display value="Laboratory procedure (procedure)"/>
          </contains>
          <contains>
            <system value="http://hcp.org/codes/procedure-type-description"/>
            <code value="8"/>
            <display value="Nuclear medicine procedure (procedure)"/>
          </contains>
          <contains>
            <system value="http://hcp.org/codes/procedure-type-description"/>
            <code value="9"/>
            <display value="Obstetric procedure (procedure)"/>
          </contains>
          <contains>
            <system value="http://hcp.org/codes/procedure-type-description"/>
            <code value="10"/>
            <display value="Outpatient procedure (procedure)"/>
          </contains>
          <contains>
            <system value="http://hcp.org/codes/procedure-type-description"/>
            <code value="11"/>
            <display value="Patient encounter procedure (procedure)"/>
          </contains>
          <contains>
            <system value="http://hcp.org/codes/procedure-type-description"/>
            <code value="12"/>
            <display value="Postoperative procedure (procedure)"/>
          </contains>
          <contains>
            <system value="http://hcp.org/codes/procedure-type-description"/>
            <code value="13"/>
            <display value="Preoperative procedure (procedure)"/>
          </contains>
          <contains>
            <system value="http://hcp.org/codes/procedure-type-description"/>
            <code value="14"/>
            <display value="Procedure by intent (procedure)"/>
          </contains>
          <contains>
            <system value="http://hcp.org/codes/procedure-type-description"/>
            <code value="15"/>
            <display value="Procedure by method (procedure)"/>
          </contains>
          <contains>
            <system value="http://hcp.org/codes/procedure-type-description"/>
            <code value="16"/>
            <display value="Procedure by priority (procedure)"/>
          </contains>
          <contains>
            <system value="http://hcp.org/codes/procedure-type-description"/>
            <code value="17"/>
            <display value="Procedure by site (procedure)"/>
          </contains>
          <contains>
            <system value="http://hcp.org/codes/procedure-type-description"/>
            <code value="18"/>
            <display value="Procedure categorized by device involved (procedure)"/>
          </contains>
          <contains>
            <system value="http://hcp.org/codes/procedure-type-description"/>
            <code value="19"/>
            <display value="Procedure in coronary care unit (procedure)"/>
          </contains>
          <contains>
            <system value="http://hcp.org/codes/procedure-type-description"/>
            <code value="20"/>
            <display value="Procedure on ganglion cyst (procedure)"/>
          </contains>
          <contains>
            <system value="http://hcp.org/codes/procedure-type-description"/>
            <code value="21"/>
            <display value="Procedure on wound (procedure)"/>
          </contains>
          <contains>
            <system value="http://hcp.org/codes/procedure-type-description"/>
            <code value="22"/>
            <display value="Procedure related to anesthesia and sedation (procedure)"/>
          </contains>
          <contains>
            <system value="http://hcp.org/codes/procedure-type-description"/>
            <code value="23"/>
            <display value="Procedure related to breastfeeding (procedure)"/>
          </contains>
          <contains>
            <system value="http://hcp.org/codes/procedure-type-description"/>
            <code value="24"/>
            <display value="Procedure with a clinical finding focus (procedure)"/>
          </contains>
          <contains>
            <system value="http://hcp.org/codes/procedure-type-description"/>
            <code value="25"/>
            <display value="Procedure with a procedure focus (procedure)"/>
          </contains>
          <contains>
            <system value="http://hcp.org/codes/procedure-type-description"/>
            <code value="26"/>
            <display value="Procedures relating to eating and drinking (procedure)"/>
          </contains>
          <contains>
            <system value="http://hcp.org/codes/procedure-type-description"/>
            <code value="27"/>
            <display value="Procedures relating to mobility (procedure)"/>
          </contains>
          <contains>
            <system value="http://hcp.org/codes/procedure-type-description"/>
            <code value="28"/>
            <display value="Promotion (procedure)"/>
          </contains>
          <contains>
            <system value="http://hcp.org/codes/procedure-type-description"/>
            <code value="29"/>
            <display value="Provider-specific procedure (procedure)"/>
          </contains>
          <contains>
            <system value="http://hcp.org/codes/procedure-type-description"/>
            <code value="30"/>
            <display value="Regimes and therapies (regime/therapy)"/>
          </contains>
          <contains>
            <system value="http://hcp.org/codes/procedure-type-description"/>
            <code value="31"/>
            <display value="Social service procedure (procedure)"/>
          </contains>
          <contains>
            <system value="http://hcp.org/codes/procedure-type-description"/>
            <code value="32"/>
            <display value="Staff related procedure (procedure)"/>
          </contains>
        </expansion>
      </ValueSet>
    </resource>
  </entry>
</Bundle>