{
  "resourceType" : "Bundle",
  "id" : "28151291-b95b-492e-9a23-1f823fa44db3",
  "meta" : {
    "lastUpdated" : "2021-09-07T13:09:59.565+05:30"
  },
  "type" : "collection",
  "entry" : [{
    "fullUrl" : "https://fhir-ig-demo/ValueSet/health-service-provider-role",
    "resource" : {
      "resourceType" : "ValueSet",
      "id" : "health-service-provider-role",
      "text" : {
        "status" : "generated",
        "div" : "<div xmlns=\"http://www.w3.org/1999/xhtml\"><p>This value set contains 13 concepts</p><p>All codes from system <code>http://hcp.org/codes/health-service-provider</code></p><table class=\"codes\"><tr><td style=\"white-space:nowrap\"><b>Code</b></td><td><b>Display</b></td></tr><tr><td style=\"white-space:nowrap\"><a name=\"http---hcp.org-codes-health-service-provider-1\"> </a>1</td><td>Primary Care Provider Referring Provider.</td></tr><tr><td style=\"white-space:nowrap\"><a name=\"http---hcp.org-codes-health-service-provider-2\"> </a>2</td><td>Referring Provider.</td></tr><tr><td style=\"white-space:nowrap\"><a name=\"http---hcp.org-codes-health-service-provider-3\"> </a>3</td><td>Treating Provider.</td></tr><tr><td style=\"white-space:nowrap\"><a name=\"http---hcp.org-codes-health-service-provider-4\"> </a>4</td><td>Attending Provider.</td></tr><tr><td style=\"white-space:nowrap\"><a name=\"http---hcp.org-codes-health-service-provider-5\"> </a>5</td><td>Admitting Provider.</td></tr><tr><td style=\"white-space:nowrap\"><a name=\"http---hcp.org-codes-health-service-provider-6\"> </a>6</td><td>Consulting Provider.</td></tr><tr><td style=\"white-space:nowrap\"><a name=\"http---hcp.org-codes-health-service-provider-7\"> </a>7</td><td>Ordering Provider.</td></tr><tr><td style=\"white-space:nowrap\"><a name=\"http---hcp.org-codes-health-service-provider-8\"> </a>8</td><td>Dispensing Provider.</td></tr><tr><td style=\"white-space:nowrap\"><a name=\"http---hcp.org-codes-health-service-provider-9\"> </a>9</td><td>Discharge Provider.</td></tr><tr><td style=\"white-space:nowrap\"><a name=\"http---hcp.org-codes-health-service-provider-10\"> </a>10</td><td>Secondary Care Provider.</td></tr><tr><td style=\"white-space:nowrap\"><a name=\"http---hcp.org-codes-health-service-provider-11\"> </a>11</td><td>Tertiary Care Provider.</td></tr><tr><td style=\"white-space:nowrap\"><a name=\"http---hcp.org-codes-health-service-provider-12\"> </a>12</td><td>Transfusion Provider.</td></tr><tr><td style=\"white-space:nowrap\"><a name=\"http---hcp.org-codes-health-service-provider-13\"> </a>13</td><td>Others.</td></tr></table></div>"
      },
      "url" : "https://fhir-ig-demo/ValueSet/health-service-provider-role",
      "version" : "0.0.1",
      "name" : "Health Service Provider Role",
      "status" : "active",
      "date" : "2021-09-07",
      "publisher" : "HL7 International - HCX",
      "contact" : [{
        "name" : "HL7 International - HCX",
        "telecom" : [{
          "system" : "url",
          "value" : "https://www.swasth.app/"
        }]
      }],
      "description" : "This is the value set that includes the codes to identify health service provider",
      "expansion" : {
        "timestamp" : "2021-09-07T08:15:30+05:30",
        "contains" : [{
          "system" : "http://hcp.org/codes/health-service-provider",
          "code" : "1",
          "display" : "Primary Care Provider Referring Provider."
        },
        {
          "system" : "http://hcp.org/codes/health-service-provider",
          "code" : "2",
          "display" : "Referring Provider."
        },
        {
          "system" : "http://hcp.org/codes/health-service-provider",
          "code" : "3",
          "display" : "Treating Provider."
        },
        {
          "system" : "http://hcp.org/codes/health-service-provider",
          "code" : "4",
          "display" : "Attending Provider."
        },
        {
          "system" : "http://hcp.org/codes/health-service-provider",
          "code" : "5",
          "display" : "Admitting Provider."
        },
        {
          "system" : "http://hcp.org/codes/health-service-provider",
          "code" : "6",
          "display" : "Consulting Provider."
        },
        {
          "system" : "http://hcp.org/codes/health-service-provider",
          "code" : "7",
          "display" : "Ordering Provider."
        },
        {
          "system" : "http://hcp.org/codes/health-service-provider",
          "code" : "8",
          "display" : "Dispensing Provider."
        },
        {
          "system" : "http://hcp.org/codes/health-service-provider",
          "code" : "9",
          "display" : "Discharge Provider."
        },
        {
          "system" : "http://hcp.org/codes/health-service-provider",
          "code" : "10",
          "display" : "Secondary Care Provider."
        },
        {
          "system" : "http://hcp.org/codes/health-service-provider",
          "code" : "11",
          "display" : "Tertiary Care Provider."
        },
        {
          "system" : "http://hcp.org/codes/health-service-provider",
          "code" : "12",
          "display" : "Transfusion Provider."
        },
        {
          "system" : "http://hcp.org/codes/health-service-provider",
          "code" : "13",
          "display" : "Others."
        }]
      }
    }
  },
  {
    "fullUrl" : "https://fhir-ig-demo/ValueSet/insurance-company-owners",
    "resource" : {
      "resourceType" : "ValueSet",
      "id" : "insurance-company-owners",
      "text" : {
        "status" : "generated",
        "div" : "<div xmlns=\"http://www.w3.org/1999/xhtml\"><p>This value set contains 51 concepts</p><p>All codes from system <code>http://hcp.org/codes/insurance-company-owners</code></p><table class=\"codes\"><tr><td style=\"white-space:nowrap\"><b>Code</b></td><td><b>Display</b></td></tr><tr><td style=\"white-space:nowrap\"><a name=\"http---hcp.org-codes-insurance-company-owners-1\"> </a>1</td><td>Bajaj Allianz General Insurance Co. Ltd.</td></tr><tr><td style=\"white-space:nowrap\"><a name=\"http---hcp.org-codes-insurance-company-owners-2\"> </a>2</td><td>ICICI Lombard General Insurance Co. Ltd.</td></tr><tr><td style=\"white-space:nowrap\"><a name=\"http---hcp.org-codes-insurance-company-owners-3\"> </a>3</td><td>IFFCO Tokio General Insurance Co. Ltd.</td></tr><tr><td style=\"white-space:nowrap\"><a name=\"http---hcp.org-codes-insurance-company-owners-4\"> </a>4</td><td>National Insurance Co. Ltd.</td></tr><tr><td style=\"white-space:nowrap\"><a name=\"http---hcp.org-codes-insurance-company-owners-5\"> </a>5</td><td>The New India Assurance Co. Ltd.</td></tr><tr><td style=\"white-space:nowrap\"><a name=\"http---hcp.org-codes-insurance-company-owners-6\"> </a>6</td><td>The Oriental Insurance Co. Ltd.</td></tr><tr><td style=\"white-space:nowrap\"><a name=\"http---hcp.org-codes-insurance-company-owners-7\"> </a>7</td><td>United India Insurance Co. Ltd.</td></tr><tr><td style=\"white-space:nowrap\"><a name=\"http---hcp.org-codes-insurance-company-owners-8\"> </a>8</td><td>Reliance General Insurance Co. Ltd.</td></tr><tr><td style=\"white-space:nowrap\"><a name=\"http---hcp.org-codes-insurance-company-owners-9\"> </a>9</td><td>Royal Sundaram Alliance Insurance Co. Ltd</td></tr><tr><td style=\"white-space:nowrap\"><a name=\"http---hcp.org-codes-insurance-company-owners-10\"> </a>10</td><td>Tata AIG General Insurance Co. Ltd.</td></tr><tr><td style=\"white-space:nowrap\"><a name=\"http---hcp.org-codes-insurance-company-owners-11\"> </a>11</td><td>Cholamandalam MS General Insurance Co. Ltd.</td></tr><tr><td style=\"white-space:nowrap\"><a name=\"http---hcp.org-codes-insurance-company-owners-12\"> </a>12</td><td>HDFC ERGO General Insurance Co. Ltd.</td></tr><tr><td style=\"white-space:nowrap\"><a name=\"http---hcp.org-codes-insurance-company-owners-13\"> </a>13</td><td>Export Credit Guarantee Corporation of India Ltd.</td></tr><tr><td style=\"white-space:nowrap\"><a name=\"http---hcp.org-codes-insurance-company-owners-14\"> </a>14</td><td>Agriculture Insurance Co. of India Ltd.</td></tr><tr><td style=\"white-space:nowrap\"><a name=\"http---hcp.org-codes-insurance-company-owners-15\"> </a>15</td><td>Star Health and Allied Insurance Company Limited</td></tr><tr><td style=\"white-space:nowrap\"><a name=\"http---hcp.org-codes-insurance-company-owners-16\"> </a>16</td><td>Apollo Munich Health Insurance Company Limited</td></tr><tr><td style=\"white-space:nowrap\"><a name=\"http---hcp.org-codes-insurance-company-owners-17\"> </a>17</td><td>Universal Sompo General Insurance Co. Ltd.</td></tr><tr><td style=\"white-space:nowrap\"><a name=\"http---hcp.org-codes-insurance-company-owners-18\"> </a>18</td><td>Future Generali India Insurance Company Limited</td></tr><tr><td style=\"white-space:nowrap\"><a name=\"http---hcp.org-codes-insurance-company-owners-19\"> </a>19</td><td>Shriram General Insurance Company Limited</td></tr><tr><td style=\"white-space:nowrap\"><a name=\"http---hcp.org-codes-insurance-company-owners-20\"> </a>20</td><td>Bharti AXA General Insurance Company Limited</td></tr><tr><td style=\"white-space:nowrap\"><a name=\"http---hcp.org-codes-insurance-company-owners-21\"> </a>21</td><td>Raheja QBE General Insurance Company Limited</td></tr><tr><td style=\"white-space:nowrap\"><a name=\"http---hcp.org-codes-insurance-company-owners-22\"> </a>22</td><td>SBI General Insurance Company Limited</td></tr><tr><td style=\"white-space:nowrap\"><a name=\"http---hcp.org-codes-insurance-company-owners-23\"> </a>23</td><td>Max Bupa Health Insurance Company Ltd.2nd Floor, Salcon Rasvilas,</td></tr><tr><td style=\"white-space:nowrap\"><a name=\"http---hcp.org-codes-insurance-company-owners-24\"> </a>24</td><td>L&amp;T General Insurance Company Limited</td></tr><tr><td style=\"white-space:nowrap\"><a name=\"http---hcp.org-codes-insurance-company-owners-25\"> </a>25</td><td>Religare Health Insurance Company Limited</td></tr><tr><td style=\"white-space:nowrap\"><a name=\"http---hcp.org-codes-insurance-company-owners-26\"> </a>26</td><td>Magma HDI General Insurance Company Limited</td></tr><tr><td style=\"white-space:nowrap\"><a name=\"http---hcp.org-codes-insurance-company-owners-27\"> </a>27</td><td>Liberty Videocon General Insurance Company Limited,</td></tr><tr><td style=\"white-space:nowrap\"><a name=\"http---hcp.org-codes-insurance-company-owners-28\"> </a>28</td><td>Bajaj Allianz Life Insurance Company Limited</td></tr><tr><td style=\"white-space:nowrap\"><a name=\"http---hcp.org-codes-insurance-company-owners-29\"> </a>29</td><td>Birla Sun Life Insurance Co. Ltd</td></tr><tr><td style=\"white-space:nowrap\"><a name=\"http---hcp.org-codes-insurance-company-owners-30\"> </a>30</td><td>HDFC Standard Life Insurance Co. Ltd</td></tr><tr><td style=\"white-space:nowrap\"><a name=\"http---hcp.org-codes-insurance-company-owners-31\"> </a>31</td><td>ICICI Prudential Life Insurance Co. Ltd</td></tr><tr><td style=\"white-space:nowrap\"><a name=\"http---hcp.org-codes-insurance-company-owners-32\"> </a>32</td><td>ING Vysya Life Insurance Company Ltd.</td></tr><tr><td style=\"white-space:nowrap\"><a name=\"http---hcp.org-codes-insurance-company-owners-33\"> </a>33</td><td>Life Insurance Corporation of India</td></tr><tr><td style=\"white-space:nowrap\"><a name=\"http---hcp.org-codes-insurance-company-owners-34\"> </a>34</td><td>Max Life Insurance Co. Ltd</td></tr><tr><td style=\"white-space:nowrap\"><a name=\"http---hcp.org-codes-insurance-company-owners-35\"> </a>35</td><td>PNB Metlife India Insurance Co. Ltd.</td></tr><tr><td style=\"white-space:nowrap\"><a name=\"http---hcp.org-codes-insurance-company-owners-36\"> </a>36</td><td>Kotak Mahindra Old Mutual Life Insurance Limited</td></tr><tr><td style=\"white-space:nowrap\"><a name=\"http---hcp.org-codes-insurance-company-owners-37\"> </a>37</td><td>SBI Life Insurance Co. Ltd</td></tr><tr><td style=\"white-space:nowrap\"><a name=\"http---hcp.org-codes-insurance-company-owners-38\"> </a>38</td><td>Tata AIA Life Insurance Company Limited</td></tr><tr><td style=\"white-space:nowrap\"><a name=\"http---hcp.org-codes-insurance-company-owners-39\"> </a>39</td><td>Reliance Life Insurance Company Limited.</td></tr><tr><td style=\"white-space:nowrap\"><a name=\"http---hcp.org-codes-insurance-company-owners-40\"> </a>40</td><td>Aviva Life Insurance Company India Limited</td></tr><tr><td style=\"white-space:nowrap\"><a name=\"http---hcp.org-codes-insurance-company-owners-41\"> </a>41</td><td>Sahara India Life Insurance Co, Ltd.</td></tr><tr><td style=\"white-space:nowrap\"><a name=\"http---hcp.org-codes-insurance-company-owners-42\"> </a>42</td><td>Shriram Life Insurance Co, Ltd.</td></tr><tr><td style=\"white-space:nowrap\"><a name=\"http---hcp.org-codes-insurance-company-owners-43\"> </a>43</td><td>Bharti AXA Life Insurance Company Ltd.</td></tr><tr><td style=\"white-space:nowrap\"><a name=\"http---hcp.org-codes-insurance-company-owners-44\"> </a>44</td><td>Future Generali India Life Insurance Company Limited</td></tr><tr><td style=\"white-space:nowrap\"><a name=\"http---hcp.org-codes-insurance-company-owners-45\"> </a>45</td><td>IDBI Federal Life Insurance Company Ltd</td></tr><tr><td style=\"white-space:nowrap\"><a name=\"http---hcp.org-codes-insurance-company-owners-46\"> </a>46</td><td>Canara HSBC Oriental Bank of Commerce Life Insurance Company Ltd.</td></tr><tr><td style=\"white-space:nowrap\"><a name=\"http---hcp.org-codes-insurance-company-owners-47\"> </a>47</td><td>AEGON Religare Life Insurance Company Limited.</td></tr><tr><td style=\"white-space:nowrap\"><a name=\"http---hcp.org-codes-insurance-company-owners-48\"> </a>48</td><td>DLF Pramerica Life Insurance Co. Ltd.</td></tr><tr><td style=\"white-space:nowrap\"><a name=\"http---hcp.org-codes-insurance-company-owners-49\"> </a>49</td><td>Star Union Dai-ichi Life Insurance Co.</td></tr><tr><td style=\"white-space:nowrap\"><a name=\"http---hcp.org-codes-insurance-company-owners-50\"> </a>50</td><td>IndiaFirst Life Insurance Company Limited</td></tr><tr><td style=\"white-space:nowrap\"><a name=\"http---hcp.org-codes-insurance-company-owners-51\"> </a>51</td><td>Edelweiss Tokio Life Insurance Co. Ltd.</td></tr></table></div>"
      },
      "url" : "https://fhir-ig-demo/ValueSet/insurance-company-owners",
      "version" : "0.0.1",
      "name" : "Insurance Company Owners",
      "status" : "active",
      "date" : "2021-09-07",
      "publisher" : "HL7 International - HCX",
      "contact" : [{
        "name" : "HL7 International - HCX",
        "telecom" : [{
          "system" : "url",
          "value" : "https://www.swasth.app/"
        }]
      }],
      "description" : "This is the value set that includes the codes to identify the insurance company owners",
      "expansion" : {
        "timestamp" : "2021-09-07T08:15:30+05:30",
        "contains" : [{
          "system" : "http://hcp.org/codes/insurance-company-owners",
          "code" : "1",
          "display" : "Bajaj Allianz General Insurance Co. Ltd."
        },
        {
          "system" : "http://hcp.org/codes/insurance-company-owners",
          "code" : "2",
          "display" : "ICICI Lombard General Insurance Co. Ltd."
        },
        {
          "system" : "http://hcp.org/codes/insurance-company-owners",
          "code" : "3",
          "display" : "IFFCO Tokio General Insurance Co. Ltd."
        },
        {
          "system" : "http://hcp.org/codes/insurance-company-owners",
          "code" : "4",
          "display" : "National Insurance Co. Ltd."
        },
        {
          "system" : "http://hcp.org/codes/insurance-company-owners",
          "code" : "5",
          "display" : "The New India Assurance Co. Ltd."
        },
        {
          "system" : "http://hcp.org/codes/insurance-company-owners",
          "code" : "6",
          "display" : "The Oriental Insurance Co. Ltd."
        },
        {
          "system" : "http://hcp.org/codes/insurance-company-owners",
          "code" : "7",
          "display" : "United India Insurance Co. Ltd."
        },
        {
          "system" : "http://hcp.org/codes/insurance-company-owners",
          "code" : "8",
          "display" : "Reliance General Insurance Co. Ltd."
        },
        {
          "system" : "http://hcp.org/codes/insurance-company-owners",
          "code" : "9",
          "display" : "Royal Sundaram Alliance Insurance Co. Ltd"
        },
        {
          "system" : "http://hcp.org/codes/insurance-company-owners",
          "code" : "10",
          "display" : "Tata AIG General Insurance Co. Ltd."
        },
        {
          "system" : "http://hcp.org/codes/insurance-company-owners",
          "code" : "11",
          "display" : "Cholamandalam MS General Insurance Co. Ltd."
        },
        {
          "system" : "http://hcp.org/codes/insurance-company-owners",
          "code" : "12",
          "display" : "HDFC ERGO General Insurance Co. Ltd."
        },
        {
          "system" : "http://hcp.org/codes/insurance-company-owners",
          "code" : "13",
          "display" : "Export Credit Guarantee Corporation of India Ltd."
        },
        {
          "system" : "http://hcp.org/codes/insurance-company-owners",
          "code" : "14",
          "display" : "Agriculture Insurance Co. of India Ltd."
        },
        {
          "system" : "http://hcp.org/codes/insurance-company-owners",
          "code" : "15",
          "display" : "Star Health and Allied Insurance Company Limited"
        },
        {
          "system" : "http://hcp.org/codes/insurance-company-owners",
          "code" : "16",
          "display" : "Apollo Munich Health Insurance Company Limited"
        },
        {
          "system" : "http://hcp.org/codes/insurance-company-owners",
          "code" : "17",
          "display" : "Universal Sompo General Insurance Co. Ltd."
        },
        {
          "system" : "http://hcp.org/codes/insurance-company-owners",
          "code" : "18",
          "display" : "Future Generali India Insurance Company Limited"
        },
        {
          "system" : "http://hcp.org/codes/insurance-company-owners",
          "code" : "19",
          "display" : "Shriram General Insurance Company Limited"
        },
        {
          "system" : "http://hcp.org/codes/insurance-company-owners",
          "code" : "20",
          "display" : "Bharti AXA General Insurance Company Limited"
        },
        {
          "system" : "http://hcp.org/codes/insurance-company-owners",
          "code" : "21",
          "display" : "Raheja QBE General Insurance Company Limited"
        },
        {
          "system" : "http://hcp.org/codes/insurance-company-owners",
          "code" : "22",
          "display" : "SBI General Insurance Company Limited"
        },
        {
          "system" : "http://hcp.org/codes/insurance-company-owners",
          "code" : "23",
          "display" : "Max Bupa Health Insurance Company Ltd.2nd Floor, Salcon Rasvilas,"
        },
        {
          "system" : "http://hcp.org/codes/insurance-company-owners",
          "code" : "24",
          "display" : "L&T General Insurance Company Limited"
        },
        {
          "system" : "http://hcp.org/codes/insurance-company-owners",
          "code" : "25",
          "display" : "Religare Health Insurance Company Limited"
        },
        {
          "system" : "http://hcp.org/codes/insurance-company-owners",
          "code" : "26",
          "display" : "Magma HDI General Insurance Company Limited"
        },
        {
          "system" : "http://hcp.org/codes/insurance-company-owners",
          "code" : "27",
          "display" : "Liberty Videocon General Insurance Company Limited,"
        },
        {
          "system" : "http://hcp.org/codes/insurance-company-owners",
          "code" : "28",
          "display" : "Bajaj Allianz Life Insurance Company Limited"
        },
        {
          "system" : "http://hcp.org/codes/insurance-company-owners",
          "code" : "29",
          "display" : "Birla Sun Life Insurance Co. Ltd"
        },
        {
          "system" : "http://hcp.org/codes/insurance-company-owners",
          "code" : "30",
          "display" : "HDFC Standard Life Insurance Co. Ltd"
        },
        {
          "system" : "http://hcp.org/codes/insurance-company-owners",
          "code" : "31",
          "display" : "ICICI Prudential Life Insurance Co. Ltd"
        },
        {
          "system" : "http://hcp.org/codes/insurance-company-owners",
          "code" : "32",
          "display" : "ING Vysya Life Insurance Company Ltd."
        },
        {
          "system" : "http://hcp.org/codes/insurance-company-owners",
          "code" : "33",
          "display" : "Life Insurance Corporation of India"
        },
        {
          "system" : "http://hcp.org/codes/insurance-company-owners",
          "code" : "34",
          "display" : "Max Life Insurance Co. Ltd"
        },
        {
          "system" : "http://hcp.org/codes/insurance-company-owners",
          "code" : "35",
          "display" : "PNB Metlife India Insurance Co. Ltd."
        },
        {
          "system" : "http://hcp.org/codes/insurance-company-owners",
          "code" : "36",
          "display" : "Kotak Mahindra Old Mutual Life Insurance Limited"
        },
        {
          "system" : "http://hcp.org/codes/insurance-company-owners",
          "code" : "37",
          "display" : "SBI Life Insurance Co. Ltd"
        },
        {
          "system" : "http://hcp.org/codes/insurance-company-owners",
          "code" : "38",
          "display" : "Tata AIA Life Insurance Company Limited"
        },
        {
          "system" : "http://hcp.org/codes/insurance-company-owners",
          "code" : "39",
          "display" : "Reliance Life Insurance Company Limited."
        },
        {
          "system" : "http://hcp.org/codes/insurance-company-owners",
          "code" : "40",
          "display" : "Aviva Life Insurance Company India Limited"
        },
        {
          "system" : "http://hcp.org/codes/insurance-company-owners",
          "code" : "41",
          "display" : "Sahara India Life Insurance Co, Ltd."
        },
        {
          "system" : "http://hcp.org/codes/insurance-company-owners",
          "code" : "42",
          "display" : "Shriram Life Insurance Co, Ltd."
        },
        {
          "system" : "http://hcp.org/codes/insurance-company-owners",
          "code" : "43",
          "display" : "Bharti AXA Life Insurance Company Ltd."
        },
        {
          "system" : "http://hcp.org/codes/insurance-company-owners",
          "code" : "44",
          "display" : "Future Generali India Life Insurance Company Limited"
        },
        {
          "system" : "http://hcp.org/codes/insurance-company-owners",
          "code" : "45",
          "display" : "IDBI Federal Life Insurance Company Ltd"
        },
        {
          "system" : "http://hcp.org/codes/insurance-company-owners",
          "code" : "46",
          "display" : "Canara HSBC Oriental Bank of Commerce Life Insurance Company Ltd."
        },
        {
          "system" : "http://hcp.org/codes/insurance-company-owners",
          "code" : "47",
          "display" : "AEGON Religare Life Insurance Company Limited."
        },
        {
          "system" : "http://hcp.org/codes/insurance-company-owners",
          "code" : "48",
          "display" : "DLF Pramerica Life Insurance Co. Ltd."
        },
        {
          "system" : "http://hcp.org/codes/insurance-company-owners",
          "code" : "49",
          "display" : "Star Union Dai-ichi Life Insurance Co."
        },
        {
          "system" : "http://hcp.org/codes/insurance-company-owners",
          "code" : "50",
          "display" : "IndiaFirst Life Insurance Company Limited"
        },
        {
          "system" : "http://hcp.org/codes/insurance-company-owners",
          "code" : "51",
          "display" : "Edelweiss Tokio Life Insurance Co. Ltd."
        }]
      }
    }
  },
  {
    "fullUrl" : "https://fhir-ig-demo/ValueSet/medical-specialty-provider",
    "resource" : {
      "resourceType" : "ValueSet",
      "id" : "medical-specialty-provider",
      "text" : {
        "status" : "generated",
        "div" : "<div xmlns=\"http://www.w3.org/1999/xhtml\"><p>This value set contains 89 concepts</p><p>All codes from system <code>http://hcp.org/codes/medical-specility-type-provider</code></p><table class=\"codes\"><tr><td style=\"white-space:nowrap\"><b>Code</b></td><td><b>Display</b></td></tr><tr><td style=\"white-space:nowrap\"><a name=\"http---hcp.org-codes-medical-specility-type-provider-null\"> </a></td><td>General Medicine</td></tr><tr><td style=\"white-space:nowrap\"><a name=\"http---hcp.org-codes-medical-specility-type-provider-null\"> </a></td><td>Dental surgery</td></tr><tr><td style=\"white-space:nowrap\"><a name=\"http---hcp.org-codes-medical-specility-type-provider-null\"> </a></td><td>Nursing</td></tr><tr><td style=\"white-space:nowrap\"><a name=\"http---hcp.org-codes-medical-specility-type-provider-null\"> </a></td><td>Pharmacy</td></tr><tr><td style=\"white-space:nowrap\"><a name=\"http---hcp.org-codes-medical-specility-type-provider-null\"> </a></td><td>Nursing Midwifery</td></tr><tr><td style=\"white-space:nowrap\"><a name=\"http---hcp.org-codes-medical-specility-type-provider-null\"> </a></td><td>Military surgeons</td></tr><tr><td style=\"white-space:nowrap\"><a name=\"http---hcp.org-codes-medical-specility-type-provider-null\"> </a></td><td>Cardio Thoracic and Vascular Surgery</td></tr><tr><td style=\"white-space:nowrap\"><a name=\"http---hcp.org-codes-medical-specility-type-provider-null\"> </a></td><td>Cardiology</td></tr><tr><td style=\"white-space:nowrap\"><a name=\"http---hcp.org-codes-medical-specility-type-provider-null\"> </a></td><td>Allergy</td></tr><tr><td style=\"white-space:nowrap\"><a name=\"http---hcp.org-codes-medical-specility-type-provider-null\"> </a></td><td>Chest Medicine</td></tr><tr><td style=\"white-space:nowrap\"><a name=\"http---hcp.org-codes-medical-specility-type-provider-null\"> </a></td><td>Clinical Psychology</td></tr><tr><td style=\"white-space:nowrap\"><a name=\"http---hcp.org-codes-medical-specility-type-provider-null\"> </a></td><td>Cosmetic Dentistry</td></tr><tr><td style=\"white-space:nowrap\"><a name=\"http---hcp.org-codes-medical-specility-type-provider-null\"> </a></td><td>Cosmetic Surgery</td></tr><tr><td style=\"white-space:nowrap\"><a name=\"http---hcp.org-codes-medical-specility-type-provider-null\"> </a></td><td>Endodontics</td></tr><tr><td style=\"white-space:nowrap\"><a name=\"http---hcp.org-codes-medical-specility-type-provider-null\"> </a></td><td>ENT</td></tr><tr><td style=\"white-space:nowrap\"><a name=\"http---hcp.org-codes-medical-specility-type-provider-null\"> </a></td><td>Critical Care</td></tr><tr><td style=\"white-space:nowrap\"><a name=\"http---hcp.org-codes-medical-specility-type-provider-null\"> </a></td><td>Dental Implants &amp; Cosmetic Dentistry</td></tr><tr><td style=\"white-space:nowrap\"><a name=\"http---hcp.org-codes-medical-specility-type-provider-null\"> </a></td><td>Dermatology Venereology and Leprology</td></tr><tr><td style=\"white-space:nowrap\"><a name=\"http---hcp.org-codes-medical-specility-type-provider-null\"> </a></td><td>Dermatology</td></tr><tr><td style=\"white-space:nowrap\"><a name=\"http---hcp.org-codes-medical-specility-type-provider-null\"> </a></td><td>Facial Plastic Surgery</td></tr><tr><td style=\"white-space:nowrap\"><a name=\"http---hcp.org-codes-medical-specility-type-provider-null\"> </a></td><td>Diabetology</td></tr><tr><td style=\"white-space:nowrap\"><a name=\"http---hcp.org-codes-medical-specility-type-provider-null\"> </a></td><td>Endocrinology</td></tr><tr><td style=\"white-space:nowrap\"><a name=\"http---hcp.org-codes-medical-specility-type-provider-null\"> </a></td><td>Diet and Nutrition</td></tr><tr><td style=\"white-space:nowrap\"><a name=\"http---hcp.org-codes-medical-specility-type-provider-null\"> </a></td><td>Diabetology &amp; Internal Medicine</td></tr><tr><td style=\"white-space:nowrap\"><a name=\"http---hcp.org-codes-medical-specility-type-provider-null\"> </a></td><td>Gastrosurgery</td></tr><tr><td style=\"white-space:nowrap\"><a name=\"http---hcp.org-codes-medical-specility-type-provider-null\"> </a></td><td>Gastroenterology</td></tr><tr><td style=\"white-space:nowrap\"><a name=\"http---hcp.org-codes-medical-specility-type-provider-null\"> </a></td><td>General Medicine</td></tr><tr><td style=\"white-space:nowrap\"><a name=\"http---hcp.org-codes-medical-specility-type-provider-null\"> </a></td><td>General Surgery</td></tr><tr><td style=\"white-space:nowrap\"><a name=\"http---hcp.org-codes-medical-specility-type-provider-null\"> </a></td><td>General Surgery &amp; Laparoscopic Surgery</td></tr><tr><td style=\"white-space:nowrap\"><a name=\"http---hcp.org-codes-medical-specility-type-provider-null\"> </a></td><td>Gynecology &amp; Ultrasonology</td></tr><tr><td style=\"white-space:nowrap\"><a name=\"http---hcp.org-codes-medical-specility-type-provider-null\"> </a></td><td>Head &amp; Neck Surgery</td></tr><tr><td style=\"white-space:nowrap\"><a name=\"http---hcp.org-codes-medical-specility-type-provider-null\"> </a></td><td>Head &amp; Neck Surgical Oncology</td></tr><tr><td style=\"white-space:nowrap\"><a name=\"http---hcp.org-codes-medical-specility-type-provider-null\"> </a></td><td>Hepato Pancreato Biliary Surgery</td></tr><tr><td style=\"white-space:nowrap\"><a name=\"http---hcp.org-codes-medical-specility-type-provider-null\"> </a></td><td>Infectious Disease medicine</td></tr><tr><td style=\"white-space:nowrap\"><a name=\"http---hcp.org-codes-medical-specility-type-provider-null\"> </a></td><td>Internal Medicine</td></tr><tr><td style=\"white-space:nowrap\"><a name=\"http---hcp.org-codes-medical-specility-type-provider-null\"> </a></td><td>Internal Medicine &amp; Diabetics</td></tr><tr><td style=\"white-space:nowrap\"><a name=\"http---hcp.org-codes-medical-specility-type-provider-null\"> </a></td><td>Neuro Surgery</td></tr><tr><td style=\"white-space:nowrap\"><a name=\"http---hcp.org-codes-medical-specility-type-provider-null\"> </a></td><td>Resident Physicians</td></tr><tr><td style=\"white-space:nowrap\"><a name=\"http---hcp.org-codes-medical-specility-type-provider-null\"> </a></td><td>Respiratory Allergy And Sleep Medicine</td></tr><tr><td style=\"white-space:nowrap\"><a name=\"http---hcp.org-codes-medical-specility-type-provider-null\"> </a></td><td>Rheumatology</td></tr><tr><td style=\"white-space:nowrap\"><a name=\"http---hcp.org-codes-medical-specility-type-provider-null\"> </a></td><td>Sexual Medicine</td></tr><tr><td style=\"white-space:nowrap\"><a name=\"http---hcp.org-codes-medical-specility-type-provider-null\"> </a></td><td>Spine Surgery</td></tr><tr><td style=\"white-space:nowrap\"><a name=\"http---hcp.org-codes-medical-specility-type-provider-null\"> </a></td><td>Sports Medicine</td></tr><tr><td style=\"white-space:nowrap\"><a name=\"http---hcp.org-codes-medical-specility-type-provider-null\"> </a></td><td>Surgical Gastroenterology</td></tr><tr><td style=\"white-space:nowrap\"><a name=\"http---hcp.org-codes-medical-specility-type-provider-null\"> </a></td><td>Surgical Oncology</td></tr><tr><td style=\"white-space:nowrap\"><a name=\"http---hcp.org-codes-medical-specility-type-provider-null\"> </a></td><td>Urology</td></tr><tr><td style=\"white-space:nowrap\"><a name=\"http---hcp.org-codes-medical-specility-type-provider-null\"> </a></td><td>Physiotherapy</td></tr><tr><td style=\"white-space:nowrap\"><a name=\"http---hcp.org-codes-medical-specility-type-provider-null\"> </a></td><td>Physiotherapy &amp; Rehabilitation</td></tr><tr><td style=\"white-space:nowrap\"><a name=\"http---hcp.org-codes-medical-specility-type-provider-null\"> </a></td><td>Plastic and Cosmetic Surgery</td></tr><tr><td style=\"white-space:nowrap\"><a name=\"http---hcp.org-codes-medical-specility-type-provider-null\"> </a></td><td>Plastic Surgery</td></tr><tr><td style=\"white-space:nowrap\"><a name=\"http---hcp.org-codes-medical-specility-type-provider-null\"> </a></td><td>Podiatry</td></tr><tr><td style=\"white-space:nowrap\"><a name=\"http---hcp.org-codes-medical-specility-type-provider-null\"> </a></td><td>Prosthodontics &amp; Implants</td></tr><tr><td style=\"white-space:nowrap\"><a name=\"http---hcp.org-codes-medical-specility-type-provider-null\"> </a></td><td>Psychiatry</td></tr><tr><td style=\"white-space:nowrap\"><a name=\"http---hcp.org-codes-medical-specility-type-provider-null\"> </a></td><td>Pulmonology</td></tr><tr><td style=\"white-space:nowrap\"><a name=\"http---hcp.org-codes-medical-specility-type-provider-null\"> </a></td><td>Radiation Oncology</td></tr><tr><td style=\"white-space:nowrap\"><a name=\"http---hcp.org-codes-medical-specility-type-provider-null\"> </a></td><td>Radiology</td></tr><tr><td style=\"white-space:nowrap\"><a name=\"http---hcp.org-codes-medical-specility-type-provider-null\"> </a></td><td>Laparoscopic and Robotic Surgery</td></tr><tr><td style=\"white-space:nowrap\"><a name=\"http---hcp.org-codes-medical-specility-type-provider-null\"> </a></td><td>Medical Gastroenterology</td></tr><tr><td style=\"white-space:nowrap\"><a name=\"http---hcp.org-codes-medical-specility-type-provider-null\"> </a></td><td>Medical Oncology</td></tr><tr><td style=\"white-space:nowrap\"><a name=\"http---hcp.org-codes-medical-specility-type-provider-null\"> </a></td><td>Nephrology</td></tr><tr><td style=\"white-space:nowrap\"><a name=\"http---hcp.org-codes-medical-specility-type-provider-null\"> </a></td><td>Neurology</td></tr><tr><td style=\"white-space:nowrap\"><a name=\"http---hcp.org-codes-medical-specility-type-provider-null\"> </a></td><td>Neurology &amp; Neuro Surgery</td></tr><tr><td style=\"white-space:nowrap\"><a name=\"http---hcp.org-codes-medical-specility-type-provider-null\"> </a></td><td>Neuropsychiatry</td></tr><tr><td style=\"white-space:nowrap\"><a name=\"http---hcp.org-codes-medical-specility-type-provider-null\"> </a></td><td>Neurosurgery</td></tr><tr><td style=\"white-space:nowrap\"><a name=\"http---hcp.org-codes-medical-specility-type-provider-null\"> </a></td><td>Obstetrics &amp; Gynecology</td></tr><tr><td style=\"white-space:nowrap\"><a name=\"http---hcp.org-codes-medical-specility-type-provider-null\"> </a></td><td>Oncology</td></tr><tr><td style=\"white-space:nowrap\"><a name=\"http---hcp.org-codes-medical-specility-type-provider-null\"> </a></td><td>Ophthalmology</td></tr><tr><td style=\"white-space:nowrap\"><a name=\"http---hcp.org-codes-medical-specility-type-provider-null\"> </a></td><td>Oral &amp; Maxillofacial Surgery</td></tr><tr><td style=\"white-space:nowrap\"><a name=\"http---hcp.org-codes-medical-specility-type-provider-null\"> </a></td><td>Ortho Dontia</td></tr><tr><td style=\"white-space:nowrap\"><a name=\"http---hcp.org-codes-medical-specility-type-provider-null\"> </a></td><td>Orthopedic Surgeon</td></tr><tr><td style=\"white-space:nowrap\"><a name=\"http---hcp.org-codes-medical-specility-type-provider-null\"> </a></td><td>Orthopedics</td></tr><tr><td style=\"white-space:nowrap\"><a name=\"http---hcp.org-codes-medical-specility-type-provider-null\"> </a></td><td>Orthopedics &amp; Sports Medicine</td></tr><tr><td style=\"white-space:nowrap\"><a name=\"http---hcp.org-codes-medical-specility-type-provider-null\"> </a></td><td>Orthopedics And Spine Surgery</td></tr><tr><td style=\"white-space:nowrap\"><a name=\"http---hcp.org-codes-medical-specility-type-provider-null\"> </a></td><td>Orthopedics And Upper Limb Surgery</td></tr><tr><td style=\"white-space:nowrap\"><a name=\"http---hcp.org-codes-medical-specility-type-provider-null\"> </a></td><td>Pediatric Endocrinology</td></tr><tr><td style=\"white-space:nowrap\"><a name=\"http---hcp.org-codes-medical-specility-type-provider-null\"> </a></td><td>Pediatric Ophthalmology And Squint</td></tr><tr><td style=\"white-space:nowrap\"><a name=\"http---hcp.org-codes-medical-specility-type-provider-null\"> </a></td><td>Paediatrics</td></tr><tr><td style=\"white-space:nowrap\"><a name=\"http---hcp.org-codes-medical-specility-type-provider-null\"> </a></td><td>Paediatrics &amp; Neonatology</td></tr><tr><td style=\"white-space:nowrap\"><a name=\"http---hcp.org-codes-medical-specility-type-provider-null\"> </a></td><td>Paediatrics - Nephrology</td></tr><tr><td style=\"white-space:nowrap\"><a name=\"http---hcp.org-codes-medical-specility-type-provider-null\"> </a></td><td>Paediatrics - Neurology</td></tr><tr><td style=\"white-space:nowrap\"><a name=\"http---hcp.org-codes-medical-specility-type-provider-null\"> </a></td><td>Paediatrics - Surgery</td></tr><tr><td style=\"white-space:nowrap\"><a name=\"http---hcp.org-codes-medical-specility-type-provider-null\"> </a></td><td>Pathology</td></tr><tr><td style=\"white-space:nowrap\"><a name=\"http---hcp.org-codes-medical-specility-type-provider-null\"> </a></td><td>Peadodontology (Child Dentistry)</td></tr><tr><td style=\"white-space:nowrap\"><a name=\"http---hcp.org-codes-medical-specility-type-provider-null\"> </a></td><td>Pediatric Pulmonology</td></tr><tr><td style=\"white-space:nowrap\"><a name=\"http---hcp.org-codes-medical-specility-type-provider-null\"> </a></td><td>Periodontia</td></tr><tr><td style=\"white-space:nowrap\"><a name=\"http---hcp.org-codes-medical-specility-type-provider-null\"> </a></td><td>Periodontology and Implantology</td></tr><tr><td style=\"white-space:nowrap\"><a name=\"http---hcp.org-codes-medical-specility-type-provider-null\"> </a></td><td>Peripheral Vascular Surgery</td></tr><tr><td style=\"white-space:nowrap\"><a name=\"http---hcp.org-codes-medical-specility-type-provider-null\"> </a></td><td>Physical Medicine &amp; Rehabilitation</td></tr><tr><td style=\"white-space:nowrap\"><a name=\"http---hcp.org-codes-medical-specility-type-provider-null\"> </a></td><td>Physician &amp; Diabetology</td></tr></table></div>"
      },
      "url" : "https://fhir-ig-demo/ValueSet/medical-specialty-provider",
      "version" : "0.0.1",
      "name" : "Medical Speciality Type Provider",
      "status" : "active",
      "date" : "2021-09-07",
      "publisher" : "HL7 International - HCX",
      "contact" : [{
        "name" : "HL7 International - HCX",
        "telecom" : [{
          "system" : "url",
          "value" : "https://www.swasth.app/"
        }]
      }],
      "description" : "This is the value set that includes the codes to identify the medical specialty provider",
      "expansion" : {
        "timestamp" : "2021-09-07T08:15:30+05:30",
        "contains" : [{
          "system" : "http://hcp.org/codes/medical-specility-type-provider",
          "display" : "General Medicine"
        },
        {
          "system" : "http://hcp.org/codes/medical-specility-type-provider",
          "display" : "Dental surgery"
        },
        {
          "system" : "http://hcp.org/codes/medical-specility-type-provider",
          "display" : "Nursing"
        },
        {
          "system" : "http://hcp.org/codes/medical-specility-type-provider",
          "display" : "Pharmacy"
        },
        {
          "system" : "http://hcp.org/codes/medical-specility-type-provider",
          "display" : "Nursing Midwifery"
        },
        {
          "system" : "http://hcp.org/codes/medical-specility-type-provider",
          "display" : "Military surgeons"
        },
        {
          "system" : "http://hcp.org/codes/medical-specility-type-provider",
          "display" : "Cardio Thoracic and Vascular Surgery"
        },
        {
          "system" : "http://hcp.org/codes/medical-specility-type-provider",
          "display" : "Cardiology"
        },
        {
          "system" : "http://hcp.org/codes/medical-specility-type-provider",
          "display" : "Allergy"
        },
        {
          "system" : "http://hcp.org/codes/medical-specility-type-provider",
          "display" : "Chest Medicine"
        },
        {
          "system" : "http://hcp.org/codes/medical-specility-type-provider",
          "display" : "Clinical Psychology"
        },
        {
          "system" : "http://hcp.org/codes/medical-specility-type-provider",
          "display" : "Cosmetic Dentistry"
        },
        {
          "system" : "http://hcp.org/codes/medical-specility-type-provider",
          "display" : "Cosmetic Surgery"
        },
        {
          "system" : "http://hcp.org/codes/medical-specility-type-provider",
          "display" : "Endodontics"
        },
        {
          "system" : "http://hcp.org/codes/medical-specility-type-provider",
          "display" : "ENT"
        },
        {
          "system" : "http://hcp.org/codes/medical-specility-type-provider",
          "display" : "Critical Care"
        },
        {
          "system" : "http://hcp.org/codes/medical-specility-type-provider",
          "display" : "Dental Implants & Cosmetic Dentistry"
        },
        {
          "system" : "http://hcp.org/codes/medical-specility-type-provider",
          "display" : "Dermatology Venereology and Leprology"
        },
        {
          "system" : "http://hcp.org/codes/medical-specility-type-provider",
          "display" : "Dermatology"
        },
        {
          "system" : "http://hcp.org/codes/medical-specility-type-provider",
          "display" : "Facial Plastic Surgery"
        },
        {
          "system" : "http://hcp.org/codes/medical-specility-type-provider",
          "display" : "Diabetology"
        },
        {
          "system" : "http://hcp.org/codes/medical-specility-type-provider",
          "display" : "Endocrinology"
        },
        {
          "system" : "http://hcp.org/codes/medical-specility-type-provider",
          "display" : "Diet and Nutrition"
        },
        {
          "system" : "http://hcp.org/codes/medical-specility-type-provider",
          "display" : "Diabetology & Internal Medicine"
        },
        {
          "system" : "http://hcp.org/codes/medical-specility-type-provider",
          "display" : "Gastrosurgery"
        },
        {
          "system" : "http://hcp.org/codes/medical-specility-type-provider",
          "display" : "Gastroenterology"
        },
        {
          "system" : "http://hcp.org/codes/medical-specility-type-provider",
          "display" : "General Medicine"
        },
        {
          "system" : "http://hcp.org/codes/medical-specility-type-provider",
          "display" : "General Surgery"
        },
        {
          "system" : "http://hcp.org/codes/medical-specility-type-provider",
          "display" : "General Surgery & Laparoscopic Surgery"
        },
        {
          "system" : "http://hcp.org/codes/medical-specility-type-provider",
          "display" : "Gynecology & Ultrasonology"
        },
        {
          "system" : "http://hcp.org/codes/medical-specility-type-provider",
          "display" : "Head & Neck Surgery"
        },
        {
          "system" : "http://hcp.org/codes/medical-specility-type-provider",
          "display" : "Head & Neck Surgical Oncology"
        },
        {
          "system" : "http://hcp.org/codes/medical-specility-type-provider",
          "display" : "Hepato Pancreato Biliary Surgery"
        },
        {
          "system" : "http://hcp.org/codes/medical-specility-type-provider",
          "display" : "Infectious Disease medicine"
        },
        {
          "system" : "http://hcp.org/codes/medical-specility-type-provider",
          "display" : "Internal Medicine"
        },
        {
          "system" : "http://hcp.org/codes/medical-specility-type-provider",
          "display" : "Internal Medicine & Diabetics"
        },
        {
          "system" : "http://hcp.org/codes/medical-specility-type-provider",
          "display" : "Neuro Surgery"
        },
        {
          "system" : "http://hcp.org/codes/medical-specility-type-provider",
          "display" : "Resident Physicians"
        },
        {
          "system" : "http://hcp.org/codes/medical-specility-type-provider",
          "display" : "Respiratory Allergy And Sleep Medicine"
        },
        {
          "system" : "http://hcp.org/codes/medical-specility-type-provider",
          "display" : "Rheumatology"
        },
        {
          "system" : "http://hcp.org/codes/medical-specility-type-provider",
          "display" : "Sexual Medicine"
        },
        {
          "system" : "http://hcp.org/codes/medical-specility-type-provider",
          "display" : "Spine Surgery"
        },
        {
          "system" : "http://hcp.org/codes/medical-specility-type-provider",
          "display" : "Sports Medicine"
        },
        {
          "system" : "http://hcp.org/codes/medical-specility-type-provider",
          "display" : "Surgical Gastroenterology"
        },
        {
          "system" : "http://hcp.org/codes/medical-specility-type-provider",
          "display" : "Surgical Oncology"
        },
        {
          "system" : "http://hcp.org/codes/medical-specility-type-provider",
          "display" : "Urology"
        },
        {
          "system" : "http://hcp.org/codes/medical-specility-type-provider",
          "display" : "Physiotherapy"
        },
        {
          "system" : "http://hcp.org/codes/medical-specility-type-provider",
          "display" : "Physiotherapy & Rehabilitation"
        },
        {
          "system" : "http://hcp.org/codes/medical-specility-type-provider",
          "display" : "Plastic and Cosmetic Surgery"
        },
        {
          "system" : "http://hcp.org/codes/medical-specility-type-provider",
          "display" : "Plastic Surgery"
        },
        {
          "system" : "http://hcp.org/codes/medical-specility-type-provider",
          "display" : "Podiatry"
        },
        {
          "system" : "http://hcp.org/codes/medical-specility-type-provider",
          "display" : "Prosthodontics & Implants"
        },
        {
          "system" : "http://hcp.org/codes/medical-specility-type-provider",
          "display" : "Psychiatry"
        },
        {
          "system" : "http://hcp.org/codes/medical-specility-type-provider",
          "display" : "Pulmonology"
        },
        {
          "system" : "http://hcp.org/codes/medical-specility-type-provider",
          "display" : "Radiation Oncology"
        },
        {
          "system" : "http://hcp.org/codes/medical-specility-type-provider",
          "display" : "Radiology"
        },
        {
          "system" : "http://hcp.org/codes/medical-specility-type-provider",
          "display" : "Laparoscopic and Robotic Surgery"
        },
        {
          "system" : "http://hcp.org/codes/medical-specility-type-provider",
          "display" : "Medical Gastroenterology"
        },
        {
          "system" : "http://hcp.org/codes/medical-specility-type-provider",
          "display" : "Medical Oncology"
        },
        {
          "system" : "http://hcp.org/codes/medical-specility-type-provider",
          "display" : "Nephrology"
        },
        {
          "system" : "http://hcp.org/codes/medical-specility-type-provider",
          "display" : "Neurology"
        },
        {
          "system" : "http://hcp.org/codes/medical-specility-type-provider",
          "display" : "Neurology & Neuro Surgery"
        },
        {
          "system" : "http://hcp.org/codes/medical-specility-type-provider",
          "display" : "Neuropsychiatry"
        },
        {
          "system" : "http://hcp.org/codes/medical-specility-type-provider",
          "display" : "Neurosurgery"
        },
        {
          "system" : "http://hcp.org/codes/medical-specility-type-provider",
          "display" : "Obstetrics & Gynecology"
        },
        {
          "system" : "http://hcp.org/codes/medical-specility-type-provider",
          "display" : "Oncology"
        },
        {
          "system" : "http://hcp.org/codes/medical-specility-type-provider",
          "display" : "Ophthalmology"
        },
        {
          "system" : "http://hcp.org/codes/medical-specility-type-provider",
          "display" : "Oral & Maxillofacial Surgery"
        },
        {
          "system" : "http://hcp.org/codes/medical-specility-type-provider",
          "display" : "Ortho Dontia"
        },
        {
          "system" : "http://hcp.org/codes/medical-specility-type-provider",
          "display" : "Orthopedic Surgeon"
        },
        {
          "system" : "http://hcp.org/codes/medical-specility-type-provider",
          "display" : "Orthopedics"
        },
        {
          "system" : "http://hcp.org/codes/medical-specility-type-provider",
          "display" : "Orthopedics & Sports Medicine"
        },
        {
          "system" : "http://hcp.org/codes/medical-specility-type-provider",
          "display" : "Orthopedics And Spine Surgery"
        },
        {
          "system" : "http://hcp.org/codes/medical-specility-type-provider",
          "display" : "Orthopedics And Upper Limb Surgery"
        },
        {
          "system" : "http://hcp.org/codes/medical-specility-type-provider",
          "display" : "Pediatric Endocrinology"
        },
        {
          "system" : "http://hcp.org/codes/medical-specility-type-provider",
          "display" : "Pediatric Ophthalmology And Squint"
        },
        {
          "system" : "http://hcp.org/codes/medical-specility-type-provider",
          "display" : "Paediatrics"
        },
        {
          "system" : "http://hcp.org/codes/medical-specility-type-provider",
          "display" : "Paediatrics & Neonatology"
        },
        {
          "system" : "http://hcp.org/codes/medical-specility-type-provider",
          "display" : "Paediatrics - Nephrology"
        },
        {
          "system" : "http://hcp.org/codes/medical-specility-type-provider",
          "display" : "Paediatrics - Neurology"
        },
        {
          "system" : "http://hcp.org/codes/medical-specility-type-provider",
          "display" : "Paediatrics - Surgery"
        },
        {
          "system" : "http://hcp.org/codes/medical-specility-type-provider",
          "display" : "Pathology"
        },
        {
          "system" : "http://hcp.org/codes/medical-specility-type-provider",
          "display" : "Peadodontology (Child Dentistry)"
        },
        {
          "system" : "http://hcp.org/codes/medical-specility-type-provider",
          "display" : "Pediatric Pulmonology"
        },
        {
          "system" : "http://hcp.org/codes/medical-specility-type-provider",
          "display" : "Periodontia"
        },
        {
          "system" : "http://hcp.org/codes/medical-specility-type-provider",
          "display" : "Periodontology and Implantology"
        },
        {
          "system" : "http://hcp.org/codes/medical-specility-type-provider",
          "display" : "Peripheral Vascular Surgery"
        },
        {
          "system" : "http://hcp.org/codes/medical-specility-type-provider",
          "display" : "Physical Medicine & Rehabilitation"
        },
        {
          "system" : "http://hcp.org/codes/medical-specility-type-provider",
          "display" : "Physician & Diabetology"
        }]
      }
    }
  },
  {
    "fullUrl" : "https://fhir-ig-demo/ValueSet/procedure-type-description",
    "resource" : {
      "resourceType" : "ValueSet",
      "id" : "procedure-type-description",
      "text" : {
        "status" : "generated",
        "div" : "<div xmlns=\"http://www.w3.org/1999/xhtml\"><p>This value set contains 32 concepts</p><p>All codes from system <code>http://hcp.org/codes/procedure-type-description</code></p><table class=\"codes\"><tr><td style=\"white-space:nowrap\"><b>Code</b></td><td><b>Display</b></td></tr><tr><td style=\"white-space:nowrap\"><a name=\"http---hcp.org-codes-procedure-type-description-1\"> </a>1</td><td>Administrative procedure (procedure)</td></tr><tr><td style=\"white-space:nowrap\"><a name=\"http---hcp.org-codes-procedure-type-description-2\"> </a>2</td><td>Blood bank procedure (procedure)</td></tr><tr><td style=\"white-space:nowrap\"><a name=\"http---hcp.org-codes-procedure-type-description-3\"> </a>3</td><td>Community health procedure (procedure)</td></tr><tr><td style=\"white-space:nowrap\"><a name=\"http---hcp.org-codes-procedure-type-description-4\"> </a>4</td><td>Determination of information related to transfusion (procedure)</td></tr><tr><td style=\"white-space:nowrap\"><a name=\"http---hcp.org-codes-procedure-type-description-5\"> </a>5</td><td>Environmental care procedure (procedure)</td></tr><tr><td style=\"white-space:nowrap\"><a name=\"http---hcp.org-codes-procedure-type-description-6\"> </a>6</td><td>General treatment (procedure)</td></tr><tr><td style=\"white-space:nowrap\"><a name=\"http---hcp.org-codes-procedure-type-description-7\"> </a>7</td><td>Laboratory procedure (procedure)</td></tr><tr><td style=\"white-space:nowrap\"><a name=\"http---hcp.org-codes-procedure-type-description-8\"> </a>8</td><td>Nuclear medicine procedure (procedure)</td></tr><tr><td style=\"white-space:nowrap\"><a name=\"http---hcp.org-codes-procedure-type-description-9\"> </a>9</td><td>Obstetric procedure (procedure)</td></tr><tr><td style=\"white-space:nowrap\"><a name=\"http---hcp.org-codes-procedure-type-description-10\"> </a>10</td><td>Outpatient procedure (procedure)</td></tr><tr><td style=\"white-space:nowrap\"><a name=\"http---hcp.org-codes-procedure-type-description-11\"> </a>11</td><td>Patient encounter procedure (procedure)</td></tr><tr><td style=\"white-space:nowrap\"><a name=\"http---hcp.org-codes-procedure-type-description-12\"> </a>12</td><td>Postoperative procedure (procedure)</td></tr><tr><td style=\"white-space:nowrap\"><a name=\"http---hcp.org-codes-procedure-type-description-13\"> </a>13</td><td>Preoperative procedure (procedure)</td></tr><tr><td style=\"white-space:nowrap\"><a name=\"http---hcp.org-codes-procedure-type-description-14\"> </a>14</td><td>Procedure by intent (procedure)</td></tr><tr><td style=\"white-space:nowrap\"><a name=\"http---hcp.org-codes-procedure-type-description-15\"> </a>15</td><td>Procedure by method (procedure)</td></tr><tr><td style=\"white-space:nowrap\"><a name=\"http---hcp.org-codes-procedure-type-description-16\"> </a>16</td><td>Procedure by priority (procedure)</td></tr><tr><td style=\"white-space:nowrap\"><a name=\"http---hcp.org-codes-procedure-type-description-17\"> </a>17</td><td>Procedure by site (procedure)</td></tr><tr><td style=\"white-space:nowrap\"><a name=\"http---hcp.org-codes-procedure-type-description-18\"> </a>18</td><td>Procedure categorized by device involved (procedure)</td></tr><tr><td style=\"white-space:nowrap\"><a name=\"http---hcp.org-codes-procedure-type-description-19\"> </a>19</td><td>Procedure in coronary care unit (procedure)</td></tr><tr><td style=\"white-space:nowrap\"><a name=\"http---hcp.org-codes-procedure-type-description-20\"> </a>20</td><td>Procedure on ganglion cyst (procedure)</td></tr><tr><td style=\"white-space:nowrap\"><a name=\"http---hcp.org-codes-procedure-type-description-21\"> </a>21</td><td>Procedure on wound (procedure)</td></tr><tr><td style=\"white-space:nowrap\"><a name=\"http---hcp.org-codes-procedure-type-description-22\"> </a>22</td><td>Procedure related to anesthesia and sedation (procedure)</td></tr><tr><td style=\"white-space:nowrap\"><a name=\"http---hcp.org-codes-procedure-type-description-23\"> </a>23</td><td>Procedure related to breastfeeding (procedure)</td></tr><tr><td style=\"white-space:nowrap\"><a name=\"http---hcp.org-codes-procedure-type-description-24\"> </a>24</td><td>Procedure with a clinical finding focus (procedure)</td></tr><tr><td style=\"white-space:nowrap\"><a name=\"http---hcp.org-codes-procedure-type-description-25\"> </a>25</td><td>Procedure with a procedure focus (procedure)</td></tr><tr><td style=\"white-space:nowrap\"><a name=\"http---hcp.org-codes-procedure-type-description-26\"> </a>26</td><td>Procedures relating to eating and drinking (procedure)</td></tr><tr><td style=\"white-space:nowrap\"><a name=\"http---hcp.org-codes-procedure-type-description-27\"> </a>27</td><td>Procedures relating to mobility (procedure)</td></tr><tr><td style=\"white-space:nowrap\"><a name=\"http---hcp.org-codes-procedure-type-description-28\"> </a>28</td><td>Promotion (procedure)</td></tr><tr><td style=\"white-space:nowrap\"><a name=\"http---hcp.org-codes-procedure-type-description-29\"> </a>29</td><td>Provider-specific procedure (procedure)</td></tr><tr><td style=\"white-space:nowrap\"><a name=\"http---hcp.org-codes-procedure-type-description-30\"> </a>30</td><td>Regimes and therapies (regime/therapy)</td></tr><tr><td style=\"white-space:nowrap\"><a name=\"http---hcp.org-codes-procedure-type-description-31\"> </a>31</td><td>Social service procedure (procedure)</td></tr><tr><td style=\"white-space:nowrap\"><a name=\"http---hcp.org-codes-procedure-type-description-32\"> </a>32</td><td>Staff related procedure (procedure)</td></tr></table></div>"
      },
      "url" : "https://fhir-ig-demo/ValueSet/procedure-type-description",
      "version" : "0.0.1",
      "name" : "Procedure Type Description",
      "status" : "active",
      "date" : "2021-09-07",
      "publisher" : "HL7 International - HCX",
      "contact" : [{
        "name" : "HL7 International - HCX",
        "telecom" : [{
          "system" : "url",
          "value" : "https://www.swasth.app/"
        }]
      }],
      "description" : "This is the value set that includes the codes to identify the procedure type description and services are provided",
      "expansion" : {
        "timestamp" : "2021-09-07T08:15:30+05:30",
        "contains" : [{
          "system" : "http://hcp.org/codes/procedure-type-description",
          "code" : "1",
          "display" : "Administrative procedure (procedure)"
        },
        {
          "system" : "http://hcp.org/codes/procedure-type-description",
          "code" : "2",
          "display" : "Blood bank procedure (procedure)"
        },
        {
          "system" : "http://hcp.org/codes/procedure-type-description",
          "code" : "3",
          "display" : "Community health procedure (procedure)"
        },
        {
          "system" : "http://hcp.org/codes/procedure-type-description",
          "code" : "4",
          "display" : "Determination of information related to transfusion (procedure)"
        },
        {
          "system" : "http://hcp.org/codes/procedure-type-description",
          "code" : "5",
          "display" : "Environmental care procedure (procedure)"
        },
        {
          "system" : "http://hcp.org/codes/procedure-type-description",
          "code" : "6",
          "display" : "General treatment (procedure)"
        },
        {
          "system" : "http://hcp.org/codes/procedure-type-description",
          "code" : "7",
          "display" : "Laboratory procedure (procedure)"
        },
        {
          "system" : "http://hcp.org/codes/procedure-type-description",
          "code" : "8",
          "display" : "Nuclear medicine procedure (procedure)"
        },
        {
          "system" : "http://hcp.org/codes/procedure-type-description",
          "code" : "9",
          "display" : "Obstetric procedure (procedure)"
        },
        {
          "system" : "http://hcp.org/codes/procedure-type-description",
          "code" : "10",
          "display" : "Outpatient procedure (procedure)"
        },
        {
          "system" : "http://hcp.org/codes/procedure-type-description",
          "code" : "11",
          "display" : "Patient encounter procedure (procedure)"
        },
        {
          "system" : "http://hcp.org/codes/procedure-type-description",
          "code" : "12",
          "display" : "Postoperative procedure (procedure)"
        },
        {
          "system" : "http://hcp.org/codes/procedure-type-description",
          "code" : "13",
          "display" : "Preoperative procedure (procedure)"
        },
        {
          "system" : "http://hcp.org/codes/procedure-type-description",
          "code" : "14",
          "display" : "Procedure by intent (procedure)"
        },
        {
          "system" : "http://hcp.org/codes/procedure-type-description",
          "code" : "15",
          "display" : "Procedure by method (procedure)"
        },
        {
          "system" : "http://hcp.org/codes/procedure-type-description",
          "code" : "16",
          "display" : "Procedure by priority (procedure)"
        },
        {
          "system" : "http://hcp.org/codes/procedure-type-description",
          "code" : "17",
          "display" : "Procedure by site (procedure)"
        },
        {
          "system" : "http://hcp.org/codes/procedure-type-description",
          "code" : "18",
          "display" : "Procedure categorized by device involved (procedure)"
        },
        {
          "system" : "http://hcp.org/codes/procedure-type-description",
          "code" : "19",
          "display" : "Procedure in coronary care unit (procedure)"
        },
        {
          "system" : "http://hcp.org/codes/procedure-type-description",
          "code" : "20",
          "display" : "Procedure on ganglion cyst (procedure)"
        },
        {
          "system" : "http://hcp.org/codes/procedure-type-description",
          "code" : "21",
          "display" : "Procedure on wound (procedure)"
        },
        {
          "system" : "http://hcp.org/codes/procedure-type-description",
          "code" : "22",
          "display" : "Procedure related to anesthesia and sedation (procedure)"
        },
        {
          "system" : "http://hcp.org/codes/procedure-type-description",
          "code" : "23",
          "display" : "Procedure related to breastfeeding (procedure)"
        },
        {
          "system" : "http://hcp.org/codes/procedure-type-description",
          "code" : "24",
          "display" : "Procedure with a clinical finding focus (procedure)"
        },
        {
          "system" : "http://hcp.org/codes/procedure-type-description",
          "code" : "25",
          "display" : "Procedure with a procedure focus (procedure)"
        },
        {
          "system" : "http://hcp.org/codes/procedure-type-description",
          "code" : "26",
          "display" : "Procedures relating to eating and drinking (procedure)"
        },
        {
          "system" : "http://hcp.org/codes/procedure-type-description",
          "code" : "27",
          "display" : "Procedures relating to mobility (procedure)"
        },
        {
          "system" : "http://hcp.org/codes/procedure-type-description",
          "code" : "28",
          "display" : "Promotion (procedure)"
        },
        {
          "system" : "http://hcp.org/codes/procedure-type-description",
          "code" : "29",
          "display" : "Provider-specific procedure (procedure)"
        },
        {
          "system" : "http://hcp.org/codes/procedure-type-description",
          "code" : "30",
          "display" : "Regimes and therapies (regime/therapy)"
        },
        {
          "system" : "http://hcp.org/codes/procedure-type-description",
          "code" : "31",
          "display" : "Social service procedure (procedure)"
        },
        {
          "system" : "http://hcp.org/codes/procedure-type-description",
          "code" : "32",
          "display" : "Staff related procedure (procedure)"
        }]
      }
    }
  }]
}