"Path","Slice Name","Alias(s)","Label","Min","Max","Must Support?","Is Modifier?","Is Summary?","Type(s)","Short","Definition","Comments","Requirements","Default Value","Meaning When Missing","Fixed Value","Pattern","Example","Minimum Value","Maximum Value","Maximum Length","Binding Strength","Binding Description","Binding Value Set","Code","Slicing Discriminator","Slicing Description","Slicing Ordered","Slicing Rules","Base Path","Base Min","Base Max","Condition(s)","Constraint(s)","Mapping: Workflow Pattern","Mapping: FiveWs Pattern Mapping","Mapping: Canadian Dental Association eclaims standard","Mapping: RIM Mapping"
"PaymentReconciliation","","","",0,*,"","","","","PaymentReconciliation resource","This resource provides the details including amount of a payment and allocates the payment items being paid.","","","","","","","","","",,,,,"",,,,"DomainResource",0,*,"","dom-2:If the resource is contained in another resource, it SHALL NOT contain nested Resources {contained.contained.empty()}
dom-3:If the resource is contained in another resource, it SHALL be referred to from elsewhere in the resource or SHALL refer to the containing resource {contained.where((('#'+id in (%resource.descendants().reference | %resource.descendants().as(canonical) | %resource.descendants().as(uri) | %resource.descendants().as(url))) or descendants().where(reference = '#').exists() or descendants().where(as(canonical) = '#').exists() or descendants().where(as(canonical) = '#').exists()).not()).trace('unmatched', id).empty()}dom-4:If a resource is contained in another resource, it SHALL NOT have a meta.versionId or a meta.lastUpdated {contained.meta.versionId.empty() and contained.meta.lastUpdated.empty()}dom-5:If a resource is contained in another resource, it SHALL NOT have a security label {contained.meta.security.empty()}dom-6:A resource should have narrative for robust management {text.`div`.exists()}","Event","Entity. Role, or Act"
"PaymentReconciliation.id","","","",0,1,"","","Y","string {[]} {[]}
","Logical id of this artifact","The logical id of the resource, as used in the URL for the resource. Once assigned, this value never changes.","The only time that a resource does not have an id is when it is being submitted to the server using a create operation.","","","","","","","","",,,,,"",,,,"Resource.id",0,1,"",""
"PaymentReconciliation.meta","","","",0,1,"","","Y","Meta {[]} {[]}
","Metadata about the resource","The metadata about the resource. This is content that is maintained by the infrastructure. Changes to the content might not always be associated with version changes to the resource.","","","","","","","","","",,,,,"",,,,"Resource.meta",0,1,"","ele-1:All FHIR elements must have a @value or children {hasValue() or (children().count() > id.count())}
"
"PaymentReconciliation.implicitRules","","","",0,1,"","Y","Y","uri {[]} {[]}
","A set of rules under which this content was created","A reference to a set of rules that were followed when the resource was constructed, and which must be understood when processing the content. Often, this is a reference to an implementation guide that defines the special rules along with other profiles etc.","Asserting this rule set restricts the content to be only understood by a limited set of trading partners. This inherently limits the usefulness of the data in the long term. However, the existing health eco-system is highly fractured, and not yet ready to define, collect, and exchange data in a generally computable sense. Wherever possible, implementers and/or specification writers should avoid using this element. Often, when used, the URL is a reference to an implementation guide that defines these special rules as part of it's narrative along with other profiles, value sets, etc.","","","","","","","","",,,,,"",,,,"Resource.implicitRules",0,1,"","ele-1:All FHIR elements must have a @value or children {hasValue() or (children().count() > id.count())}
"
"PaymentReconciliation.language","","","",0,1,"","","","code {[]} {[]}
","Language of the resource content","The base language in which the resource is written.","Language is provided to support indexing and accessibility (typically, services such as text to speech use the language tag). The html language tag in the narrative applies  to the narrative. The language tag on the resource may be used to specify the language of other presentations generated from the data in the resource. Not all the content has to be in the base language. The Resource.language should not be assumed to apply to the narrative automatically. If a language is specified, it should it also be specified on the div element in the html (see rules in HTML5 for information about the relationship between xml:lang and the html lang attribute).","","","","","","","","",,"preferred","A human language.","http://hl7.org/fhir/ValueSet/languages","",,,,"Resource.language",0,1,"","ele-1:All FHIR elements must have a @value or children {hasValue() or (children().count() > id.count())}
"
"PaymentReconciliation.text","","narrative
htmlxhtmldisplay","",0,1,"","","","Narrative {[]} {[]}
","Text summary of the resource, for human interpretation","A human-readable narrative that contains a summary of the resource and can be used to represent the content of the resource to a human. The narrative need not encode all the structured data, but is required to contain sufficient detail to make it ""clinically safe"" for a human to just read the narrative. Resource definitions may define what content should be represented in the narrative to ensure clinical safety.","Contained resources do not have narrative. Resources that are not contained SHOULD have a narrative. In some cases, a resource may only have text with little or no additional discrete data (as long as all minOccurs=1 elements are satisfied).  This may be necessary for data from legacy systems where information is captured as a ""text blob"" or where text is additionally entered raw or narrated and encoded information is added later.","","","","","","","","",,,,,"",,,,"DomainResource.text",0,1,"","ele-1:All FHIR elements must have a @value or children {hasValue() or (children().count() > id.count())}
","Act.text?"
"PaymentReconciliation.contained","","inline resources
anonymous resourcescontained resources","",0,*,"","","","Resource {[]} {[]}
","Contained, inline Resources","These resources do not have an independent existence apart from the resource that contains them - they cannot be identified independently, and nor can they have their own independent transaction scope.","This should never be done when the content can be identified properly, as once identification is lost, it is extremely difficult (and context dependent) to restore it again. Contained resources may have profiles and tags In their meta elements, but SHALL NOT have security labels.","","","","","","","","",,,,,"",,,,"DomainResource.contained",0,*,"","","N/A"
"PaymentReconciliation.extension","","extensions
user content","",0,*,"","","","Extension {[]} {[]}
","Additional content defined by implementations","May be used to represent additional information that is not part of the basic definition of the resource. To make the use of extensions safe and manageable, there is a strict set of governance  applied to the definition and use of extensions. Though any implementer can define an extension, there is a set of requirements that SHALL be met as part of the definition of the extension.","There can be no stigma associated with the use of extensions by any application, project, or standard - regardless of the institution or jurisdiction that uses or defines the extensions.  The use of extensions is what allows the FHIR specification to retain a core level of simplicity for everyone.","","","","","","","","",,,,,"","value:url}
","Extensions are always sliced by (at least) url",,"open","DomainResource.extension",0,*,"","ele-1:All FHIR elements must have a @value or children {hasValue() or (children().count() > id.count())}
ext-1:Must have either extensions or value[x], not both {extension.exists() != value.exists()}","N/A"
"PaymentReconciliation.modifierExtension","","extensions
user content","",0,*,"","Y","","Extension {[]} {[]}
","Extensions that cannot be ignored","May be used to represent additional information that is not part of the basic definition of the resource and that modifies the understanding of the element that contains it and/or the understanding of the containing element's descendants. Usually modifier elements provide negation or qualification. To make the use of extensions safe and manageable, there is a strict set of governance applied to the definition and use of extensions. Though any implementer is allowed to define an extension, there is a set of requirements that SHALL be met as part of the definition of the extension. Applications processing a resource are required to check for modifier extensions.

Modifier extensions SHALL NOT change the meaning of any elements on Resource or DomainResource (including cannot change the meaning of modifierExtension itself).","There can be no stigma associated with the use of extensions by any application, project, or standard - regardless of the institution or jurisdiction that uses or defines the extensions.  The use of extensions is what allows the FHIR specification to retain a core level of simplicity for everyone.","Modifier extensions allow for extensions that *cannot* be safely ignored to be clearly distinguished from the vast majority of extensions which can be safely ignored.  This promotes interoperability by eliminating the need for implementers to prohibit the presence of extensions. For further information, see the [definition of modifier extensions](http://hl7.org/fhir/R4/extensibility.html#modifierExtension).","","","","","","","",,,,,"","value:url}
","Extensions are always sliced by (at least) url",,"open","DomainResource.modifierExtension",0,*,"","ele-1:All FHIR elements must have a @value or children {hasValue() or (children().count() > id.count())}
ext-1:Must have either extensions or value[x], not both {extension.exists() != value.exists()}","N/A"
"PaymentReconciliation.created","","","",1,1,"","","Y","dateTime {[]} {[]}
","Creation date","The date when the resource was created.","","Need to record a timestamp for use by both the recipient and the issuer.","","","","","","","",,,,,"",,,,"PaymentReconciliation.created",1,1,"","","Event.occurrence[x]","FiveWs.recorded"
"PaymentReconciliation.detail","","","",0,*,"","","","BackboneElement {[]} {[]}
","Settlement particulars","Distribution of the payment amount for a previously acknowledged payable.","","Needed to show how the payment amount is distributed across the payables.","","","","","","","",,,,,"",,,,"PaymentReconciliation.detail",0,*,"",""
"PaymentReconciliation.detail.amount","","","",0,1,"","","","Money {[]} {[]}
","Amount allocated to this payable","The monetary amount allocated from the total payment to the payable.","","Needed to explain the distribution of the payment to the payables.","","","","","","","",,,,,"",,,,"PaymentReconciliation.detail.amount",0,1,"",""
"PaymentReconciliation.detail.date","","","",0,1,"","","","date {[]} {[]}
","Date of commitment to pay","The date from the response resource containing a commitment to pay.","","Needed for audit and validation.","","","","","","","",,,,,"",,,,"PaymentReconciliation.detail.date",0,1,"",""
"PaymentReconciliation.detail.identifier","","","",0,1,"","","","Identifier {[]} {[]}
","Business identifier of the payment detail","Unique identifier for the current payment item for the referenced payable.","","Needed for reconciliation of payments.","","","","","","","",,,,,"",,,,"PaymentReconciliation.detail.identifier",0,1,"",""
"PaymentReconciliation.detail.payee","","","",0,1,"","","","Reference {[]} {[CanonicalType[http://hl7.org/fhir/StructureDefinition/Practitioner], CanonicalType[http://hl7.org/fhir/StructureDefinition/PractitionerRole], CanonicalType[http://hl7.org/fhir/StructureDefinition/Organization]]}
","Recipient of the payment","The party which is receiving the payment.","","Needed for audit and validation.","","","","","","","",,,,,"",,,,"PaymentReconciliation.detail.payee",0,1,"",""
"PaymentReconciliation.detail.predecessor","","","",0,1,"","","","Identifier {[]} {[]}
","Business identifier of the prior payment detail","Unique identifier for the prior payment item for the referenced payable.","","Needed for reconciliation of payments.","","","","","","","",,,,,"",,,,"PaymentReconciliation.detail.predecessor",0,1,"",""
"PaymentReconciliation.detail.request","","","",0,1,"","","","Reference {[]} {[CanonicalType[http://hl7.org/fhir/StructureDefinition/Resource]]}
","Request giving rise to the payment","A resource, such as a Claim, the evaluation of which could lead to payment.","","Needed to provide a linkage  to the original request.","","","","","","","",,,,,"",,,,"PaymentReconciliation.detail.request",0,1,"",""
"PaymentReconciliation.detail.response","","","",0,1,"","","","Reference {[]} {[CanonicalType[http://hl7.org/fhir/StructureDefinition/Resource]]}
","Response committing to a payment","A resource, such as a ClaimResponse, which contains a commitment to payment.","","Needed to provide a linkage to the payment commitment.","","","","","","","",,,,,"",,,,"PaymentReconciliation.detail.response",0,1,"",""
"PaymentReconciliation.detail.responsible","","","",0,1,"","","","Reference {[]} {[CanonicalType[http://hl7.org/fhir/StructureDefinition/PractitionerRole]]}
","Contact for the response","A reference to the individual who is responsible for inquiries regarding the response and its payment.","","To provide contact information.","","","","","","","",,,,,"",,,,"PaymentReconciliation.detail.responsible",0,1,"",""
"PaymentReconciliation.detail.submitter","","","",0,1,"","","","Reference {[]} {[CanonicalType[http://hl7.org/fhir/StructureDefinition/Practitioner], CanonicalType[http://hl7.org/fhir/StructureDefinition/PractitionerRole], CanonicalType[http://hl7.org/fhir/StructureDefinition/Organization]]}
","Submitter of the request","The party which submitted the claim or financial transaction.","","Needed for audit and validation.","","","","","","","",,,,,"",,,,"PaymentReconciliation.detail.submitter",0,1,"",""
"PaymentReconciliation.detail.type","","","",1,1,"","","","CodeableConcept {[]} {[]}
","Category of payment","Code to indicate the nature of the payment.","For example: payment, adjustment, funds advance, etc.","Needed to provide context for the amount.","","","","","","","",,"example","The reason for the amount: payment, adjustment, advance.","http://hl7.org/fhir/ValueSet/payment-type","",,,,"PaymentReconciliation.detail.type",1,1,"",""
"PaymentReconciliation.disposition","","","",0,1,"","","","string {[]} {[]}
","Disposition message","A human readable description of the status of the request for the reconciliation.","","Provided for user display.","","","","","","","",,,,,"",,,,"PaymentReconciliation.disposition",0,1,"","","Event.note"
"PaymentReconciliation.formCode","","","",0,1,"","","","CodeableConcept {[]} {[]}
","Printed form identifier","A code for the form to be used for printing the content.","May be needed to identify specific jurisdictional forms.","Needed to specify the specific form used for producing output for this response.","","","","","","","",,"example","The forms codes.","http://hl7.org/fhir/ValueSet/forms","",,,,"PaymentReconciliation.formCode",0,1,"",""
"PaymentReconciliation.identifier","","","",0,*,"","","","Identifier {[]} {[]}
","Business Identifier for a payment reconciliation","A unique identifier assigned to this payment reconciliation.","","Allows payment reconciliations to be distinguished and referenced.","","","","","","","",,,,,"",,,,"PaymentReconciliation.identifier",0,*,"","","Event.identifier","FiveWs.identifier"
"PaymentReconciliation.outcome","","","",1,1,"","","","code {[]} {[]}
","queued | complete | error | partial","The outcome of a request for a reconciliation.","The resource may be used to indicate that: the request has been held (queued) for processing; that it has been processed and errors found (error); that no errors were found and that some of the adjudication has been undertaken (partial) or that all of the adjudication has been undertaken (complete).","To advise the requestor of an overall processing outcome.","","","","","","","",,"required","The outcome of the processing.","http://hl7.org/fhir/ValueSet/remittance-outcome|4.0.1","",,,,"PaymentReconciliation.outcome",1,1,"",""
"PaymentReconciliation.paymentAmount","","","",1,1,"","","Y","Money {[]} {[]}
","Total amount of Payment","Total payment amount as indicated on the financial instrument.","","Needed to provide the actual payment amount.","","","","","","","",,,,,"",,,,"PaymentReconciliation.paymentAmount",1,1,"",""
"PaymentReconciliation.paymentDate","","","",1,1,"","","Y","date {[]} {[]}
","When payment issued","The date of payment as indicated on the financial instrument.","","To advise the payee when payment can be expected.","","","","","","","",,,,,"",,,,"PaymentReconciliation.paymentDate",1,1,"",""
"PaymentReconciliation.paymentIdentifier","","","",1,1,"","","","Identifier {[]} {[]}
","Business identifier for the payment","Issuer's unique identifier for the payment instrument.","For example: EFT number or check number.","Enable the receiver to reconcile when payment is received.","","","","","","","",,,,,"",,,,"PaymentReconciliation.paymentIdentifier",1,1,"",""
"PaymentReconciliation.paymentIssuer","","","",0,1,"","","Y","Reference {[]} {[CanonicalType[http://hl7.org/fhir/StructureDefinition/Organization]]}
","Party generating payment","The party who generated the payment.","This party is also responsible for the reconciliation.","Need to identify the party resonsible for the payment and this resource.","","","","","","","",,,,,"",,,,"PaymentReconciliation.paymentIssuer",0,1,"","","Event.performer.actor","FiveWs.source"
"PaymentReconciliation.period","","","",0,1,"","","Y","Period {[]} {[]}
","Period covered","The period of time for which payments have been gathered into this bulk payment for settlement.","","Needed to allow receivers to monitor and reconcile payment issuer schedules.","","","","","","","",,,,,"",,,,"PaymentReconciliation.period",0,1,"","","FiveWs.done[x]"
"PaymentReconciliation.processNote","","","",0,*,"","","","BackboneElement {[]} {[]}
","Note concerning processing","A note that describes or explains the processing in a human readable form.","","Provides the specific textual explanations associated with the processing.","","","","","","","",,,,,"",,,,"PaymentReconciliation.processNote",0,*,"",""
"PaymentReconciliation.processNote.text","","","",0,1,"","","","string {[]} {[]}
","Note explanatory text","The explanation or description associated with the processing.","","Required to provide human readable explanation.","","","","","","","",,,,,"",,,,"PaymentReconciliation.processNote.text",0,1,"","","G32"
"PaymentReconciliation.processNote.type","","","",0,1,"","","","code {[]} {[]}
","display | print | printoper","The business purpose of the note text.","","To convey the expectation for when the text is used.","","","","","","","",,"required","The presentation types of notes.","http://hl7.org/fhir/ValueSet/note-type|4.0.1","",,,,"PaymentReconciliation.processNote.type",0,1,"",""
"PaymentReconciliation.request","","","",0,1,"","","","Reference {[]} {[CanonicalType[http://hl7.org/fhir/StructureDefinition/Task]]}
","Reference to requesting resource","Original request resource reference.","","Needed to allow the response to be linked to the request.","","","","","","","",,,,,"",,,,"PaymentReconciliation.request",0,1,"","","FiveWs.why[x]","A02|G01"
"PaymentReconciliation.requestor","","","",1,1,"","","","Reference {[]} {[CanonicalType[http://hl7.org/fhir/StructureDefinition/Practitioner], CanonicalType[http://hl7.org/fhir/StructureDefinition/PractitionerRole], CanonicalType[http://hl7.org/fhir/StructureDefinition/Organization]]}
","Responsible practitioner","The practitioner who is responsible for the services rendered to the patient.","","Need to identify the party responsible for the request.","","","","","","","",,,,,"",,,,"PaymentReconciliation.requestor",1,1,"","","B01"
"PaymentReconciliation.status","","","",1,1,"","Y","Y","code {[]} {[]}
","active | cancelled | draft | entered-in-error","The status of the resource instance.","This element is labeled as a modifier because the status contains codes that mark the resource as not currently valid.","Need to track the status of the resource as 'draft' resources may undergo further edits while 'active' resources are immutable and may only have their status changed to 'cancelled'.","","","","","","","",,"required","A code specifying the state of the resource instance.","http://hl7.org/fhir/ValueSet/fm-status|4.0.1","",,,,"PaymentReconciliation.status",1,1,"","","Event.status","FiveWs.status"
