{"resourceType":"ImplementationGuide","id":"hl7.fhir.in.core","text":{"status":"extensions","div":"<div xmlns=\"http://www.w3.org/1999/xhtml\"><h2>USCore</h2><p>The official URL for this implementation guide is: </p><pre>http://hl7.org/fhir/us/core/ImplementationGuide/hl7.fhir.us.core</pre><div><p>The US Core Implementation Guide is based on FHIR Version R4 and defines the minimum conformance requirements for accessing patient data. The Argonaut pilot implementations, ONC 2015 Edition Common Clinical Data Set (CCDS), and ONC U.S. Core Data for Interoperability (USCDI) v1 provided the requirements for this guide. The prior Argonaut search and vocabulary requirements, based on FHIR DSTU2, are updated in this guide to support FHIR Version R4. This guide was used as the basis for further testing and guidance by the Argonaut Project Team to provide additional content and guidance specific to Data Query Access for purpose of ONC Certification testing. These profiles are the foundation for future US Realm FHIR implementation guides. In addition to Argonaut, they are used by DAF-Research, QI-Core, and CIMI. Under the guidance of HL7 and the HL7 US Realm Steering Committee, the content will expand in future versions to meet the needs specific to the US Realm.\nThese requirements were originally developed, balloted, and published in FHIR DSTU2 as part of the Office of the National Coordinator for Health Information Technology (ONC) sponsored Data Access Framework (DAF) project. For more information on how DAF became US Core see the US Core change notes.</p>\n</div></div>"},"url":"https://fhir-ig-demo/ImplementationGuide/ig","version":"0.0.1","name":"HCX Core","title":"FHIR Implementation Guide for HCX","status":"draft","date":"2021-08-24","publisher":"HL7 International - HCX","contact":[{"name":"HL7 International - HCX","telecom":[{"system":"url","value":"https://www.swasth.app/"}]}],"description":"The US Core Implementation Guide is based on FHIR Version R4 and defines the minimum conformance requirements for accessing patient data. The Argonaut pilot implementations, ONC 2015 Edition Common Clinical Data Set (CCDS), and ONC U.S. Core Data for Interoperability (USCDI) v1 provided the requirements for this guide. The prior Argonaut search and vocabulary requirements, based on FHIR DSTU2, are updated in this guide to support FHIR Version R4. This guide was used as the basis for further testing and guidance by the Argonaut Project Team to provide additional content and guidance specific to Data Query Access for purpose of ONC Certification testing. These profiles are the foundation for future US Realm FHIR implementation guides. In addition to Argonaut, they are used by DAF-Research, QI-Core, and CIMI. Under the guidance of HL7 and the HL7 US Realm Steering Committee, the content will expand in future versions to meet the needs specific to the US Realm.\nThese requirements were originally developed, balloted, and published in FHIR DSTU2 as part of the Office of the National Coordinator for Health Information Technology (ONC) sponsored Data Access Framework (DAF) project. For more information on how DAF became US Core see the US Core change notes.","packageId":"ig","license":"CC0-1.0","fhirVersion":["4.0.1"],"definition":{"extension":[{"extension":[{"url":"code","valueString":"releaselabel"},{"url":"value","valueString":"CI Build"}],"url":"http://hl7.org/fhir/tools/StructureDefinition/ig-parameter"},{"extension":[{"url":"code","valueString":"copyrightyear"},{"url":"value","valueString":"2021+"}],"url":"http://hl7.org/fhir/tools/StructureDefinition/ig-parameter"},{"extension":[{"url":"code","valueString":"logging"},{"url":"value","valueString":"init"}],"url":"http://hl7.org/fhir/tools/StructureDefinition/ig-parameter"},{"extension":[{"url":"code","valueString":"path-liquid"},{"url":"value","valueString":"template/liquid"}],"url":"http://hl7.org/fhir/tools/StructureDefinition/ig-parameter"},{"extension":[{"url":"code","valueString":"path-liquid"},{"url":"value","valueString":"input/liquid"}],"url":"http://hl7.org/fhir/tools/StructureDefinition/ig-parameter"},{"extension":[{"url":"code","valueString":"path-qa"},{"url":"value","valueString":"temp/qa"}],"url":"http://hl7.org/fhir/tools/StructureDefinition/ig-parameter"},{"extension":[{"url":"code","valueString":"path-temp"},{"url":"value","valueString":"temp/pages"}],"url":"http://hl7.org/fhir/tools/StructureDefinition/ig-parameter"},{"extension":[{"url":"code","valueString":"path-output"},{"url":"value","valueString":"output"}],"url":"http://hl7.org/fhir/tools/StructureDefinition/ig-parameter"},{"extension":[{"url":"code","valueString":"path-suppressed-warnings"},{"url":"value","valueString":"input/ignoreWarnings.txt"}],"url":"http://hl7.org/fhir/tools/StructureDefinition/ig-parameter"},{"extension":[{"url":"code","valueString":"path-history"},{"url":"value","valueString":"https://fhir-ig-demo/history.html"}],"url":"http://hl7.org/fhir/tools/StructureDefinition/ig-parameter"},{"extension":[{"url":"code","valueString":"template-html"},{"url":"value","valueString":"template-page.html"}],"url":"http://hl7.org/fhir/tools/StructureDefinition/ig-parameter"},{"extension":[{"url":"code","valueString":"template-md"},{"url":"value","valueString":"template-page-md.html"}],"url":"http://hl7.org/fhir/tools/StructureDefinition/ig-parameter"},{"extension":[{"url":"code","valueString":"apply-contact"},{"url":"value","valueString":"true"}],"url":"http://hl7.org/fhir/tools/StructureDefinition/ig-parameter"},{"extension":[{"url":"code","valueString":"apply-context"},{"url":"value","valueString":"true"}],"url":"http://hl7.org/fhir/tools/StructureDefinition/ig-parameter"},{"extension":[{"url":"code","valueString":"apply-copyright"},{"url":"value","valueString":"true"}],"url":"http://hl7.org/fhir/tools/StructureDefinition/ig-parameter"},{"extension":[{"url":"code","valueString":"apply-jurisdiction"},{"url":"value","valueString":"true"}],"url":"http://hl7.org/fhir/tools/StructureDefinition/ig-parameter"},{"extension":[{"url":"code","valueString":"apply-license"},{"url":"value","valueString":"true"}],"url":"http://hl7.org/fhir/tools/StructureDefinition/ig-parameter"},{"extension":[{"url":"code","valueString":"apply-publisher"},{"url":"value","valueString":"true"}],"url":"http://hl7.org/fhir/tools/StructureDefinition/ig-parameter"},{"extension":[{"url":"code","valueString":"apply-version"},{"url":"value","valueString":"true"}],"url":"http://hl7.org/fhir/tools/StructureDefinition/ig-parameter"},{"extension":[{"url":"code","valueString":"active-tables"},{"url":"value","valueString":"true"}],"url":"http://hl7.org/fhir/tools/StructureDefinition/ig-parameter"}],"grouping":[{"id":"-str-profile","name":"Structures: Resource Profiles","description":"These define constraints on FHIR resources for systems conforming to this implementation guide"},{"id":"-term-valueset","name":"Terminology: Value Sets","description":"These define sets of codes used by systems conforming to this implementation guide"}],"resource":[{"extension":[{"url":"http://hl7.org/fhir/tools/StructureDefinition/Patient","valueString":"SearchParameter"},{"url":"http://hl7.org/fhir/StructureDefinition/implementationguide-page","valueUri":"StructureDefinition-Patient.html"}],"reference":{"reference":"StructureDefinition/Patient"},"name":"HCX Patient","description":"**Search by subject - a patient**  \n**NOTE**: This US Core SearchParameter definition extends the usage context of the\n[Conformance expectation extension](http://hl7.org/fhir/R4/extension-capabilitystatement-expectation.html)\n - multipleAnd\n - multipleOr\n - comparator\n - modifier\n - chain","exampleBoolean":false,"groupingId":"-str-profile"},{"extension":[{"url":"http://hl7.org/fhir/tools/StructureDefinition/CoverageEligibilityResponse","valueString":"SearchParameter"},{"url":"http://hl7.org/fhir/StructureDefinition/implementationguide-page","valueUri":"StructureDefinition-CoverageEligibilityResponse.html"}],"reference":{"reference":"StructureDefinition/CoverageEligibilityResponse"},"name":"HCX CoverageEligibility Response","description":"**Search by subject - a patient**  \n**NOTE**: This US Core SearchParameter definition extends the usage context of the\n[Conformance expectation extension](http://hl7.org/fhir/R4/extension-capabilitystatement-expectation.html)\n - multipleAnd\n - multipleOr\n - comparator\n - modifier\n - chain","exampleBoolean":false,"groupingId":"-str-profile"},{"extension":[{"url":"http://hl7.org/fhir/tools/StructureDefinition/CoverageEligibilityResponseDocument","valueString":"SearchParameter"},{"url":"http://hl7.org/fhir/StructureDefinition/implementationguide-page","valueUri":"StructureDefinition-CoverageEligibilityResponseDocument.html"}],"reference":{"reference":"StructureDefinition/CoverageEligibilityResponseDocument"},"name":"HCX CoverageEligibility Response Document","description":"**Search by subject - a patient**  \n**NOTE**: This US Core SearchParameter definition extends the usage context of the\n[Conformance expectation extension](http://hl7.org/fhir/R4/extension-capabilitystatement-expectation.html)\n - multipleAnd\n - multipleOr\n - comparator\n - modifier\n - chain","exampleBoolean":false,"groupingId":"-str-profile"},{"extension":[{"url":"http://hl7.org/fhir/tools/StructureDefinition/Account","valueString":"SearchParameter"},{"url":"http://hl7.org/fhir/StructureDefinition/implementationguide-page","valueUri":"StructureDefinition-Account.html"}],"reference":{"reference":"StructureDefinition/Account"},"name":"HCX Account","description":"**Search by subject - a patient**  \n**NOTE**: This US Core SearchParameter definition extends the usage context of the\n[Conformance expectation extension](http://hl7.org/fhir/R4/extension-capabilitystatement-expectation.html)\n - multipleAnd\n - multipleOr\n - comparator\n - modifier\n - chain","exampleBoolean":false,"groupingId":"-str-profile"},{"extension":[{"url":"http://hl7.org/fhir/tools/StructureDefinition/ClaimResponseDocument","valueString":"SearchParameter"},{"url":"http://hl7.org/fhir/StructureDefinition/implementationguide-page","valueUri":"StructureDefinition-ClaimResponseDocument.html"}],"reference":{"reference":"StructureDefinition/ClaimResponseDocument"},"name":"HCX Claim Response Document","description":"**Search by subject - a patient**  \n**NOTE**: This US Core SearchParameter definition extends the usage context of the\n[Conformance expectation extension](http://hl7.org/fhir/R4/extension-capabilitystatement-expectation.html)\n - multipleAnd\n - multipleOr\n - comparator\n - modifier\n - chain","exampleBoolean":false,"groupingId":"-str-profile"},{"extension":[{"url":"http://hl7.org/fhir/tools/StructureDefinition/Coverage","valueString":"SearchParameter"},{"url":"http://hl7.org/fhir/StructureDefinition/implementationguide-page","valueUri":"StructureDefinition-Coverage.html"}],"reference":{"reference":"StructureDefinition/Coverage"},"name":"HCX Coverage","description":"**Search by subject - a patient**  \n**NOTE**: This US Core SearchParameter definition extends the usage context of the\n[Conformance expectation extension](http://hl7.org/fhir/R4/extension-capabilitystatement-expectation.html)\n - multipleAnd\n - multipleOr\n - comparator\n - modifier\n - chain","exampleBoolean":false,"groupingId":"-str-profile"},{"extension":[{"url":"http://hl7.org/fhir/tools/StructureDefinition/CoverageEligibilityRequest","valueString":"SearchParameter"},{"url":"http://hl7.org/fhir/StructureDefinition/implementationguide-page","valueUri":"StructureDefinition-CoverageEligibilityRequest.html"}],"reference":{"reference":"StructureDefinition/CoverageEligibilityRequest"},"name":"HCX Coverage Eligibility Request","description":"**Search by subject - a patient**  \n**NOTE**: This US Core SearchParameter definition extends the usage context of the\n[Conformance expectation extension](http://hl7.org/fhir/R4/extension-capabilitystatement-expectation.html)\n - multipleAnd\n - multipleOr\n - comparator\n - modifier\n - chain","exampleBoolean":false,"groupingId":"-str-profile"},{"extension":[{"url":"http://hl7.org/fhir/tools/StructureDefinition/CoverageEligibilityRequestDocument","valueString":"SearchParameter"},{"url":"http://hl7.org/fhir/StructureDefinition/implementationguide-page","valueUri":"StructureDefinition-CoverageEligibilityRequestDocument.html"}],"reference":{"reference":"StructureDefinition/CoverageEligibilityRequestDocument"},"name":"HCX Coverage Eligibility Request Document","description":"**Search by subject - a patient**  \n**NOTE**: This US Core SearchParameter definition extends the usage context of the\n[Conformance expectation extension](http://hl7.org/fhir/R4/extension-capabilitystatement-expectation.html)\n - multipleAnd\n - multipleOr\n - comparator\n - modifier\n - chain","exampleBoolean":false,"groupingId":"-str-profile"},{"extension":[{"url":"http://hl7.org/fhir/tools/StructureDefinition/Organization","valueString":"SearchParameter"},{"url":"http://hl7.org/fhir/StructureDefinition/implementationguide-page","valueUri":"StructureDefinition-Organization.html"}],"reference":{"reference":"StructureDefinition/Organization"},"name":"HCX Organization","description":"**Search by subject - a patient**  \n**NOTE**: This US Core SearchParameter definition extends the usage context of the\n[Conformance expectation extension](http://hl7.org/fhir/R4/extension-capabilitystatement-expectation.html)\n - multipleAnd\n - multipleOr\n - comparator\n - modifier\n - chain","exampleBoolean":false,"groupingId":"-str-profile"},{"extension":[{"url":"http://hl7.org/fhir/tools/StructureDefinition/PaymentNotice","valueString":"SearchParameter"},{"url":"http://hl7.org/fhir/StructureDefinition/implementationguide-page","valueUri":"StructureDefinition-PaymentNotice.html"}],"reference":{"reference":"StructureDefinition/PaymentNotice"},"name":"HCX PaymentNotice","description":"**Search by subject - a patient**  \n**NOTE**: This US Core SearchParameter definition extends the usage context of the\n[Conformance expectation extension](http://hl7.org/fhir/R4/extension-capabilitystatement-expectation.html)\n - multipleAnd\n - multipleOr\n - comparator\n - modifier\n - chain","exampleBoolean":false,"groupingId":"-str-profile"},{"extension":[{"url":"http://hl7.org/fhir/tools/StructureDefinition/Practitioner","valueString":"SearchParameter"},{"url":"http://hl7.org/fhir/StructureDefinition/implementationguide-page","valueUri":"StructureDefinition-Practitioner.html"}],"reference":{"reference":"StructureDefinition/Practitioner"},"name":"HCX Practitioner","description":"**Search by subject - a patient**  \n**NOTE**: This US Core SearchParameter definition extends the usage context of the\n[Conformance expectation extension](http://hl7.org/fhir/R4/extension-capabilitystatement-expectation.html)\n - multipleAnd\n - multipleOr\n - comparator\n - modifier\n - chain","exampleBoolean":false,"groupingId":"-str-profile"},{"extension":[{"url":"http://hl7.org/fhir/tools/StructureDefinition/PractitionerRole","valueString":"SearchParameter"},{"url":"http://hl7.org/fhir/StructureDefinition/implementationguide-page","valueUri":"StructureDefinition-PractitionerRole.html"}],"reference":{"reference":"StructureDefinition/PractitionerRole"},"name":"HCX PractitionerRole","description":"**Search by subject - a patient**  \n**NOTE**: This US Core SearchParameter definition extends the usage context of the\n[Conformance expectation extension](http://hl7.org/fhir/R4/extension-capabilitystatement-expectation.html)\n - multipleAnd\n - multipleOr\n - comparator\n - modifier\n - chain","exampleBoolean":false,"groupingId":"-str-profile"},{"extension":[{"url":"http://hl7.org/fhir/tools/StructureDefinition/PreAuthorizationResponse","valueString":"SearchParameter"},{"url":"http://hl7.org/fhir/StructureDefinition/implementationguide-page","valueUri":"StructureDefinition-PreAuthorizationResponse.html"}],"reference":{"reference":"StructureDefinition/PreAuthorizationResponse"},"name":"HCX PreAuthorizationResponse","description":"**Search by subject - a patient**  \n**NOTE**: This US Core SearchParameter definition extends the usage context of the\n[Conformance expectation extension](http://hl7.org/fhir/R4/extension-capabilitystatement-expectation.html)\n - multipleAnd\n - multipleOr\n - comparator\n - modifier\n - chain","exampleBoolean":false,"groupingId":"-str-profile"},{"extension":[{"url":"http://hl7.org/fhir/tools/StructureDefinition/PaymentReconciliation","valueString":"SearchParameter"},{"url":"http://hl7.org/fhir/StructureDefinition/implementationguide-page","valueUri":"StructureDefinition-PaymentReconciliation.html"}],"reference":{"reference":"StructureDefinition/PaymentReconciliation"},"name":"HCX PaymentReconciliation","description":"**Search by subject - a patient**  \n**NOTE**: This US Core SearchParameter definition extends the usage context of the\n[Conformance expectation extension](http://hl7.org/fhir/R4/extension-capabilitystatement-expectation.html)\n - multipleAnd\n - multipleOr\n - comparator\n - modifier\n - chain","exampleBoolean":false,"groupingId":"-str-profile"},{"extension":[{"url":"http://hl7.org/fhir/tools/ValueSet/claim-denial-codes","valueString":"SearchParameter"},{"url":"http://hl7.org/fhir/StructureDefinition/implementationguide-page","valueUri":"ValueSet-claim-denial-codes.html"}],"reference":{"reference":"ValueSet/claim-denial-codes"},"name":"HCX Claim Denial Codes","description":"**Search by subject - a patient**  \n**NOTE**: This US Core SearchParameter definition extends the usage context of the\n[Conformance expectation extension](http://hl7.org/fhir/R4/extension-capabilitystatement-expectation.html)\n - multipleAnd\n - multipleOr\n - comparator\n - modifier\n - chain","exampleBoolean":false,"groupingId":"-term-valueset"},{"extension":[{"url":"http://hl7.org/fhir/tools/ValueSet/claim-service-categories","valueString":"SearchParameter"},{"url":"http://hl7.org/fhir/StructureDefinition/implementationguide-page","valueUri":"ValueSet-claim-service-categories.html"}],"reference":{"reference":"ValueSet/claim-service-categories"},"name":"HCX Claim Service Categories","description":"**Search by subject - a patient**  \n**NOTE**: This US Core SearchParameter definition extends the usage context of the\n[Conformance expectation extension](http://hl7.org/fhir/R4/extension-capabilitystatement-expectation.html)\n - multipleAnd\n - multipleOr\n - comparator\n - modifier\n - chain","exampleBoolean":false,"groupingId":"-term-valueset"}],"page":{"nameUrl":"toc.html","title":"Table of Contents","generation":"html","page":[{"nameUrl":"background.html","title":"Background","generation":"html"},{"nameUrl":"downloads.html","title":"Downloads","generation":"html"},{"nameUrl":"changes.html","title":"IG Changes","generation":"html"},{"nameUrl":"artifacts.html","title":"Artifacts Summary","generation":"html","page":[{"nameUrl":"StructureDefinition-Patient.html","title":"HCX Patient","generation":"generated"},{"nameUrl":"StructureDefinition-CoverageEligibilityResponse.html","title":"HCX CoverageEligibility Response","generation":"generated"},{"nameUrl":"StructureDefinition-CoverageEligibilityResponseDocument.html","title":"HCX CoverageEligibility Response Document","generation":"generated"},{"nameUrl":"StructureDefinition-Account.html","title":"HCX Account","generation":"generated"},{"nameUrl":"StructureDefinition-ClaimResponseDocument.html","title":"HCX Claim Response Document","generation":"generated"},{"nameUrl":"StructureDefinition-Coverage.html","title":"HCX Coverage","generation":"generated"},{"nameUrl":"StructureDefinition-CoverageEligibilityRequest.html","title":"HCX Coverage Eligibility Request","generation":"generated"},{"nameUrl":"StructureDefinition-CoverageEligibilityRequestDocument.html","title":"HCX Coverage Eligibility Request Document","generation":"generated"},{"nameUrl":"StructureDefinition-Organization.html","title":"HCX Organization","generation":"generated"},{"nameUrl":"StructureDefinition-PaymentNotice.html","title":"HCX PaymentNotice","generation":"generated"},{"nameUrl":"StructureDefinition-Practitioner.html","title":"HCX Practitioner","generation":"generated"},{"nameUrl":"StructureDefinition-PractitionerRole.html","title":"HCX PractitionerRole","generation":"generated"},{"nameUrl":"StructureDefinition-PreAuthorizationResponse.html","title":"HCX PreAuthorizationResponse","generation":"generated"},{"nameUrl":"StructureDefinition-PaymentReconciliation.html","title":"HCX PaymentReconciliation","generation":"generated"},{"nameUrl":"ValueSet-claim-denial-codes.html","title":"HCX Claim Denial Codes","generation":"generated"},{"nameUrl":"ValueSet-claim-service-categories.html","title":"HCX Claim Service Categories","generation":"generated"}]}]},"parameter":[{"code":"path-resource","value":"input/hcx-definations"},{"code":"path-resource","value":"input/capabilities"},{"code":"path-resource","value":"input/examples"},{"code":"path-resource","value":"input/extensions"},{"code":"path-resource","value":"input/models"},{"code":"path-resource","value":"input/operations"},{"code":"path-resource","value":"input/profiles"},{"code":"path-resource","value":"input/resources"},{"code":"path-resource","value":"input/vocabulary"},{"code":"path-resource","value":"input/testing"},{"code":"path-resource","value":"input/history"},{"code":"path-resource","value":"fsh-generated/resources"},{"code":"path-pages","value":"template/config"},{"code":"path-pages","value":"input/images"},{"code":"path-tx-cache","value":"input-cache/txcache"}]}}