<?xml version="1.0" encoding="UTF-8"?><ValueSet xmlns="http://hl7.org/fhir"><id value="health-service-provider-role"/><text><status value="generated"/><div xmlns="http://www.w3.org/1999/xhtml"><p>This value set contains 13 concepts</p><p>All codes in this table are from the system <code>http://hcp.org/codes/health-service-provider</code></p><table class="codes"><tr><td style="white-space:nowrap"><b>Code</b></td><td><b>Display</b></td></tr><tr><td style="white-space:nowrap"><a name="http---hcp.org-codes-health-service-provider-1"> </a>  1</td><td>Primary Care Provider Referring Provider.</td></tr><tr><td style="white-space:nowrap"><a name="http---hcp.org-codes-health-service-provider-2"> </a>  2</td><td>Referring Provider.</td></tr><tr><td style="white-space:nowrap"><a name="http---hcp.org-codes-health-service-provider-3"> </a>  3</td><td>Treating Provider.</td></tr><tr><td style="white-space:nowrap"><a name="http---hcp.org-codes-health-service-provider-4"> </a>  4</td><td>Attending Provider.</td></tr><tr><td style="white-space:nowrap"><a name="http---hcp.org-codes-health-service-provider-5"> </a>  5</td><td>Admitting Provider.</td></tr><tr><td style="white-space:nowrap"><a name="http---hcp.org-codes-health-service-provider-6"> </a>  6</td><td>Consulting Provider.</td></tr><tr><td style="white-space:nowrap"><a name="http---hcp.org-codes-health-service-provider-7"> </a>  7</td><td>Ordering Provider.</td></tr><tr><td style="white-space:nowrap"><a name="http---hcp.org-codes-health-service-provider-8"> </a>  8</td><td>Dispensing Provider.</td></tr><tr><td style="white-space:nowrap"><a name="http---hcp.org-codes-health-service-provider-9"> </a>  9</td><td>Discharge Provider.</td></tr><tr><td style="white-space:nowrap"><a name="http---hcp.org-codes-health-service-provider-10"> </a>  10</td><td>Secondary Care Provider.</td></tr><tr><td style="white-space:nowrap"><a name="http---hcp.org-codes-health-service-provider-11"> </a>  11</td><td>Tertiary Care Provider.</td></tr><tr><td style="white-space:nowrap"><a name="http---hcp.org-codes-health-service-provider-12"> </a>  12</td><td>Transfusion Provider.</td></tr><tr><td style="white-space:nowrap"><a name="http---hcp.org-codes-health-service-provider-13"> </a>  13</td><td>Others.</td></tr></table></div></text><url value="https://fhir-ig-demo/ValueSet/health-service-provider-role"/><version value="0.0.1"/><name value="HealthServiceProviderRoles"/><status value="active"/><date value="2021-09-07"/><publisher value="HL7 International - HCX"/><contact><name value="HL7 International - HCX"/><telecom><system value="url"/><value value="https://www.swasth.app/"/></telecom></contact><description value="This is the value set that includes the codes to identify health service provider"/><expansion><timestamp value="2021-09-07T08:15:30+05:30"/><contains><system value="http://hcp.org/codes/health-service-provider"/><code value="1"/><display value="Primary Care Provider Referring Provider."/></contains><contains><system value="http://hcp.org/codes/health-service-provider"/><code value="2"/><display value="Referring Provider."/></contains><contains><system value="http://hcp.org/codes/health-service-provider"/><code value="3"/><display value="Treating Provider."/></contains><contains><system value="http://hcp.org/codes/health-service-provider"/><code value="4"/><display value="Attending Provider."/></contains><contains><system value="http://hcp.org/codes/health-service-provider"/><code value="5"/><display value="Admitting Provider."/></contains><contains><system value="http://hcp.org/codes/health-service-provider"/><code value="6"/><display value="Consulting Provider."/></contains><contains><system value="http://hcp.org/codes/health-service-provider"/><code value="7"/><display value="Ordering Provider."/></contains><contains><system value="http://hcp.org/codes/health-service-provider"/><code value="8"/><display value="Dispensing Provider."/></contains><contains><system value="http://hcp.org/codes/health-service-provider"/><code value="9"/><display value="Discharge Provider."/></contains><contains><system value="http://hcp.org/codes/health-service-provider"/><code value="10"/><display value="Secondary Care Provider."/></contains><contains><system value="http://hcp.org/codes/health-service-provider"/><code value="11"/><display value="Tertiary Care Provider."/></contains><contains><system value="http://hcp.org/codes/health-service-provider"/><code value="12"/><display value="Transfusion Provider."/></contains><contains><system value="http://hcp.org/codes/health-service-provider"/><code value="13"/><display value="Others."/></contains></expansion></ValueSet>