<?xml version="1.0" encoding="UTF-8"?>

<ValueSet xmlns="http://hl7.org/fhir">
  <id value="medical-speciality-type-provider"/>
  <text>
    <status value="generated"/><div xmlns="http://www.w3.org/1999/xhtml"><p>This value set contains 86 concepts</p><p>All codes in this table are from the system <code>http://hcp.org/codes/medical-specility-type-provider</code></p><table class="codes"><tr><td style="white-space:nowrap"><b>Code</b></td><td><b>Display</b></td></tr><tr><td style="white-space:nowrap"><a name="http---hcp.org-codes-medical-specility-type-provider-general-medicine"> </a>  general_medicine</td><td>General Medicine</td></tr><tr><td style="white-space:nowrap"><a name="http---hcp.org-codes-medical-specility-type-provider-dental-surgery"> </a>  dental_surgery</td><td>Dental surgery</td></tr><tr><td style="white-space:nowrap"><a name="http---hcp.org-codes-medical-specility-type-provider-nursing"> </a>  nursing</td><td>Nursing</td></tr><tr><td style="white-space:nowrap"><a name="http---hcp.org-codes-medical-specility-type-provider-pharmacy"> </a>  pharmacy</td><td>Pharmacy</td></tr><tr><td style="white-space:nowrap"><a name="http---hcp.org-codes-medical-specility-type-provider-nursing-midwifery"> </a>  nursing_midwifery</td><td>Nursing Midwifery</td></tr><tr><td style="white-space:nowrap"><a name="http---hcp.org-codes-medical-specility-type-provider-military-surgeons"> </a>  military_surgeons</td><td>Military surgeons</td></tr><tr><td style="white-space:nowrap"><a name="http---hcp.org-codes-medical-specility-type-provider-cardio-thoracic-and-vascular-surgery"> </a>  cardio_thoracic_and_vascular_surgery</td><td>Cardio Thoracic and Vascular Surgery</td></tr><tr><td style="white-space:nowrap"><a name="http---hcp.org-codes-medical-specility-type-provider-cardiology"> </a>  cardiology</td><td>Cardiology</td></tr><tr><td style="white-space:nowrap"><a name="http---hcp.org-codes-medical-specility-type-provider-allergy"> </a>  allergy</td><td>Allergy</td></tr><tr><td style="white-space:nowrap"><a name="http---hcp.org-codes-medical-specility-type-provider-chest-medicine"> </a>  chest_medicine</td><td>Chest Medicine</td></tr><tr><td style="white-space:nowrap"><a name="http---hcp.org-codes-medical-specility-type-provider-clinical-psychology"> </a>  clinical_psychology</td><td>Clinical Psychology</td></tr><tr><td style="white-space:nowrap"><a name="http---hcp.org-codes-medical-specility-type-provider-cosmetic-dentistry"> </a>  cosmetic_dentistry</td><td>Cosmetic Dentistry</td></tr><tr><td style="white-space:nowrap"><a name="http---hcp.org-codes-medical-specility-type-provider-cosmetic-surgery"> </a>  cosmetic_surgery</td><td>Cosmetic Surgery</td></tr><tr><td style="white-space:nowrap"><a name="http---hcp.org-codes-medical-specility-type-provider-endodontics"> </a>  endodontics</td><td>Endodontics</td></tr><tr><td style="white-space:nowrap"><a name="http---hcp.org-codes-medical-specility-type-provider-ent"> </a>  ent</td><td>ENT</td></tr><tr><td style="white-space:nowrap"><a name="http---hcp.org-codes-medical-specility-type-provider-critical-care"> </a>  critical_care</td><td>Critical Care</td></tr><tr><td style="white-space:nowrap"><a name="http---hcp.org-codes-medical-specility-type-provider-dental-implants-and-cosmetic-dentistry"> </a>  dental_implants_and_cosmetic_dentistry</td><td>Dental Implants &amp; Cosmetic Dentistry</td></tr><tr><td style="white-space:nowrap"><a name="http---hcp.org-codes-medical-specility-type-provider-dermatology-venereology-and-leprology"> </a>  dermatology_venereology_and_leprology</td><td>Dermatology Venereology and Leprology</td></tr><tr><td style="white-space:nowrap"><a name="http---hcp.org-codes-medical-specility-type-provider-dermatology"> </a>  dermatology</td><td>Dermatology</td></tr><tr><td style="white-space:nowrap"><a name="http---hcp.org-codes-medical-specility-type-provider-facial-plastic-surgery"> </a>  facial_plastic_surgery</td><td>Facial Plastic Surgery</td></tr><tr><td style="white-space:nowrap"><a name="http---hcp.org-codes-medical-specility-type-provider-diabetology"> </a>  diabetology</td><td>Diabetology</td></tr><tr><td style="white-space:nowrap"><a name="http---hcp.org-codes-medical-specility-type-provider-endocrinology"> </a>  endocrinology</td><td>Endocrinology</td></tr><tr><td style="white-space:nowrap"><a name="http---hcp.org-codes-medical-specility-type-provider-diet-and-nutrition"> </a>  diet_and_nutrition</td><td>Diet and Nutrition</td></tr><tr><td style="white-space:nowrap"><a name="http---hcp.org-codes-medical-specility-type-provider-diabetology-and-internal-medicine"> </a>  diabetology_and_internal_medicine</td><td>Diabetology &amp; Internal Medicine</td></tr><tr><td style="white-space:nowrap"><a name="http---hcp.org-codes-medical-specility-type-provider-gastrosurgery"> </a>  gastrosurgery</td><td>Gastrosurgery</td></tr><tr><td style="white-space:nowrap"><a name="http---hcp.org-codes-medical-specility-type-provider-gastroenterology"> </a>  gastroenterology</td><td>Gastroenterology</td></tr><tr><td style="white-space:nowrap"><a name="http---hcp.org-codes-medical-specility-type-provider-general-surgery"> </a>  general_surgery</td><td>General Surgery</td></tr><tr><td style="white-space:nowrap"><a name="http---hcp.org-codes-medical-specility-type-provider-general-surgery-and-laparoscopic-surgery"> </a>  general_surgery_and_laparoscopic_surgery</td><td>General Surgery &amp; Laparoscopic Surgery</td></tr><tr><td style="white-space:nowrap"><a name="http---hcp.org-codes-medical-specility-type-provider-gynecology-and-ultrasonology"> </a>  gynecology_and_ultrasonology</td><td>Gynecology &amp; Ultrasonology</td></tr><tr><td style="white-space:nowrap"><a name="http---hcp.org-codes-medical-specility-type-provider-head-and-neck-surgery"> </a>  head_and_neck_surgery</td><td>Head &amp; Neck Surgery</td></tr><tr><td style="white-space:nowrap"><a name="http---hcp.org-codes-medical-specility-type-provider-head-and-neck-surgical-oncology"> </a>  head_and_neck_surgical_oncology</td><td>Head &amp; Neck Surgical Oncology</td></tr><tr><td style="white-space:nowrap"><a name="http---hcp.org-codes-medical-specility-type-provider-hepato-pancreato-biliary-surgery"> </a>  hepato_pancreato_biliary_surgery</td><td>Hepato Pancreato Biliary Surgery</td></tr><tr><td style="white-space:nowrap"><a name="http---hcp.org-codes-medical-specility-type-provider-infectious-disease-medicine"> </a>  infectious_disease_medicine</td><td>Infectious Disease medicine</td></tr><tr><td style="white-space:nowrap"><a name="http---hcp.org-codes-medical-specility-type-provider-internal-medicine"> </a>  internal_medicine</td><td>Internal Medicine</td></tr><tr><td style="white-space:nowrap"><a name="http---hcp.org-codes-medical-specility-type-provider-neuro-surgery"> </a>  neuro_surgery</td><td>Neuro Surgery</td></tr><tr><td style="white-space:nowrap"><a name="http---hcp.org-codes-medical-specility-type-provider-resident-physicians"> </a>  resident_physicians</td><td>Resident Physicians</td></tr><tr><td style="white-space:nowrap"><a name="http---hcp.org-codes-medical-specility-type-provider-respiratory-allergy-and-sleep-medicine"> </a>  respiratory_allergy_and_sleep_medicine</td><td>Respiratory Allergy And Sleep Medicine</td></tr><tr><td style="white-space:nowrap"><a name="http---hcp.org-codes-medical-specility-type-provider-rheumatology"> </a>  rheumatology</td><td>Rheumatology</td></tr><tr><td style="white-space:nowrap"><a name="http---hcp.org-codes-medical-specility-type-provider-sexual-medicine"> </a>  sexual_medicine</td><td>Sexual Medicine</td></tr><tr><td style="white-space:nowrap"><a name="http---hcp.org-codes-medical-specility-type-provider-spine-surgery"> </a>  spine_surgery</td><td>Spine Surgery</td></tr><tr><td style="white-space:nowrap"><a name="http---hcp.org-codes-medical-specility-type-provider-sports-medicine"> </a>  sports_medicine</td><td>Sports Medicine</td></tr><tr><td style="white-space:nowrap"><a name="http---hcp.org-codes-medical-specility-type-provider-surgical-gastroenterology"> </a>  surgical_gastroenterology</td><td>Surgical Gastroenterology</td></tr><tr><td style="white-space:nowrap"><a name="http---hcp.org-codes-medical-specility-type-provider-surgical-oncology"> </a>  surgical_oncology</td><td>Surgical Oncology</td></tr><tr><td style="white-space:nowrap"><a name="http---hcp.org-codes-medical-specility-type-provider-urology"> </a>  urology</td><td>Urology</td></tr><tr><td style="white-space:nowrap"><a name="http---hcp.org-codes-medical-specility-type-provider-physiotherapy"> </a>  physiotherapy</td><td>Physiotherapy</td></tr><tr><td style="white-space:nowrap"><a name="http---hcp.org-codes-medical-specility-type-provider-physiotherapy-and-rehabilitation"> </a>  physiotherapy_and_rehabilitation</td><td>Physiotherapy &amp; Rehabilitation</td></tr><tr><td style="white-space:nowrap"><a name="http---hcp.org-codes-medical-specility-type-provider-plastic-and-cosmetic-surgery"> </a>  plastic_and_cosmetic_surgery</td><td>Plastic and Cosmetic Surgery</td></tr><tr><td style="white-space:nowrap"><a name="http---hcp.org-codes-medical-specility-type-provider-plastic-surgery"> </a>  plastic_surgery</td><td>Plastic Surgery</td></tr><tr><td style="white-space:nowrap"><a name="http---hcp.org-codes-medical-specility-type-provider-podiatry"> </a>  podiatry</td><td>Podiatry</td></tr><tr><td style="white-space:nowrap"><a name="http---hcp.org-codes-medical-specility-type-provider-prosthodontics-and-implants"> </a>  prosthodontics_and_implants</td><td>Prosthodontics &amp; Implants</td></tr><tr><td style="white-space:nowrap"><a name="http---hcp.org-codes-medical-specility-type-provider-psychiatry"> </a>  psychiatry</td><td>Psychiatry</td></tr><tr><td style="white-space:nowrap"><a name="http---hcp.org-codes-medical-specility-type-provider-pulmonology"> </a>  pulmonology</td><td>Pulmonology</td></tr><tr><td style="white-space:nowrap"><a name="http---hcp.org-codes-medical-specility-type-provider-radiation-oncology"> </a>  radiation_oncology</td><td>Radiation Oncology</td></tr><tr><td style="white-space:nowrap"><a name="http---hcp.org-codes-medical-specility-type-provider-radiology"> </a>  radiology</td><td>Radiology</td></tr><tr><td style="white-space:nowrap"><a name="http---hcp.org-codes-medical-specility-type-provider-laparoscopic-and-robotic-surgery"> </a>  laparoscopic_and_robotic_surgery</td><td>Laparoscopic and Robotic Surgery</td></tr><tr><td style="white-space:nowrap"><a name="http---hcp.org-codes-medical-specility-type-provider-medical-gastroenterology"> </a>  medical_gastroenterology</td><td>Medical Gastroenterology</td></tr><tr><td style="white-space:nowrap"><a name="http---hcp.org-codes-medical-specility-type-provider-medical-oncology"> </a>  medical_oncology</td><td>Medical Oncology</td></tr><tr><td style="white-space:nowrap"><a name="http---hcp.org-codes-medical-specility-type-provider-nephrology"> </a>  nephrology</td><td>Nephrology</td></tr><tr><td style="white-space:nowrap"><a name="http---hcp.org-codes-medical-specility-type-provider-neurology"> </a>  neurology</td><td>Neurology</td></tr><tr><td style="white-space:nowrap"><a name="http---hcp.org-codes-medical-specility-type-provider-neurology-and-neuro-surgery"> </a>  neurology_and_neuro_surgery</td><td>Neurology &amp; Neuro Surgery</td></tr><tr><td style="white-space:nowrap"><a name="http---hcp.org-codes-medical-specility-type-provider-neuropsychiatry"> </a>  neuropsychiatry</td><td>Neuropsychiatry</td></tr><tr><td style="white-space:nowrap"><a name="http---hcp.org-codes-medical-specility-type-provider-obstetrics-and-gynecology"> </a>  obstetrics_and_gynecology</td><td>Obstetrics &amp; Gynecology</td></tr><tr><td style="white-space:nowrap"><a name="http---hcp.org-codes-medical-specility-type-provider-oncology"> </a>  oncology</td><td>Oncology</td></tr><tr><td style="white-space:nowrap"><a name="http---hcp.org-codes-medical-specility-type-provider-ophthalmology"> </a>  ophthalmology</td><td>Ophthalmology</td></tr><tr><td style="white-space:nowrap"><a name="http---hcp.org-codes-medical-specility-type-provider-oral-and-maxillofacial-surgery"> </a>  oral_and_maxillofacial_surgery</td><td>Oral &amp; Maxillofacial Surgery</td></tr><tr><td style="white-space:nowrap"><a name="http---hcp.org-codes-medical-specility-type-provider-ortho-dontia"> </a>  ortho_dontia</td><td>Ortho Dontia</td></tr><tr><td style="white-space:nowrap"><a name="http---hcp.org-codes-medical-specility-type-provider-orthopedic-surgeon"> </a>  orthopedic_surgeon</td><td>Orthopedic Surgeon</td></tr><tr><td style="white-space:nowrap"><a name="http---hcp.org-codes-medical-specility-type-provider-orthopedics"> </a>  orthopedics</td><td>Orthopedics</td></tr><tr><td style="white-space:nowrap"><a name="http---hcp.org-codes-medical-specility-type-provider-orthopedics-and-sports-medicine"> </a>  orthopedics_and_sports_medicine</td><td>Orthopedics &amp; Sports Medicine</td></tr><tr><td style="white-space:nowrap"><a name="http---hcp.org-codes-medical-specility-type-provider-orthopedics-and-spine-surgery"> </a>  orthopedics_and_spine_surgery</td><td>Orthopedics And Spine Surgery</td></tr><tr><td style="white-space:nowrap"><a name="http---hcp.org-codes-medical-specility-type-provider-orthopedics-and-upper-limb-surgery"> </a>  orthopedics_and_upper_limb_surgery</td><td>Orthopedics And Upper Limb Surgery</td></tr><tr><td style="white-space:nowrap"><a name="http---hcp.org-codes-medical-specility-type-provider-pediatric-endocrinology"> </a>  pediatric_endocrinology</td><td>Pediatric Endocrinology</td></tr><tr><td style="white-space:nowrap"><a name="http---hcp.org-codes-medical-specility-type-provider-pediatric-ophthalmology-and-squint"> </a>  pediatric_ophthalmology_and_squint</td><td>Pediatric Ophthalmology And Squint</td></tr><tr><td style="white-space:nowrap"><a name="http---hcp.org-codes-medical-specility-type-provider-paediatrics"> </a>  paediatrics</td><td>Paediatrics</td></tr><tr><td style="white-space:nowrap"><a name="http---hcp.org-codes-medical-specility-type-provider-paediatrics-and-neonatology"> </a>  paediatrics_and_neonatology</td><td>Paediatrics &amp; Neonatology</td></tr><tr><td style="white-space:nowrap"><a name="http---hcp.org-codes-medical-specility-type-provider-paediatrics-nephrology"> </a>  paediatrics_nephrology</td><td>Paediatrics - Nephrology</td></tr><tr><td style="white-space:nowrap"><a name="http---hcp.org-codes-medical-specility-type-provider-paediatrics-neurology"> </a>  paediatrics_neurology</td><td>Paediatrics - Neurology</td></tr><tr><td style="white-space:nowrap"><a name="http---hcp.org-codes-medical-specility-type-provider-paediatrics-surgery"> </a>  paediatrics_surgery</td><td>Paediatrics - Surgery</td></tr><tr><td style="white-space:nowrap"><a name="http---hcp.org-codes-medical-specility-type-provider-pathology"> </a>  pathology</td><td>Pathology</td></tr><tr><td style="white-space:nowrap"><a name="http---hcp.org-codes-medical-specility-type-provider-peadodontology-child-dentistry"> </a>  peadodontology_child_dentistry</td><td>Peadodontology (Child Dentistry)</td></tr><tr><td style="white-space:nowrap"><a name="http---hcp.org-codes-medical-specility-type-provider-pediatric-pulmonology"> </a>  pediatric_pulmonology</td><td>Pediatric Pulmonology</td></tr><tr><td style="white-space:nowrap"><a name="http---hcp.org-codes-medical-specility-type-provider-periodontia"> </a>  periodontia</td><td>Periodontia</td></tr><tr><td style="white-space:nowrap"><a name="http---hcp.org-codes-medical-specility-type-provider-periodontology-and-implantology"> </a>  periodontology_and_implantology</td><td>Periodontology and Implantology</td></tr><tr><td style="white-space:nowrap"><a name="http---hcp.org-codes-medical-specility-type-provider-peripheral-vascular-surgery"> </a>  peripheral_vascular_surgery</td><td>Peripheral Vascular Surgery</td></tr><tr><td style="white-space:nowrap"><a name="http---hcp.org-codes-medical-specility-type-provider-physical-medicine-and-rehabilitation"> </a>  physical_medicine_and_rehabilitation</td><td>Physical Medicine &amp; Rehabilitation</td></tr><tr><td style="white-space:nowrap"><a name="http---hcp.org-codes-medical-specility-type-provider-physician-and-diabetology"> </a>  physician_and_diabetology</td><td>Physician &amp; Diabetology</td></tr></table></div>
  </text>
  <url value="https://hcxprotocol.io/fhir/r4/ValueSet/medical-speciality-type-provider"/>
  <version value="0.7.0"/>
  <name value="MedicalSpecialityTypeProvider"/>
  <status value="active"/>
  <date value="2021-09-07"/>
  <publisher value="HCX Open Community"/>
  <contact>
    <name value="HCX Open Community"/>
    <telecom>
      <system value="url"/>
      <value value="http://hcxprotocol.io/"/>
    </telecom>
  </contact>
  <description value="This is the value set that includes the codes to identify the medical specialty provider"/>
  <expansion>
    <timestamp value="2021-09-07T08:15:30+05:30"/>
    <contains>
      <system value="http://hcp.org/codes/medical-specility-type-provider"/>
      <code value="general_medicine"/>
      <display value="General Medicine"/>
    </contains>
    <contains>
      <system value="http://hcp.org/codes/medical-specility-type-provider"/>
      <code value="dental_surgery"/>
      <display value="Dental surgery"/>
    </contains>
    <contains>
      <system value="http://hcp.org/codes/medical-specility-type-provider"/>
      <code value="nursing"/>
      <display value="Nursing"/>
    </contains>
    <contains>
      <system value="http://hcp.org/codes/medical-specility-type-provider"/>
      <code value="pharmacy"/>
      <display value="Pharmacy"/>
    </contains>
    <contains>
      <system value="http://hcp.org/codes/medical-specility-type-provider"/>
      <code value="nursing_midwifery"/>
      <display value="Nursing Midwifery"/>
    </contains>
    <contains>
      <system value="http://hcp.org/codes/medical-specility-type-provider"/>
      <code value="military_surgeons"/>
      <display value="Military surgeons"/>
    </contains>
    <contains>
      <system value="http://hcp.org/codes/medical-specility-type-provider"/>
      <code value="cardio_thoracic_and_vascular_surgery"/>
      <display value="Cardio Thoracic and Vascular Surgery"/>
    </contains>
    <contains>
      <system value="http://hcp.org/codes/medical-specility-type-provider"/>
      <code value="cardiology"/>
      <display value="Cardiology"/>
    </contains>
    <contains>
      <system value="http://hcp.org/codes/medical-specility-type-provider"/>
      <code value="allergy"/>
      <display value="Allergy"/>
    </contains>
    <contains>
      <system value="http://hcp.org/codes/medical-specility-type-provider"/>
      <code value="chest_medicine"/>
      <display value="Chest Medicine"/>
    </contains>
    <contains>
      <system value="http://hcp.org/codes/medical-specility-type-provider"/>
      <code value="clinical_psychology"/>
      <display value="Clinical Psychology"/>
    </contains>
    <contains>
      <system value="http://hcp.org/codes/medical-specility-type-provider"/>
      <code value="cosmetic_dentistry"/>
      <display value="Cosmetic Dentistry"/>
    </contains>
    <contains>
      <system value="http://hcp.org/codes/medical-specility-type-provider"/>
      <code value="cosmetic_surgery"/>
      <display value="Cosmetic Surgery"/>
    </contains>
    <contains>
      <system value="http://hcp.org/codes/medical-specility-type-provider"/>
      <code value="endodontics"/>
      <display value="Endodontics"/>
    </contains>
    <contains>
      <system value="http://hcp.org/codes/medical-specility-type-provider"/>
      <code value="ent"/>
      <display value="ENT"/>
    </contains>
    <contains>
      <system value="http://hcp.org/codes/medical-specility-type-provider"/>
      <code value="critical_care"/>
      <display value="Critical Care"/>
    </contains>
    <contains>
      <system value="http://hcp.org/codes/medical-specility-type-provider"/>
      <code value="dental_implants_and_cosmetic_dentistry"/>
      <display value="Dental Implants &amp; Cosmetic Dentistry"/>
    </contains>
    <contains>
      <system value="http://hcp.org/codes/medical-specility-type-provider"/>
      <code value="dermatology_venereology_and_leprology"/>
      <display value="Dermatology Venereology and Leprology"/>
    </contains>
    <contains>
      <system value="http://hcp.org/codes/medical-specility-type-provider"/>
      <code value="dermatology"/>
      <display value="Dermatology"/>
    </contains>
    <contains>
      <system value="http://hcp.org/codes/medical-specility-type-provider"/>
      <code value="facial_plastic_surgery"/>
      <display value="Facial Plastic Surgery"/>
    </contains>
    <contains>
      <system value="http://hcp.org/codes/medical-specility-type-provider"/>
      <code value="diabetology"/>
      <display value="Diabetology"/>
    </contains>
    <contains>
      <system value="http://hcp.org/codes/medical-specility-type-provider"/>
      <code value="endocrinology"/>
      <display value="Endocrinology"/>
    </contains>
    <contains>
      <system value="http://hcp.org/codes/medical-specility-type-provider"/>
      <code value="diet_and_nutrition"/>
      <display value="Diet and Nutrition"/>
    </contains>
    <contains>
      <system value="http://hcp.org/codes/medical-specility-type-provider"/>
      <code value="diabetology_and_internal_medicine"/>
      <display value="Diabetology &amp; Internal Medicine"/>
    </contains>
    <contains>
      <system value="http://hcp.org/codes/medical-specility-type-provider"/>
      <code value="gastrosurgery"/>
      <display value="Gastrosurgery"/>
    </contains>
    <contains>
      <system value="http://hcp.org/codes/medical-specility-type-provider"/>
      <code value="gastroenterology"/>
      <display value="Gastroenterology"/>
    </contains>
    <contains>
      <system value="http://hcp.org/codes/medical-specility-type-provider"/>
      <code value="general_surgery"/>
      <display value="General Surgery"/>
    </contains>
    <contains>
      <system value="http://hcp.org/codes/medical-specility-type-provider"/>
      <code value="general_surgery_and_laparoscopic_surgery"/>
      <display value="General Surgery &amp; Laparoscopic Surgery"/>
    </contains>
    <contains>
      <system value="http://hcp.org/codes/medical-specility-type-provider"/>
      <code value="gynecology_and_ultrasonology"/>
      <display value="Gynecology &amp; Ultrasonology"/>
    </contains>
    <contains>
      <system value="http://hcp.org/codes/medical-specility-type-provider"/>
      <code value="head_and_neck_surgery"/>
      <display value="Head &amp; Neck Surgery"/>
    </contains>
    <contains>
      <system value="http://hcp.org/codes/medical-specility-type-provider"/>
      <code value="head_and_neck_surgical_oncology"/>
      <display value="Head &amp; Neck Surgical Oncology"/>
    </contains>
    <contains>
      <system value="http://hcp.org/codes/medical-specility-type-provider"/>
      <code value="hepato_pancreato_biliary_surgery"/>
      <display value="Hepato Pancreato Biliary Surgery"/>
    </contains>
    <contains>
      <system value="http://hcp.org/codes/medical-specility-type-provider"/>
      <code value="infectious_disease_medicine"/>
      <display value="Infectious Disease medicine"/>
    </contains>
    <contains>
      <system value="http://hcp.org/codes/medical-specility-type-provider"/>
      <code value="internal_medicine"/>
      <display value="Internal Medicine"/>
    </contains>
    <contains>
      <system value="http://hcp.org/codes/medical-specility-type-provider"/>
      <code value="neuro_surgery"/>
      <display value="Neuro Surgery"/>
    </contains>
    <contains>
      <system value="http://hcp.org/codes/medical-specility-type-provider"/>
      <code value="resident_physicians"/>
      <display value="Resident Physicians"/>
    </contains>
    <contains>
      <system value="http://hcp.org/codes/medical-specility-type-provider"/>
      <code value="respiratory_allergy_and_sleep_medicine"/>
      <display value="Respiratory Allergy And Sleep Medicine"/>
    </contains>
    <contains>
      <system value="http://hcp.org/codes/medical-specility-type-provider"/>
      <code value="rheumatology"/>
      <display value="Rheumatology"/>
    </contains>
    <contains>
      <system value="http://hcp.org/codes/medical-specility-type-provider"/>
      <code value="sexual_medicine"/>
      <display value="Sexual Medicine"/>
    </contains>
    <contains>
      <system value="http://hcp.org/codes/medical-specility-type-provider"/>
      <code value="spine_surgery"/>
      <display value="Spine Surgery"/>
    </contains>
    <contains>
      <system value="http://hcp.org/codes/medical-specility-type-provider"/>
      <code value="sports_medicine"/>
      <display value="Sports Medicine"/>
    </contains>
    <contains>
      <system value="http://hcp.org/codes/medical-specility-type-provider"/>
      <code value="surgical_gastroenterology"/>
      <display value="Surgical Gastroenterology"/>
    </contains>
    <contains>
      <system value="http://hcp.org/codes/medical-specility-type-provider"/>
      <code value="surgical_oncology"/>
      <display value="Surgical Oncology"/>
    </contains>
    <contains>
      <system value="http://hcp.org/codes/medical-specility-type-provider"/>
      <code value="urology"/>
      <display value="Urology"/>
    </contains>
    <contains>
      <system value="http://hcp.org/codes/medical-specility-type-provider"/>
      <code value="physiotherapy"/>
      <display value="Physiotherapy"/>
    </contains>
    <contains>
      <system value="http://hcp.org/codes/medical-specility-type-provider"/>
      <code value="physiotherapy_and_rehabilitation"/>
      <display value="Physiotherapy &amp; Rehabilitation"/>
    </contains>
    <contains>
      <system value="http://hcp.org/codes/medical-specility-type-provider"/>
      <code value="plastic_and_cosmetic_surgery"/>
      <display value="Plastic and Cosmetic Surgery"/>
    </contains>
    <contains>
      <system value="http://hcp.org/codes/medical-specility-type-provider"/>
      <code value="plastic_surgery"/>
      <display value="Plastic Surgery"/>
    </contains>
    <contains>
      <system value="http://hcp.org/codes/medical-specility-type-provider"/>
      <code value="podiatry"/>
      <display value="Podiatry"/>
    </contains>
    <contains>
      <system value="http://hcp.org/codes/medical-specility-type-provider"/>
      <code value="prosthodontics_and_implants"/>
      <display value="Prosthodontics &amp; Implants"/>
    </contains>
    <contains>
      <system value="http://hcp.org/codes/medical-specility-type-provider"/>
      <code value="psychiatry"/>
      <display value="Psychiatry"/>
    </contains>
    <contains>
      <system value="http://hcp.org/codes/medical-specility-type-provider"/>
      <code value="pulmonology"/>
      <display value="Pulmonology"/>
    </contains>
    <contains>
      <system value="http://hcp.org/codes/medical-specility-type-provider"/>
      <code value="radiation_oncology"/>
      <display value="Radiation Oncology"/>
    </contains>
    <contains>
      <system value="http://hcp.org/codes/medical-specility-type-provider"/>
      <code value="radiology"/>
      <display value="Radiology"/>
    </contains>
    <contains>
      <system value="http://hcp.org/codes/medical-specility-type-provider"/>
      <code value="laparoscopic_and_robotic_surgery"/>
      <display value="Laparoscopic and Robotic Surgery"/>
    </contains>
    <contains>
      <system value="http://hcp.org/codes/medical-specility-type-provider"/>
      <code value="medical_gastroenterology"/>
      <display value="Medical Gastroenterology"/>
    </contains>
    <contains>
      <system value="http://hcp.org/codes/medical-specility-type-provider"/>
      <code value="medical_oncology"/>
      <display value="Medical Oncology"/>
    </contains>
    <contains>
      <system value="http://hcp.org/codes/medical-specility-type-provider"/>
      <code value="nephrology"/>
      <display value="Nephrology"/>
    </contains>
    <contains>
      <system value="http://hcp.org/codes/medical-specility-type-provider"/>
      <code value="neurology"/>
      <display value="Neurology"/>
    </contains>
    <contains>
      <system value="http://hcp.org/codes/medical-specility-type-provider"/>
      <code value="neurology_and_neuro_surgery"/>
      <display value="Neurology &amp; Neuro Surgery"/>
    </contains>
    <contains>
      <system value="http://hcp.org/codes/medical-specility-type-provider"/>
      <code value="neuropsychiatry"/>
      <display value="Neuropsychiatry"/>
    </contains>
    <contains>
      <system value="http://hcp.org/codes/medical-specility-type-provider"/>
      <code value="obstetrics_and_gynecology"/>
      <display value="Obstetrics &amp; Gynecology"/>
    </contains>
    <contains>
      <system value="http://hcp.org/codes/medical-specility-type-provider"/>
      <code value="oncology"/>
      <display value="Oncology"/>
    </contains>
    <contains>
      <system value="http://hcp.org/codes/medical-specility-type-provider"/>
      <code value="ophthalmology"/>
      <display value="Ophthalmology"/>
    </contains>
    <contains>
      <system value="http://hcp.org/codes/medical-specility-type-provider"/>
      <code value="oral_and_maxillofacial_surgery"/>
      <display value="Oral &amp; Maxillofacial Surgery"/>
    </contains>
    <contains>
      <system value="http://hcp.org/codes/medical-specility-type-provider"/>
      <code value="ortho_dontia"/>
      <display value="Ortho Dontia"/>
    </contains>
    <contains>
      <system value="http://hcp.org/codes/medical-specility-type-provider"/>
      <code value="orthopedic_surgeon"/>
      <display value="Orthopedic Surgeon"/>
    </contains>
    <contains>
      <system value="http://hcp.org/codes/medical-specility-type-provider"/>
      <code value="orthopedics"/>
      <display value="Orthopedics"/>
    </contains>
    <contains>
      <system value="http://hcp.org/codes/medical-specility-type-provider"/>
      <code value="orthopedics_and_sports_medicine"/>
      <display value="Orthopedics &amp; Sports Medicine"/>
    </contains>
    <contains>
      <system value="http://hcp.org/codes/medical-specility-type-provider"/>
      <code value="orthopedics_and_spine_surgery"/>
      <display value="Orthopedics And Spine Surgery"/>
    </contains>
    <contains>
      <system value="http://hcp.org/codes/medical-specility-type-provider"/>
      <code value="orthopedics_and_upper_limb_surgery"/>
      <display value="Orthopedics And Upper Limb Surgery"/>
    </contains>
    <contains>
      <system value="http://hcp.org/codes/medical-specility-type-provider"/>
      <code value="pediatric_endocrinology"/>
      <display value="Pediatric Endocrinology"/>
    </contains>
    <contains>
      <system value="http://hcp.org/codes/medical-specility-type-provider"/>
      <code value="pediatric_ophthalmology_and_squint"/>
      <display value="Pediatric Ophthalmology And Squint"/>
    </contains>
    <contains>
      <system value="http://hcp.org/codes/medical-specility-type-provider"/>
      <code value="paediatrics"/>
      <display value="Paediatrics"/>
    </contains>
    <contains>
      <system value="http://hcp.org/codes/medical-specility-type-provider"/>
      <code value="paediatrics_and_neonatology"/>
      <display value="Paediatrics &amp; Neonatology"/>
    </contains>
    <contains>
      <system value="http://hcp.org/codes/medical-specility-type-provider"/>
      <code value="paediatrics_nephrology"/>
      <display value="Paediatrics - Nephrology"/>
    </contains>
    <contains>
      <system value="http://hcp.org/codes/medical-specility-type-provider"/>
      <code value="paediatrics_neurology"/>
      <display value="Paediatrics - Neurology"/>
    </contains>
    <contains>
      <system value="http://hcp.org/codes/medical-specility-type-provider"/>
      <code value="paediatrics_surgery"/>
      <display value="Paediatrics - Surgery"/>
    </contains>
    <contains>
      <system value="http://hcp.org/codes/medical-specility-type-provider"/>
      <code value="pathology"/>
      <display value="Pathology"/>
    </contains>
    <contains>
      <system value="http://hcp.org/codes/medical-specility-type-provider"/>
      <code value="peadodontology_child_dentistry"/>
      <display value="Peadodontology (Child Dentistry)"/>
    </contains>
    <contains>
      <system value="http://hcp.org/codes/medical-specility-type-provider"/>
      <code value="pediatric_pulmonology"/>
      <display value="Pediatric Pulmonology"/>
    </contains>
    <contains>
      <system value="http://hcp.org/codes/medical-specility-type-provider"/>
      <code value="periodontia"/>
      <display value="Periodontia"/>
    </contains>
    <contains>
      <system value="http://hcp.org/codes/medical-specility-type-provider"/>
      <code value="periodontology_and_implantology"/>
      <display value="Periodontology and Implantology"/>
    </contains>
    <contains>
      <system value="http://hcp.org/codes/medical-specility-type-provider"/>
      <code value="peripheral_vascular_surgery"/>
      <display value="Peripheral Vascular Surgery"/>
    </contains>
    <contains>
      <system value="http://hcp.org/codes/medical-specility-type-provider"/>
      <code value="physical_medicine_and_rehabilitation"/>
      <display value="Physical Medicine &amp; Rehabilitation"/>
    </contains>
    <contains>
      <system value="http://hcp.org/codes/medical-specility-type-provider"/>
      <code value="physician_and_diabetology"/>
      <display value="Physician &amp; Diabetology"/>
    </contains>
  </expansion>
</ValueSet>